WKT,id,centroid,modes
"POINT (12.4346440071887 41.8202333301257)",42374,1,"c,h"
"POINT (12.4367302103189 41.8034871590022)",42574,1,"c,h"
"POINT (12.4367792122398 41.8034711590375)",43131,1,"c,h"
"POINT (12.4471826141763 41.8008511748478)",45938,1,"c,h"
"POINT (12.4475536276169 41.8008761766825)",46751,1,"c,h"
"POINT (12.4503127348286 41.8000991799851)",47386,1,"c,h"
"POINT (12.4502887347006 41.7999991788101)",47681,1,"c,h"
"POINT (12.4745436428297 41.7977232565923)",56061,1,"c,h"
"POINT (12.4853590426657 41.7973872984758)",59899,1,"c,h"
"POINT (12.4836799382173 41.8030823525729)",60232,1,"c,h"
"POINT (12.484713870751 41.8171215077903)",60292,1,"c,h"
"POINT (12.4719302016572 41.8435897388498)",1001201,1,"c,h"
"POINT (12.466185068174 41.8332686035029)",1001202,1,"c,h"
"POINT (12.4733413388647 41.832259622789)",1001203,1,"c,h"
"POINT (12.4725943768693 41.8235625260621)",1001204,1,"c,h"
"POINT (12.4633790220502 41.8256995102256)",1001205,1,"c,h"
"POINT (12.4582267629987 41.8349395879365)",1001206,1,"c,h"
"POINT (12.4640739448632 41.8393316598821)",1001207,1,"c,h"
"POINT (12.4684181140639 41.8380746646549)",1001208,1,"c,h"
"POINT (12.455683820801 41.814875361382)",1001211,1,"c,h"
"POINT (12.4268798106433 41.8084911710913)",1001212,1,"c,h"
"POINT (12.4473244311363 41.8258064436426)",1001213,1,"c,h"
"POINT (12.4469725361971 41.8101682740339)",1001214,1,"c,h"
"POINT (12.4760356043632 41.8101323961574)",1001216,1,"c,h"
"POINT (12.4730594365603 41.8179014671394)",1001217,1,"c,h"
"POINT (12.4677033372679 41.8049393052829)",1001218,1,"c,h"
"POINT (12.4781204475026 41.8411707388578)",1001239,1,"c,h"
"POINT (12.4623208634022 41.8415866767768)",1001240,1,"c,h"
"POINT (12.4803146399474 41.8263145881638)",1001241,1,"c,h"
"POINT (12.4390522102094 41.8148012903657)",1001242,1,"c,h"
"POINT (12.4381881380454 41.8201523442375)",1001243,1,"c,h"
"POINT (12.4537848147535 41.8064192625078)",1001244,1,"c,h"
"POINT (12.4496576150057 41.8128003136519)",1001253,1,"c,h"
"POINT (12.4361431314942 41.8110702379756)",1001254,1,"c,h"
"POINT (12.4420092997477 41.8173343300879)",1001255,1,"c,h"
"POINT (12.4429334252391 41.805205203662)",1001256,1,"c,h"
"POINT (12.4460124522582 41.8166183392994)",1001261,1,"c,h"
"POINT (12.4408633192346 41.8091742375522)",1001262,1,"c,h"
"POINT (12.4509975911692 41.8224894234723)",1001266,1,"c,h"
"POINT (12.4499627040087 41.8024822040958)",1001267,1,"c,h"
"POINT (12.4815156891582 41.8256415859759)",10061628,1,"c,h"
"POINT (12.4155823990507 41.8080351183606)",37633,0,"c,h"
"POINT (12.4175464714924 41.8079971262724)",37638,0,"c,h"
"POINT (12.4177894787703 41.8082151296433)",37639,0,"c,h"
"POINT (12.417365466394 41.8077921233038)",38248,0,"c,h"
"POINT (12.4177014772852 41.8079841267893)",38653,0,"c,h"
"POINT (12.418007490729 41.8076931249597)",38664,0,"c,h"
"POINT (12.4184815067886 41.80787212889)",38692,0,"c,h"
"POINT (12.4186325105582 41.8081071320538)",38701,0,"c,h"
"POINT (12.4204355998379 41.8050611069741)",38781,0,"c,h"
"POINT (12.4181925255407 41.8039900859744)",38792,0,"c,h"
"POINT (12.4194055687694 41.8041660930013)",38793,0,"c,h"
"POINT (12.4182305249244 41.8042560889917)",38858,0,"c,h"
"POINT (12.4185855126598 41.8076011264196)",38866,0,"c,h"
"POINT (12.4189565247463 41.8078051301821)",38901,0,"c,h"
"POINT (12.4195355446713 41.8079831345461)",38907,0,"c,h"
"POINT (12.4188785520649 41.8038150870005)",38941,0,"c,h"
"POINT (12.4199475706704 41.8065471208669)",38949,0,"c,h"
"POINT (12.4189815430797 41.8055031055637)",38967,0,"c,h"
"POINT (12.4198185650008 41.8066701216417)",38970,0,"c,h"
"POINT (12.4198565742863 41.8056271106008)",39004,0,"c,h"
"POINT (12.4220496442855 41.8070241348902)",39005,0,"c,h"
"POINT (12.4191455319017 41.8077771306818)",39018,0,"c,h"
"POINT (12.4204425742338 41.8084801437255)",39082,0,"c,h"
"POINT (12.4193025500081 41.8061461138287)",39094,0,"c,h"
"POINT (12.4201105687538 41.8075921327812)",39095,0,"c,h"
"POINT (12.4202565742916 41.8075691331524)",39150,0,"c,h"
"POINT (12.4203845791681 41.8075461334474)",39180,0,"c,h"
"POINT (12.4200015760278 41.8061011163055)",39209,0,"c,h"
"POINT (12.4205445786015 41.8083981432766)",39219,0,"c,h"
"POINT (12.4205205843839 41.8075171337117)",39247,0,"c,h"
"POINT (12.4213186013193 41.809154154675)",39262,0,"c,h"
"POINT (12.4213946053218 41.808994153278)",39295,0,"c,h"
"POINT (12.4227436378969 41.8112401831188)",39310,0,"c,h"
"POINT (12.4205755775013 41.8086941465875)",39311,0,"c,h"
"POINT (12.4214036214754 41.8069021308448)",39313,0,"c,h"
"POINT (12.4228306534971 41.8096001658676)",39328,0,"c,h"
"POINT (12.4215486052236 41.8097551621052)",39340,0,"c,h"
"POINT (12.4206405885429 41.8075501345743)",39375,0,"c,h"
"POINT (12.4212626108875 41.8076171379276)",39447,0,"c,h"
"POINT (12.4235897040534 41.8066021368769)",39467,0,"c,h"
"POINT (12.4210866055107 41.8074731356357)",39473,0,"c,h"
"POINT (12.4217626115203 41.8099621652351)",39510,0,"c,h"
"POINT (12.4220466418157 41.8073361382287)",39520,0,"c,h"
"POINT (12.4259057456594 41.8123532084619)",39536,0,"c,h"
"POINT (12.4264557637965 41.8126272137337)",39561,0,"c,h"
"POINT (12.4230696519168 41.810970181598)",39630,0,"c,h"
"POINT (12.4236347046329 41.8067441385926)",39715,0,"c,h"
"POINT (12.4229346569324 41.8096511668558)",39886,0,"c,h"
"POINT (12.4238066839488 41.8103151776806)",39910,0,"c,h"
"POINT (12.4235486667253 41.8113391875903)",39948,0,"c,h"
"POINT (12.4394193162369 41.8025421602181)",40048,0,"c,h"
"POINT (12.426510817851 41.805744140024)",40057,0,"c,h"
"POINT (12.4241896962057 41.8105551818803)",40113,0,"c,h"
"POINT (12.4236506696109 41.8114531892469)",40114,0,"c,h"
"POINT (12.4264657634607 41.8127202147754)",40115,0,"c,h"
"POINT (12.4246747111972 41.8109291879514)",40192,0,"c,h"
"POINT (12.4255137349386 41.81186620157)",40193,0,"c,h"
"POINT (12.4262157531256 41.8128722153508)",40194,0,"c,h"
"POINT (12.4270678227056 41.8078091645608)",40277,0,"c,h"
"POINT (12.4261197564108 41.8119712052629)",40283,0,"c,h"
"POINT (12.426283760932 41.8121702080952)",40463,0,"c,h"
"POINT (12.4269607798266 41.8129612194598)",40602,0,"c,h"
"POINT (12.4270367846832 41.8126882168479)",40625,0,"c,h"
"POINT (12.4283498246119 41.8137882342243)",40651,0,"c,h"
"POINT (12.439429315676 41.8026651615811)",40714,0,"c,h"
"POINT (12.4272917897963 41.8132512239768)",40832,0,"c,h"
"POINT (12.4278128508701 41.8077041665851)",40842,0,"c,h"
"POINT (12.4327449619921 41.8169792871124)",40973,0,"c,h"
"POINT (12.4352830391048 41.8191173208287)",40979,0,"c,h"
"POINT (12.4285638789829 41.8076351690213)",40982,0,"c,h"
"POINT (12.429047907745 41.8061821554621)",40983,0,"c,h"
"POINT (12.4284698796256 41.8070931628018)",41128,0,"c,h"
"POINT (12.428831889139 41.8075941697147)",41129,0,"c,h"
"POINT (12.4286188442099 41.8125032215538)",41139,0,"c,h"
"POINT (12.4287628485485 41.8126292235169)",41140,0,"c,h"
"POINT (12.4289578758794 41.8099611956754)",41141,0,"c,h"
"POINT (12.4300529050701 41.8114222160048)",41142,0,"c,h"
"POINT (12.4294258690245 41.8131432318452)",41167,0,"c,h"
"POINT (12.4287438900095 41.8070511635098)",41186,0,"c,h"
"POINT (12.4291068995068 41.8075591705021)",41187,0,"c,h"
"POINT (12.4290678821807 41.8096621929285)",41223,0,"c,h"
"POINT (12.4290768815515 41.8097891943309)",41224,0,"c,h"
"POINT (12.4287459003378 41.8056941489433)",41240,0,"c,h"
"POINT (12.430907980551 41.8055901569715)",41241,0,"c,h"
"POINT (12.4290588782752 41.8101351979721)",41246,0,"c,h"
"POINT (12.4292648871212 41.8099661970279)",41247,0,"c,h"
"POINT (12.4290528771402 41.8102561992467)",41248,0,"c,h"
"POINT (12.4295109069892 41.8085331826739)",41252,0,"c,h"
"POINT (12.4291378844881 41.8096971936006)",41254,0,"c,h"
"POINT (12.4293439083879 41.8075361712576)",41271,0,"c,h"
"POINT (12.4290379009468 41.8070331645603)",41272,0,"c,h"
"POINT (12.4299879145468 41.8098521988616)",41274,0,"c,h"
"POINT (12.4295959100138 41.8085461831731)",41275,0,"c,h"
"POINT (12.429176894733 41.8085311812395)",41281,0,"c,h"
"POINT (12.4288738836158 41.8085291799361)",41282,0,"c,h"
"POINT (12.4293859031221 41.8084371811138)",41283,0,"c,h"
"POINT (12.4295358969497 41.8099831983569)",41305,0,"c,h"
"POINT (12.4292728982525 41.8085321816563)",41308,0,"c,h"
"POINT (12.4296309190983 41.8075141722354)",41322,0,"c,h"
"POINT (12.4292769099466 41.8070041652598)",41323,0,"c,h"
"POINT (12.4340549815675 41.8207593332907)",41326,0,"c,h"
"POINT (12.4293809022205 41.8085321821132)",41327,0,"c,h"
"POINT (12.4293829026491 41.8084851816167)",41328,0,"c,h"
"POINT (12.4294539056204 41.8084371814015)",41329,0,"c,h"
"POINT (12.4296498760231 41.8133062345445)",41332,0,"c,h"
"POINT (12.4294928721439 41.8130562311938)",41333,0,"c,h"
"POINT (12.4295349085813 41.8084391817656)",41338,0,"c,h"
"POINT (12.4297208792896 41.8132192339099)",41347,0,"c,h"
"POINT (12.4293968690927 41.8129932301106)",41348,0,"c,h"
"POINT (12.4296349122478 41.8084401821994)",41356,0,"c,h"
"POINT (12.4296559153241 41.8081351790118)",41357,0,"c,h"
"POINT (12.4298559274554 41.8075021730583)",41385,0,"c,h"
"POINT (12.4295579205649 41.8069651660296)",41386,0,"c,h"
"POINT (12.4298749246397 41.8079671781336)",41388,0,"c,h"
"POINT (12.4306019058947 41.8139822458363)",41393,0,"c,h"
"POINT (12.4297958815465 41.8132852349365)",41414,0,"c,h"
"POINT (12.430313944471 41.807477174727)",41439,0,"c,h"
"POINT (12.4300549329606 41.8077411764673)",41440,0,"c,h"
"POINT (12.4318749866057 41.8094912029646)",41472,0,"c,h"
"POINT (12.4299039095108 41.8101102012781)",41473,0,"c,h"
"POINT (12.43156296031 41.8114542227356)",41488,0,"c,h"
"POINT (12.4303989226574 41.8107772105382)",41489,0,"c,h"
"POINT (12.4309449680088 41.8074301768911)",41546,0,"c,h"
"POINT (12.4320139557081 41.8142562547533)",41637,0,"c,h"
"POINT (12.432443962826 41.8154052689209)",41659,0,"c,h"
"POINT (12.4334110779522 41.8048691598128)",41702,0,"c,h"
"POINT (12.4320820103559 41.8073541808834)",41709,0,"c,h"
"POINT (12.4317809961544 41.8077701840791)",41710,0,"c,h"
"POINT (12.4359271971567 41.8013231323714)",41762,0,"c,h"
"POINT (12.4313379288429 41.8145242547744)",41809,0,"c,h"
"POINT (12.4321349771788 41.8120032310539)",41851,0,"c,h"
"POINT (12.4319719769322 41.8112432221983)",41852,0,"c,h"
"POINT (12.4317869962087 41.8077921843407)",41906,0,"c,h"
"POINT (12.4317759767273 41.8103172114201)",41914,0,"c,h"
"POINT (12.4317859754627 41.8105332137831)",41915,0,"c,h"
"POINT (12.431982002474 41.8079111864437)",41918,0,"c,h"
"POINT (12.4321080045119 41.8082541906611)",41919,0,"c,h"
"POINT (12.4318549779375 41.8105412141609)",41920,0,"c,h"
"POINT (12.4318289752897 41.8107652164576)",41921,0,"c,h"
"POINT (12.4324769996503 41.8106922184138)",41923,0,"c,h"
"POINT (12.4319179762326 41.8110732201433)",41924,0,"c,h"
"POINT (12.4318519794593 41.8103252118275)",41928,0,"c,h"
"POINT (12.4319089877718 41.8095022032265)",41929,0,"c,h"
"POINT (12.4318799776925 41.8106952159212)",41932,0,"c,h"
"POINT (12.4319149894806 41.8093052011355)",41935,0,"c,h"
"POINT (12.4319639927013 41.809117199323)",41936,0,"c,h"
"POINT (12.4316939816177 41.8092711998356)",41950,0,"c,h"
"POINT (12.4324420189665 41.8079651889691)",41953,0,"c,h"
"POINT (12.4321170025459 41.8085581939649)",41957,0,"c,h"
"POINT (12.4337590338436 41.8124012421982)",41961,0,"c,h"
"POINT (12.4322679811136 41.8121292329702)",41962,0,"c,h"
"POINT (12.4321470128119 41.8073451810616)",41978,0,"c,h"
"POINT (12.4321010039828 41.8082901910183)",41982,0,"c,h"
"POINT (12.4321290034401 41.8084981933711)",41986,0,"c,h"
"POINT (12.4323469854973 41.8119332311983)",41991,0,"c,h"
"POINT (12.4334630501785 41.8087992022458)",41992,0,"c,h"
"POINT (12.4322350161357 41.8073331813049)",41993,0,"c,h"
"POINT (12.4326650365341 41.8067241765818)",41994,0,"c,h"
"POINT (12.4323820161577 41.8080451895747)",41997,0,"c,h"
"POINT (12.4329350424502 41.8072541834164)",42023,0,"c,h"
"POINT (12.4326530357911 41.8067641769607)",42024,0,"c,h"
"POINT (12.4358931209565 41.8112492388421)",42074,0,"c,h"
"POINT (12.4350771031117 41.8096422181264)",42075,0,"c,h"
"POINT (12.4330070410088 41.8077951895322)",42076,0,"c,h"
"POINT (12.4326609701047 41.8154972708275)",42078,0,"c,h"
"POINT (12.4338430127004 41.8156082770191)",42117,0,"c,h"
"POINT (12.4327700429146 41.8063901734383)",42121,0,"c,h"
"POINT (12.4353390424699 41.8189443192056)",42134,0,"c,h"
"POINT (12.4335989993517 41.8161882822214)",42135,0,"c,h"
"POINT (12.434038090406 41.8062701775109)",42139,0,"c,h"
"POINT (12.4329980447724 41.8072531836721)",42164,0,"c,h"
"POINT (12.4340000827713 41.8070961862225)",42181,0,"c,h"
"POINT (12.434211086309 41.8076541931085)",42184,0,"c,h"
"POINT (12.4339679791712 41.820653331783)",42258,0,"c,h"
"POINT (12.4341641108265 41.8041791555864)",42276,0,"c,h"
"POINT (12.4339760156611 41.8158632803223)",42304,0,"c,h"
"POINT (12.4361091019891 41.8148112780336)",42339,0,"c,h"
"POINT (12.4342480277717 41.8155832784629)",42353,0,"c,h"
"POINT (12.4345741047662 41.8069761873604)",42380,0,"c,h"
"POINT (12.4346321146833 41.8059451765316)",42403,0,"c,h"
"POINT (12.4345631127903 41.8058601753269)",42404,0,"c,h"
"POINT (12.4343621188934 41.8040741552959)",42425,0,"c,h"
"POINT (12.4343421189591 41.803968154073)",42426,0,"c,h"
"POINT (12.4346001009483 41.807608194259)",42439,0,"c,h"
"POINT (12.4346740445289 41.8154372786949)",42449,0,"c,h"
"POINT (12.4344041217956 41.8038941535404)",42466,0,"c,h"
"POINT (12.4361251806411 41.8044741670445)",42470,0,"c,h"
"POINT (12.4358821784789 41.803578156395)",42476,0,"c,h"
"POINT (12.4350561346253 41.8053671721162)",42505,0,"c,h"
"POINT (12.434739111221 41.8069241874994)",42508,0,"c,h"
"POINT (12.4346501027098 41.8076181945778)",42515,0,"c,h"
"POINT (12.4351541374403 41.8054711736474)",42542,0,"c,h"
"POINT (12.4352450317542 41.8199053291403)",42544,0,"c,h"
"POINT (12.4349981148459 41.8077041969729)",42546,0,"c,h"
"POINT (12.4353631161726 41.8093042157042)",42547,0,"c,h"
"POINT (12.4350690543145 41.8160632870936)",42557,0,"c,h"
"POINT (12.4352511294804 41.806997190448)",42575,0,"c,h"
"POINT (12.435411131817 41.8074661961623)",42626,0,"c,h"
"POINT (12.4406782868025 41.8125702732601)",42627,0,"c,h"
"POINT (12.4351251376889 41.8052971716561)",42643,0,"c,h"
"POINT (12.4412742194172 41.8243954029086)",42678,0,"c,h"
"POINT (12.43574405211 41.8196383283793)",42679,0,"c,h"
"POINT (12.435766054135 41.8194773267414)",42692,0,"c,h"
"POINT (12.4360700651559 41.8194973282416)",42713,0,"c,h"
"POINT (12.4360311386393 41.8095792214826)",42715,0,"c,h"
"POINT (12.4355471382484 41.8072761946963)",42728,0,"c,h"
"POINT (12.4408182923619 41.8125152732605)",42729,0,"c,h"
"POINT (12.4366901820242 41.8070401969928)",42775,0,"c,h"
"POINT (12.4359160588013 41.8195893285797)",42829,0,"c,h"
"POINT (12.4359721804942 41.8037491586118)",42873,0,"c,h"
"POINT (12.4368972169522 41.8034211589993)",42874,0,"c,h"
"POINT (12.4364331502076 41.8100032277372)",42876,0,"c,h"
"POINT (12.4361191281427 41.8113972413877)",42877,0,"c,h"
"POINT (12.4398101799219 41.8225003763413)",42880,0,"c,h"
"POINT (12.4360380714216 41.8185123175165)",42890,0,"c,h"
"POINT (12.436062182517 41.8039191608179)",42892,0,"c,h"
"POINT (12.4368471730382 41.808994218647)",42916,0,"c,h"
"POINT (12.4365200868005 41.8188213228762)",42920,0,"c,h"
"POINT (12.4361191836069 41.8040521624871)",42923,0,"c,h"
"POINT (12.4361361853488 41.8039041609696)",42924,0,"c,h"
"POINT (12.4412822273013 41.8233903921333)",42933,0,"c,h"
"POINT (12.4369371268333 41.8155502894767)",42943,0,"c,h"
"POINT (12.4362351053879 41.8149742803182)",42944,0,"c,h"
"POINT (12.4391772312407 41.8126242674977)",42946,0,"c,h"
"POINT (12.4366491511284 41.8109322386318)",42947,0,"c,h"
"POINT (12.4361391015203 41.815019280396)",42959,0,"c,h"
"POINT (12.4360480989393 41.8149182789258)",42960,0,"c,h"
"POINT (12.4361600792216 41.8180733133128)",42964,0,"c,h"
"POINT (12.4367771207499 41.8155772890906)",42990,0,"c,h"
"POINT (12.4376701887338 41.8109202428184)",43033,0,"c,h"
"POINT (12.4369121005416 41.8189093254795)",43060,0,"c,h"
"POINT (12.4366871017611 41.8176533110256)",43117,0,"c,h"
"POINT (12.4364420941325 41.8174713080333)",43118,0,"c,h"
"POINT (12.4369121113968 41.817472310031)",43119,0,"c,h"
"POINT (12.4369441922396 41.8069231968097)",43122,0,"c,h"
"POINT (12.4366971173116 41.8156432894618)",43124,0,"c,h"
"POINT (12.436752119091 41.8156752900383)",43125,0,"c,h"
"POINT (12.4367231026308 41.8177133118228)",43128,0,"c,h"
"POINT (12.4369471051819 41.818465320854)",43129,0,"c,h"
"POINT (12.4369651129668 41.8175223107925)",43130,0,"c,h"
"POINT (12.4368521230754 41.8156342900203)",43138,0,"c,h"
"POINT (12.4368281000608 41.8185643214153)",43157,0,"c,h"
"POINT (12.4368291215277 41.8157272909227)",43158,0,"c,h"
"POINT (12.4369721259744 41.8158342926773)",43159,0,"c,h"
"POINT (12.4363541572429 41.808687213265)",43168,0,"c,h"
"POINT (12.4380812236019 41.8083022164285)",43169,0,"c,h"
"POINT (12.4370291285373 41.8157722922518)",43173,0,"c,h"
"POINT (12.4364181040755 41.8160382925281)",43174,0,"c,h"
"POINT (12.4371982277156 41.8034601606902)",43185,0,"c,h"
"POINT (12.4370781078583 41.8187483244503)",43189,0,"c,h"
"POINT (12.4375611391441 41.8169563072275)",43190,0,"c,h"
"POINT (12.4371441335638 41.8156662915986)",43193,0,"c,h"
"POINT (12.4376442260959 41.8058451881894)",43196,0,"c,h"
"POINT (12.4393712818 41.806871206508)",43197,0,"c,h"
"POINT (12.4370701082668 41.8186553234166)",43198,0,"c,h"
"POINT (12.437619140913 41.8170043079886)",43200,0,"c,h"
"POINT (12.4375301433374 41.8162502995075)",43203,0,"c,h"
"POINT (12.4375881459143 41.8161912991184)",43231,0,"c,h"
"POINT (12.4370381150829 41.8175973119074)",43235,0,"c,h"
"POINT (12.4368761081854 41.8177223125663)",43236,0,"c,h"
"POINT (12.4372631151404 41.8186843245443)",43247,0,"c,h"
"POINT (12.4377081301721 41.8188593283067)",43320,0,"c,h"
"POINT (12.4377501501832 41.8164143022002)",43423,0,"c,h"
"POINT (12.4377531473554 41.8168033063944)",43438,0,"c,h"
"POINT (12.4378451538404 41.8163923023653)",43448,0,"c,h"
"POINT (12.4378091490356 41.8168533071686)",43464,0,"c,h"
"POINT (12.4376951432375 41.8170663089764)",43465,0,"c,h"
"POINT (12.4383082504907 41.8058451909956)",43472,0,"c,h"
"POINT (12.4403123382665 41.803970179326)",43473,0,"c,h"
"POINT (12.4378981943778 41.8112822476717)",43482,0,"c,h"
"POINT (12.4378781970635 41.8108292427198)",43483,0,"c,h"
"POINT (12.4377941474874 41.8169853085241)",43486,0,"c,h"
"POINT (12.4377331272762 41.8193643338418)",43490,0,"c,h"
"POINT (12.4378132150313 41.8081332134803)",43514,0,"c,h"
"POINT (12.4381132251929 41.8082472159729)",43515,0,"c,h"
"POINT (12.4384331751611 41.816430305259)",43530,0,"c,h"
"POINT (12.4378452217108 41.8074042057845)",43531,0,"c,h"
"POINT (12.4410403341157 41.8080642263752)",43532,0,"c,h"
"POINT (12.4387182177802 41.8121732607115)",43545,0,"c,h"
"POINT (12.4378891918725 41.8115702507283)",43548,0,"c,h"
"POINT (12.4379931961544 41.8115092505124)",43549,0,"c,h"
"POINT (12.4383792058071 41.8121092585911)",43550,0,"c,h"
"POINT (12.4383892341708 41.8084012187937)",43598,0,"c,h"
"POINT (12.4410743195149 41.8101642490801)",43599,0,"c,h"
"POINT (12.4387262697804 41.8053241871662)",43681,0,"c,h"
"POINT (12.4384562081456 41.8121742596149)",43707,0,"c,h"
"POINT (12.438549179945 41.8163613050076)",43728,0,"c,h"
"POINT (12.4384621736213 41.8167753090901)",43729,0,"c,h"
"POINT (12.4386222135429 41.8122672613159)",43738,0,"c,h"
"POINT (12.4379971908117 41.8122362583413)",43739,0,"c,h"
"POINT (12.4386421788615 41.8169573118073)",43743,0,"c,h"
"POINT (12.4387051838727 41.816600308236)",43780,0,"c,h"
"POINT (12.4401182446775 41.8154243015667)",43781,0,"c,h"
"POINT (12.4388451851433 41.8171133143422)",43816,0,"c,h"
"POINT (12.4387892190677 41.8123482628921)",43872,0,"c,h"
"POINT (12.4389981898671 41.8172323162681)",43888,0,"c,h"
"POINT (12.4395402061903 41.8177083236757)",43921,0,"c,h"
"POINT (12.4391981960463 41.8173873187795)",43954,0,"c,h"
"POINT (12.439127168189 41.8207303544212)",43989,0,"c,h"
"POINT (12.4393481747854 41.8209323575273)",43990,0,"c,h"
"POINT (12.4395032055178 41.8176173225411)",44011,0,"c,h"
"POINT (12.4395981832256 41.8210313596484)",44061,0,"c,h"
"POINT (12.4394941811859 41.8207953566712)",44062,0,"c,h"
"POINT (12.4408733347046 41.8071732160983)",44074,0,"c,h"
"POINT (12.4419814126121 41.8022431678312)",44079,0,"c,h"
"POINT (12.4426854381578 41.8022851712559)",44084,0,"c,h"
"POINT (12.445033523013 41.8024711831694)",44085,0,"c,h"
"POINT (12.4394911831225 41.8205243537445)",44108,0,"c,h"
"POINT (12.4395591861276 41.8204573533115)",44109,0,"c,h"
"POINT (12.4395961863923 41.820602355027)",44110,0,"c,h"
"POINT (12.4396551882358 41.8206453557387)",44111,0,"c,h"
"POINT (12.4396122091609 41.8176653235177)",44113,0,"c,h"
"POINT (12.440928248628 41.8188433417432)",44124,0,"c,h"
"POINT (12.4397921942451 41.8205163549306)",44151,0,"c,h"
"POINT (12.4398401938114 41.8208073582625)",44152,0,"c,h"
"POINT (12.4399051930735 41.8212213629889)",44153,0,"c,h"
"POINT (12.4409682508229 41.8187473408801)",44157,0,"c,h"
"POINT (12.4402462145552 41.8200363516881)",44229,0,"c,h"
"POINT (12.4437403019607 41.8254674248583)",44239,0,"c,h"
"POINT (12.4398871958408 41.820767358031)",44252,0,"c,h"
"POINT (12.4399791986706 41.8208403592048)",44265,0,"c,h"
"POINT (12.4403632166197 41.8203323553652)",44266,0,"c,h"
"POINT (12.4398962225201 41.8172783205576)",44268,0,"c,h"
"POINT (12.4401812318759 41.817426323353)",44269,0,"c,h"
"POINT (12.4408353917063 41.7994341328304)",44271,0,"c,h"
"POINT (12.439933307037 41.806263202352)",44275,0,"c,h"
"POINT (12.4413283530893 41.8069522156467)",44276,0,"c,h"
"POINT (12.4409043948973 41.7993471321878)",44285,0,"c,h"
"POINT (12.4407072214763 41.821363367905)",44291,0,"c,h"
"POINT (12.4410283497348 41.8059362034661)",44311,0,"c,h"
"POINT (12.4408602751678 41.8149973001125)",44328,0,"c,h"
"POINT (12.4403082543172 41.8150722985861)",44329,0,"c,h"
"POINT (12.4415082872555 41.8165503195433)",44351,0,"c,h"
"POINT (12.4426853133191 41.8188273489946)",44352,0,"c,h"
"POINT (12.4402213252785 41.805248192667)",44366,0,"c,h"
"POINT (12.4407603495407 41.8046571885969)",44367,0,"c,h"
"POINT (12.4415854026517 41.8016351596299)",44371,0,"c,h"
"POINT (12.4421584322866 41.8004971498315)",44376,0,"c,h"
"POINT (12.4402472156643 41.8198943501655)",44378,0,"c,h"
"POINT (12.4400302063677 41.8200693511301)",44379,0,"c,h"
"POINT (12.4399332437989 41.8146402923584)",44391,0,"c,h"
"POINT (12.4407382719153 41.814834297845)",44392,0,"c,h"
"POINT (12.4407983585132 41.803653177975)",44393,0,"c,h"
"POINT (12.4408123547187 41.8042241841663)",44394,0,"c,h"
"POINT (12.4405042227759 41.820203354574)",44409,0,"c,h"
"POINT (12.4404163484262 41.8031301707447)",44429,0,"c,h"
"POINT (12.4405782250272 41.8202653555533)",44456,0,"c,h"
"POINT (12.4405782259183 41.8201473542845)",44457,0,"c,h"
"POINT (12.4405772269313 41.8200083527858)",44495,0,"c,h"
"POINT (12.4410372519618 41.8189323431606)",44496,0,"c,h"
"POINT (12.4408932392998 41.8199083530458)",44499,0,"c,h"
"POINT (12.4411912443012 41.8206963627779)",44500,0,"c,h"
"POINT (12.4410552970772 41.8130442799467)",44536,0,"c,h"
"POINT (12.441920427806 41.7999321427602)",44545,0,"c,h"
"POINT (12.4410612321003 41.821679372799)",44546,0,"c,h"
"POINT (12.4408242754303 41.8147872977033)",44556,0,"c,h"
"POINT (12.441423371378 41.804991194985)",44560,0,"c,h"
"POINT (12.4430944371595 41.8044091957929)",44576,0,"c,h"
"POINT (12.4411403014838 41.812874278479)",44579,0,"c,h"
"POINT (12.4414423141661 41.8126642774982)",44580,0,"c,h"
"POINT (12.4410842844711 41.8148552995327)",44582,0,"c,h"
"POINT (12.4409222768119 41.8150813012773)",44593,0,"c,h"
"POINT (12.4414724135292 41.7996431377651)",44595,0,"c,h"
"POINT (12.4414093536504 41.8072722194263)",44602,0,"c,h"
"POINT (12.4445385087503 41.8019511754953)",44606,0,"c,h"
"POINT (12.4412312579512 41.8190833456038)",44607,0,"c,h"
"POINT (12.4411672498302 41.8198473535477)",44608,0,"c,h"
"POINT (12.4412632907771 41.8148913006759)",44619,0,"c,h"
"POINT (12.4408572741214 41.8151213014326)",44620,0,"c,h"
"POINT (12.4412484055648 41.7996081364431)",44633,0,"c,h"
"POINT (12.4411192554585 41.818868342819)",44634,0,"c,h"
"POINT (12.4410142945288 41.8131822812566)",44647,0,"c,h"
"POINT (12.4407842844618 41.8133962825846)",44648,0,"c,h"
"POINT (12.4411813001596 41.8132492826822)",44649,0,"c,h"
"POINT (12.44197738574 41.8057852058533)",44653,0,"c,h"
"POINT (12.4411163357231 41.8082212283829)",44660,0,"c,h"
"POINT (12.4411492998971 41.8131282812466)",44668,0,"c,h"
"POINT (12.4415552470995 41.8220973793814)",44669,0,"c,h"
"POINT (12.4411692880023 41.8148012993114)",44673,0,"c,h"
"POINT (12.4419823561304 41.8097332482855)",44678,0,"c,h"
"POINT (12.4416783553832 41.8083522321645)",44679,0,"c,h"
"POINT (12.4413142614771 41.8190203452772)",44681,0,"c,h"
"POINT (12.4411833027091 41.8129212791657)",44682,0,"c,h"
"POINT (12.4412612535793 41.8198083535256)",44698,0,"c,h"
"POINT (12.4412342492117 41.8202553582178)",44699,0,"c,h"
"POINT (12.4415203051053 41.8142442948079)",44701,0,"c,h"
"POINT (12.441421307046 41.8135052864474)",44703,0,"c,h"
"POINT (12.4415622558067 41.8209783673779)",44704,0,"c,h"
"POINT (12.4417692747329 41.8194793521346)",44723,0,"c,h"
"POINT (12.4431583112846 41.821399378648)",44736,0,"c,h"
"POINT (12.4427132670593 41.8250904164643)",44740,0,"c,h"
"POINT (12.4413592296782 41.823450393104)",44742,0,"c,h"
"POINT (12.4413772316539 41.8232763913087)",44743,0,"c,h"
"POINT (12.441299306496 41.8129842803329)",44745,0,"c,h"
"POINT (12.4418412778622 41.8194153517507)",44750,0,"c,h"
"POINT (12.4447105151293 41.8019431761358)",44751,0,"c,h"
"POINT (12.4414093558766 41.8069772162574)",44752,0,"c,h"
"POINT (12.4492064732115 41.8293974902237)",44764,0,"c,h"
"POINT (12.4421202651315 41.8224593856616)",44769,0,"c,h"
"POINT (12.4413982874863 41.8159843129945)",44774,0,"c,h"
"POINT (12.4417852992995 41.8163033180585)",44775,0,"c,h"
"POINT (12.441402269098 41.8184393394026)",44776,0,"c,h"
"POINT (12.4422062937904 41.8190823497126)",44777,0,"c,h"
"POINT (12.4433074178914 41.8080002352643)",44781,0,"c,h"
"POINT (12.442374339891 41.8137932935688)",44785,0,"c,h"
"POINT (12.4415503074457 41.8140802931721)",44786,0,"c,h"
"POINT (12.4415883163907 41.8130802825856)",44793,0,"c,h"
"POINT (12.4415693195045 41.8125752770783)",44794,0,"c,h"
"POINT (12.4409382632134 41.8169603215422)",44807,0,"c,h"
"POINT (12.4417752543696 41.8222053814724)",44825,0,"c,h"
"POINT (12.4424282824317 41.8216673784458)",44830,0,"c,h"
"POINT (12.441881332939 41.8123142755917)",44831,0,"c,h"
"POINT (12.4424694403769 41.8009391558908)",44837,0,"c,h"
"POINT (12.4425263469785 41.8135942920722)",44839,0,"c,h"
"POINT (12.4422283746251 41.8084802358631)",44857,0,"c,h"
"POINT (12.4428984589653 41.8005641536765)",44863,0,"c,h"
"POINT (12.4417052892026 41.8172513279112)",44865,0,"c,h"
"POINT (12.4423793178291 41.8167403252656)",44866,0,"c,h"
"POINT (12.4424762962311 41.8200733615084)",44888,0,"c,h"
"POINT (12.442527285504 41.8217423796707)",44890,0,"c,h"
"POINT (12.4424203269752 41.8157283145606)",44894,0,"c,h"
"POINT (12.4425252985453 41.8200053609843)",44905,0,"c,h"
"POINT (12.4420523402263 41.8121812748849)",44919,0,"c,h"
"POINT (12.44256740636 41.8059252098493)",44941,0,"c,h"
"POINT (12.4426714385337 41.8021671699297)",44945,0,"c,h"
"POINT (12.4421863648485 41.8095712474067)",44946,0,"c,h"
"POINT (12.4423513698243 41.8097152496509)",44947,0,"c,h"
"POINT (12.443368396514 41.8111302691505)",44973,0,"c,h"
"POINT (12.4427072912738 41.8218543816355)",44991,0,"c,h"
"POINT (12.4444624477734 41.8096642580195)",45010,0,"c,h"
"POINT (12.4433624703984 41.8013081636246)",45012,0,"c,h"
"POINT (12.4423283090322 41.8176573349079)",45038,0,"c,h"
"POINT (12.4429133344862 41.8171333317462)",45039,0,"c,h"
"POINT (12.4435393797268 41.8141873027245)",45069,0,"c,h"
"POINT (12.4428413377509 41.8163503230251)",45070,0,"c,h"
"POINT (12.4432373193748 41.8207123715943)",45093,0,"c,h"
"POINT (12.4430424578659 41.801411163379)",45099,0,"c,h"
"POINT (12.4433343231813 41.82068037166)",45116,0,"c,h"
"POINT (12.4425913015976 41.8199223603707)",45117,0,"c,h"
"POINT (12.4435853819228 41.8141203021988)",45118,0,"c,h"
"POINT (12.4425313116381 41.8183003426782)",45121,0,"c,h"
"POINT (12.4423903074605 41.8181673406526)",45122,0,"c,h"
"POINT (12.4435103529985 41.8175873391487)",45123,0,"c,h"
"POINT (12.4427524168087 41.8054412054322)",45134,0,"c,h"
"POINT (12.4424752980592 41.8198263588484)",45144,0,"c,h"
"POINT (12.4427533065094 41.8200603625389)",45145,0,"c,h"
"POINT (12.4449655248667 41.8018941766864)",45165,0,"c,h"
"POINT (12.4460515650342 41.8018581808855)",45169,0,"c,h"
"POINT (12.4430123233661 41.8190883531822)",45174,0,"c,h"
"POINT (12.4428233190927 41.8187343485778)",45175,0,"c,h"
"POINT (12.4427762943534 41.8217823811528)",45193,0,"c,h"
"POINT (12.4427453180079 41.818498345711)",45206,0,"c,h"
"POINT (12.4438073257076 41.8226483948213)",45213,0,"c,h"
"POINT (12.4438793644003 41.8178733437821)",45231,0,"c,h"
"POINT (12.4432683494796 41.8168753304724)",45261,0,"c,h"
"POINT (12.4443845063889 41.8015141701526)",45275,0,"c,h"
"POINT (12.4431884714816 41.8003171522494)",45276,0,"c,h"
"POINT (12.4432733313878 41.8192963565211)",45296,0,"c,h"
"POINT (12.443322336563 41.8188493519222)",45297,0,"c,h"
"POINT (12.4432173755399 41.8131742904775)",45309,0,"c,h"
"POINT (12.4442514985086 41.8019111738538)",45323,0,"c,h"
"POINT (12.4438424666541 41.8041421960846)",45329,0,"c,h"
"POINT (12.4441234465823 41.8081712405478)",45330,0,"c,h"
"POINT (12.4435703294314 41.8210013761087)",45365,0,"c,h"
"POINT (12.4432274731708 41.8002831520491)",45380,0,"c,h"
"POINT (12.4457234684777 41.8130612998473)",45390,0,"c,h"
"POINT (12.4436614918819 41.7999161499418)",45396,0,"c,h"
"POINT (12.4441673588459 41.8200113679853)",45412,0,"c,h"
"POINT (12.4436854283391 41.8084562417596)",45432,0,"c,h"
"POINT (12.4435074245983 41.8080852370222)",45433,0,"c,h"
"POINT (12.4434813434104 41.8187163511639)",45442,0,"c,h"
"POINT (12.4436453327692 41.8209243755975)",45444,0,"c,h"
"POINT (12.4440974219724 41.8113062741208)",45458,0,"c,h"
"POINT (12.4445364470066 41.8101262632959)",45459,0,"c,h"
"POINT (12.4436114274159 41.8082182388902)",45506,0,"c,h"
"POINT (12.4438414368021 41.8080942385296)",45507,0,"c,h"
"POINT (12.443814365695 41.8173853382613)",45508,0,"c,h"
"POINT (12.4444684095478 41.8147593127963)",45521,0,"c,h"
"POINT (12.4437433352913 41.8210673775492)",45525,0,"c,h"
"POINT (12.4445214119784 41.8146953123323)",45532,0,"c,h"
"POINT (12.4436083124744 41.8234324024124)",45539,0,"c,h"
"POINT (12.4442243387615 41.82294939982)",45540,0,"c,h"
"POINT (12.4437734325985 41.8083202406702)",45542,0,"c,h"
"POINT (12.4439663470503 41.8205953734157)",45550,0,"c,h"
"POINT (12.4438064981362 41.7997931492336)",45560,0,"c,h"
"POINT (12.4630659023406 41.8400556634292)",45575,0,"c,h"
"POINT (12.4448273689336 41.8218883909567)",45576,0,"c,h"
"POINT (12.4438274343109 41.8083562412851)",45594,0,"c,h"
"POINT (12.4453795635966 41.798775144947)",45605,0,"c,h"
"POINT (12.4448145346218 41.7998651542633)",45606,0,"c,h"
"POINT (12.4438774359217 41.8083862418185)",45608,0,"c,h"
"POINT (12.4438944387268 41.8080972387856)",45609,0,"c,h"
"POINT (12.4442274819299 41.8039921960996)",45614,0,"c,h"
"POINT (12.4440654421275 41.8084792436117)",45616,0,"c,h"
"POINT (12.443786431635 41.8085112427771)",45617,0,"c,h"
"POINT (12.4440493690853 41.8180803467256)",45618,0,"c,h"
"POINT (12.4443663648007 41.8201913707613)",45651,0,"c,h"
"POINT (12.4439744152721 41.8115952767067)",45653,0,"c,h"
"POINT (12.4441704455855 41.8085322446245)",45670,0,"c,h"
"POINT (12.444866461003 41.809878262025)",45683,0,"c,h"
"POINT (12.4441073817611 41.8166833319525)",45688,0,"c,h"
"POINT (12.4447884032625 41.817150339849)",45689,0,"c,h"
"POINT (12.444327453459 41.8082532422903)",45700,0,"c,h"
"POINT (12.4443214505752 41.8086062460573)",45711,0,"c,h"
"POINT (12.4446354982015 41.8038221959969)",45736,0,"c,h"
"POINT (12.4442593804484 41.81759734242)",45742,0,"c,h"
"POINT (12.4453835422438 41.8016261755738)",45743,0,"c,h"
"POINT (12.4443365012088 41.8019671748141)",45747,0,"c,h"
"POINT (12.4446964639159 41.8086642482641)",45757,0,"c,h"
"POINT (12.4446114594122 41.8088472498711)",45758,0,"c,h"
"POINT (12.4444334581231 41.8081512416422)",45762,0,"c,h"
"POINT (12.4444294568973 41.8082942431615)",45763,0,"c,h"
"POINT (12.4443973662571 41.8201493704407)",45772,0,"c,h"
"POINT (12.4445513727925 41.8200333698438)",45783,0,"c,h"
"POINT (12.4444723705005 41.8199523686392)",45784,0,"c,h"
"POINT (12.4444274583705 41.8080892409508)",45791,0,"c,h"
"POINT (12.4452725011248 41.8065372278474)",45792,0,"c,h"
"POINT (12.4445004592495 41.8083282438267)",45796,0,"c,h"
"POINT (12.4450884724193 41.809446258321)",45813,0,"c,h"
"POINT (12.4449684256047 41.8150663182078)",45816,0,"c,h"
"POINT (12.4457074217378 41.8191773655225)",45817,0,"c,h"
"POINT (12.4446254634046 41.8083862449776)",45827,0,"c,h"
"POINT (12.4449964271393 41.8149993176059)",45833,0,"c,h"
"POINT (12.4450424293202 41.8149343171015)",45834,0,"c,h"
"POINT (12.4447544563748 41.8099462622826)",45839,0,"c,h"
"POINT (12.4457804237414 41.8192673667985)",45843,0,"c,h"
"POINT (12.44709258938 41.803701205072)",45856,0,"c,h"
"POINT (12.445664497936 41.8088692545543)",45867,0,"c,h"
"POINT (12.4449615116791 41.8036231952365)",45871,0,"c,h"
"POINT (12.4451375105948 41.8046242067301)",45872,0,"c,h"
"POINT (12.4453864868238 41.8089882546589)",45889,0,"c,h"
"POINT (12.4471605926322 41.8036012042851)",45903,0,"c,h"
"POINT (12.4448164588188 41.8099242623081)",45905,0,"c,h"
"POINT (12.4447834577798 41.8099012619215)",45922,0,"c,h"
"POINT (12.4450644711753 41.8094942587354)",45923,0,"c,h"
"POINT (12.4457314442409 41.8163123348233)",45926,0,"c,h"
"POINT (12.4458934378938 41.8179423530302)",45927,0,"c,h"
"POINT (12.4448174592479 41.8098722617536)",45939,0,"c,h"
"POINT (12.4457593980927 41.8225634021522)",45942,0,"c,h"
"POINT (12.4451504733393 41.8096262605168)",45958,0,"c,h"
"POINT (12.4461195617482 41.8026251894088)",45971,0,"c,h"
"POINT (12.446514583461 41.8016701808216)",45972,0,"c,h"
"POINT (12.4449224234088 41.8151333187337)",45986,0,"c,h"
"POINT (12.4454414407829 41.815358323344)",45987,0,"c,h"
"POINT (12.4453825300043 41.8032441929441)",45999,0,"c,h"
"POINT (12.4455154436984 41.815332323377)",46014,0,"c,h"
"POINT (12.4450004875105 41.8070172318548)",46016,0,"c,h"
"POINT (12.4461295272335 41.8072502391252)",46017,0,"c,h"
"POINT (12.4455404439606 41.8154193244178)",46022,0,"c,h"
"POINT (12.445041469953 41.8095442591755)",46029,0,"c,h"
"POINT (12.4457205450236 41.8028991906664)",46034,0,"c,h"
"POINT (12.4453064821946 41.8092122567276)",46038,0,"c,h"
"POINT (12.44559052634 41.804743209921)",46058,0,"c,h"
"POINT (12.4455275128245 41.8062282256051)",46059,0,"c,h"
"POINT (12.4452064757138 41.8095842603021)",46063,0,"c,h"
"POINT (12.4452864790908 41.8095262600167)",46076,0,"c,h"
"POINT (12.4454834873024 41.8093972594627)",46099,0,"c,h"
"POINT (12.4453654847849 41.8091562563751)",46102,0,"c,h"
"POINT (12.4453475663272 41.7982571392511)",46113,0,"c,h"
"POINT (12.4459005872743 41.7981731406843)",46114,0,"c,h"
"POINT (12.4454124868588 41.8091102560794)",46120,0,"c,h"
"POINT (12.4477876508238 41.7989381568631)",46126,0,"c,h"
"POINT (12.4464715827937 41.8015491793408)",46127,0,"c,h"
"POINT (12.4454574888064 41.8090712558504)",46132,0,"c,h"
"POINT (12.4459275064828 41.809017257255)",46148,0,"c,h"
"POINT (12.4455484896831 41.8093982597479)",46157,0,"c,h"
"POINT (12.448843647994 41.8044592206045)",46178,0,"c,h"
"POINT (12.4455874459896 41.8153793241863)",46180,0,"c,h"
"POINT (12.4458195255288 41.8059662240238)",46184,0,"c,h"
"POINT (12.4456214465675 41.8154683252865)",46190,0,"c,h"
"POINT (12.4461215105709 41.8094202624039)",46192,0,"c,h"
"POINT (12.4456464479238 41.8154103247687)",46199,0,"c,h"
"POINT (12.4461074689241 41.8148723209328)",46200,0,"c,h"
"POINT (12.4456655290049 41.8047552103666)",46201,0,"c,h"
"POINT (12.4456354463726 41.8155623263561)",46208,0,"c,h"
"POINT (12.4461814645582 41.8158113313383)",46209,0,"c,h"
"POINT (12.4456215271018 41.8047932105889)",46210,0,"c,h"
"POINT (12.4460404592862 41.8158233308719)",46211,0,"c,h"
"POINT (12.4462354668067 41.8157763311901)",46217,0,"c,h"
"POINT (12.4463505292588 41.8080582487383)",46224,0,"c,h"
"POINT (12.4458665044905 41.8089842566429)",46225,0,"c,h"
"POINT (12.4464984546792 41.8186643633474)",46235,0,"c,h"
"POINT (12.4460794843131 41.8126962974281)",46242,0,"c,h"
"POINT (12.4481275465942 41.8144163245608)",46243,0,"c,h"
"POINT (12.4467404287971 41.8232724139203)",46244,0,"c,h"
"POINT (12.4462384663888 41.8158463319552)",46248,0,"c,h"
"POINT (12.4468774803715 41.8171053481874)",46249,0,"c,h"
"POINT (12.4468185795248 41.8036732036144)",46251,0,"c,h"
"POINT (12.4466754597277 41.8188573661699)",46259,0,"c,h"
"POINT (12.4462175430778 41.8055782215369)",46281,0,"c,h"
"POINT (12.4465125340117 41.8082172511305)",46294,0,"c,h"
"POINT (12.4465404583055 41.8183883605574)",46301,0,"c,h"
"POINT (12.4453554149525 41.8183623552735)",46302,0,"c,h"
"POINT (12.4462925182419 41.8092362611491)",46313,0,"c,h"
"POINT (12.4460674700875 41.8145233170127)",46367,0,"c,h"
"POINT (12.4465375055937 41.8121062930217)",46371,0,"c,h"
"POINT (12.446365497048 41.8124012954655)",46372,0,"c,h"
"POINT (12.44683249245 41.8152853284334)",46374,0,"c,h"
"POINT (12.4464545227158 41.8094322639389)",46381,0,"c,h"
"POINT (12.4475865962101 41.8052022232783)",46386,0,"c,h"
"POINT (12.4468195695542 41.8050002178705)",46411,0,"c,h"
"POINT (12.4462824683151 41.8158053317003)",46417,0,"c,h"
"POINT (12.4463724706717 41.8159313334347)",46418,0,"c,h"
"POINT (12.4464074723125 41.8158843330773)",46432,0,"c,h"
"POINT (12.4464805242595 41.8093542632107)",46437,0,"c,h"
"POINT (12.4463404393941 41.8199203761846)",46455,0,"c,h"
"POINT (12.4463954406758 41.8200183774706)",46456,0,"c,h"
"POINT (12.4470114661071 41.8196483760935)",46457,0,"c,h"
"POINT (12.4468385502661 41.8076502464158)",46458,0,"c,h"
"POINT (12.4464314992318 41.8124332960881)",46462,0,"c,h"
"POINT (12.4466135080846 41.8121462937724)",46463,0,"c,h"
"POINT (12.4469224882576 41.816279339498)",46466,0,"c,h"
"POINT (12.4468814497832 41.8211783919963)",46478,0,"c,h"
"POINT (12.4467404836141 41.8160083358164)",46488,0,"c,h"
"POINT (12.4469694902942 41.8162383392557)",46489,0,"c,h"
"POINT (12.4470285405025 41.8098702710685)",46513,0,"c,h"
"POINT (12.4476116251937 41.8014801834127)",46518,0,"c,h"
"POINT (12.4470895432266 41.8098062706384)",46521,0,"c,h"
"POINT (12.4465294563467 41.8185943627257)",46531,0,"c,h"
"POINT (12.447622624595 41.8016131848872)",46533,0,"c,h"
"POINT (12.4470055547201 41.8078732495165)",46535,0,"c,h"
"POINT (12.4476336252932 41.8015741845149)",46538,0,"c,h"
"POINT (12.446755465075 41.818538363078)",46547,0,"c,h"
"POINT (12.4465665069008 41.8120742928002)",46551,0,"c,h"
"POINT (12.4462564967244 41.8119132897612)",46553,0,"c,h"
"POINT (12.4466765101506 41.8121792943931)",46566,0,"c,h"
"POINT (12.4466445094576 41.8121152935702)",46567,0,"c,h"
"POINT (12.4466865113026 41.8120752933177)",46577,0,"c,h"
"POINT (12.4467275130959 41.8120372930825)",46584,0,"c,h"
"POINT (12.4467065114868 41.8121482941866)",46592,0,"c,h"
"POINT (12.4468375167003 41.8120952941702)",46598,0,"c,h"
"POINT (12.4467755152444 41.8119862927371)",46599,0,"c,h"
"POINT (12.4467344620092 41.8188423662578)",46601,0,"c,h"
"POINT (12.4470814758182 41.8187023662178)",46602,0,"c,h"
"POINT (12.4469274921007 41.8157943343057)",46603,0,"c,h"
"POINT (12.4470124923573 41.8161743387493)",46604,0,"c,h"
"POINT (12.4486464885509 41.8246374366501)",46605,0,"c,h"
"POINT (12.4468014664863 41.81857536367)",46610,0,"c,h"
"POINT (12.4467585131939 41.8121752946963)",46611,0,"c,h"
"POINT (12.446798514973 41.8121342944246)",46612,0,"c,h"
"POINT (12.4473925427665 41.8113432884327)",46616,0,"c,h"
"POINT (12.4467934834341 41.8162903390716)",46618,0,"c,h"
"POINT (12.4470614927018 41.8163673410309)",46619,0,"c,h"
"POINT (12.4468394673697 41.8186433645616)",46624,0,"c,h"
"POINT (12.4468124653285 41.818782365942)",46628,0,"c,h"
"POINT (12.447260589097 41.8045572149745)",46630,0,"c,h"
"POINT (12.4468964945077 41.8153243291228)",46632,0,"c,h"
"POINT (12.4476795442832 41.8125403025074)",46636,0,"c,h"
"POINT (12.4485516208812 41.806632242712)",46638,0,"c,h"
"POINT (12.4475806034174 41.8042172126738)",46639,0,"c,h"
"POINT (12.4477695085422 41.8177163585223)",46651,0,"c,h"
"POINT (12.4468815186792 41.8120472938402)",46652,0,"c,h"
"POINT (12.4493705481118 41.8202703927416)",46653,0,"c,h"
"POINT (12.4483815053653 41.8211183976849)",46654,0,"c,h"
"POINT (12.448604556602 41.8154133372909)",46657,0,"c,h"
"POINT (12.4471335048918 41.8151023277373)",46658,0,"c,h"
"POINT (12.4470854940063 41.8163113405303)",46675,0,"c,h"
"POINT (12.4470004533493 41.8212853936495)",46685,0,"c,h"
"POINT (12.4474764678779 41.8216783998857)",46686,0,"c,h"
"POINT (12.44818449731 41.8212263980145)",46687,0,"c,h"
"POINT (12.4489036310241 41.8070022481724)",46690,0,"c,h"
"POINT (12.4470434665964 41.8197393772071)",46695,0,"c,h"
"POINT (12.4483365180776 41.8192143770217)",46696,0,"c,h"
"POINT (12.4474165053327 41.8164223431211)",46697,0,"c,h"
"POINT (12.4481535899163 41.8087992643113)",46701,0,"c,h"
"POINT (12.4481055260884 41.8170273525339)",46709,0,"c,h"
"POINT (12.4496865795807 41.8176383657769)",46723,0,"c,h"
"POINT (12.448138527701 41.8169743521035)",46725,0,"c,h"
"POINT (12.4481325898235 41.8087092632558)",46726,0,"c,h"
"POINT (12.4506287012483 41.8060942456996)",46742,0,"c,h"
"POINT (12.4471826120425 41.8011341778864)",46750,0,"c,h"
"POINT (12.4506947044497 41.8059912448718)",46753,0,"c,h"
"POINT (12.4473145915259 41.8044982145688)",46771,0,"c,h"
"POINT (12.4475245479185 41.8113032885601)",46810,0,"c,h"
"POINT (12.4476045140673 41.8161803413135)",46818,0,"c,h"
"POINT (12.447902520952 41.8167193483658)",46819,0,"c,h"
"POINT (12.4484014964796 41.8223934114806)",46837,0,"c,h"
"POINT (12.4500686346558 41.8121973089065)",46849,0,"c,h"
"POINT (12.4476036271843 41.8011771801254)",46856,0,"c,h"
"POINT (12.4476976403632 41.7998871666716)",46857,0,"c,h"
"POINT (12.4495486657754 41.8055362351478)",46870,0,"c,h"
"POINT (12.4481086430824 41.8015291860369)",46871,0,"c,h"
"POINT (12.44761254118 41.812625303138)",46872,0,"c,h"
"POINT (12.4476465427613 41.8125813028087)",46873,0,"c,h"
"POINT (12.4491246647639 41.8036042126081)",46876,0,"c,h"
"POINT (12.4477446294086 41.8015691849298)",46877,0,"c,h"
"POINT (12.4476996274765 41.8016061851371)",46880,0,"c,h"
"POINT (12.4480765572947 41.8127493064296)",46892,0,"c,h"
"POINT (12.4493047009196 41.799685171286)",46901,0,"c,h"
"POINT (12.448151644368 41.8015681866371)",46902,0,"c,h"
"POINT (12.4481635210224 41.8179813630348)",46912,0,"c,h"
"POINT (12.4498577330372 41.7981191568078)",46921,0,"c,h"
"POINT (12.4482055306913 41.8169043516338)",46962,0,"c,h"
"POINT (12.4481065303123 41.8164723465719)",46963,0,"c,h"
"POINT (12.4480145543602 41.8128363071028)",46994,0,"c,h"
"POINT (12.448046555868 41.812792306765)",46995,0,"c,h"
"POINT (12.4484385691486 41.8129413100213)",47011,0,"c,h"
"POINT (12.4492495627816 41.8177363649857)",47020,0,"c,h"
"POINT (12.4490545767217 41.814938334085)",47027,0,"c,h"
"POINT (12.4485025632786 41.8140313220061)",47028,0,"c,h"
"POINT (12.450221722765 41.801256192024)",47031,0,"c,h"
"POINT (12.4496226457238 41.8085562679017)",47032,0,"c,h"
"POINT (12.4493195657539 41.8176833647114)",47033,0,"c,h"
"POINT (12.4502927246271 41.8013551933866)",47037,0,"c,h"
"POINT (12.4496146448945 41.8086272686307)",47039,0,"c,h"
"POINT (12.4483635657967 41.8130203105536)",47045,0,"c,h"
"POINT (12.4485805115775 41.8212644000951)",47049,0,"c,h"
"POINT (12.4488225505142 41.8172823583023)",47054,0,"c,h"
"POINT (12.4488785389852 41.8190833779015)",47097,0,"c,h"
"POINT (12.4483635183531 41.8193093781572)",47098,0,"c,h"
"POINT (12.4483605931404 41.8093802714273)",47106,0,"c,h"
"POINT (12.4501196569123 41.8094942800771)",47107,0,"c,h"
"POINT (12.4484025675316 41.8129803102884)",47108,0,"c,h"
"POINT (12.4486125135761 41.821155399058)",47114,0,"c,h"
"POINT (12.4494425290968 41.8231414239203)",47118,0,"c,h"
"POINT (12.4494245394284 41.8216844081749)",47119,0,"c,h"
"POINT (12.4488795836038 41.8131733143763)",47131,0,"c,h"
"POINT (12.4489996393997 41.8063592416706)",47171,0,"c,h"
"POINT (12.4490595278242 41.821444404053)",47178,0,"c,h"
"POINT (12.4488005653737 41.8152053358826)",47183,0,"c,h"
"POINT (12.4491415316 41.8213434033131)",47184,0,"c,h"
"POINT (12.4491056587733 41.8043062200671)",47188,0,"c,h"
"POINT (12.4511225660463 41.8264284663689)",47194,0,"c,h"
"POINT (12.4497525386799 41.8233814278103)",47195,0,"c,h"
"POINT (12.4488075803471 41.8132543149429)",47233,0,"c,h"
"POINT (12.448844582016 41.8132133146584)",47234,0,"c,h"
"POINT (12.4490725620628 41.8169693559929)",47239,0,"c,h"
"POINT (12.4499385753919 41.8194213860106)",47252,0,"c,h"
"POINT (12.4489005391222 41.8191723789513)",47253,0,"c,h"
"POINT (12.4493385986452 41.8134153189147)",47254,0,"c,h"
"POINT (12.4495646578435 41.8066662473532)",47263,0,"c,h"
"POINT (12.4515247531703 41.8035732224039)",47287,0,"c,h"
"POINT (12.4495556628434 41.8059592397209)",47288,0,"c,h"
"POINT (12.4497046675337 41.8060632414669)",47289,0,"c,h"
"POINT (12.4503396305569 41.814061330083)",47308,0,"c,h"
"POINT (12.4490536546764 41.8045962229623)",47329,0,"c,h"
"POINT (12.4506327032724 41.8058452430419)",47330,0,"c,h"
"POINT (12.4493536703499 41.803979217602)",47335,0,"c,h"
"POINT (12.4495355441116 41.8216044077832)",47336,0,"c,h"
"POINT (12.4495036785219 41.803626214444)",47340,0,"c,h"
"POINT (12.4493606720394 41.803789215591)",47341,0,"c,h"
"POINT (12.4538846184238 41.8329435481314)",47356,0,"c,h"
"POINT (12.4507236107968 41.8185523799808)",47372,0,"c,h"
"POINT (12.4492685954545 41.8134973195005)",47374,0,"c,h"
"POINT (12.4493045970942 41.8134553192011)",47375,0,"c,h"
"POINT (12.4501747340024 41.7995361733581)",47387,0,"c,h"
"POINT (12.4507826133498 41.8185013796815)",47391,0,"c,h"
"POINT (12.4498336148589 41.8136773238201)",47395,0,"c,h"
"POINT (12.449445674642 41.8038582166908)",47412,0,"c,h"
"POINT (12.4500465590827 41.8221094153712)",47428,0,"c,h"
"POINT (12.4504865729762 41.8224114204765)",47431,0,"c,h"
"POINT (12.449520676915 41.8039222176947)",47443,0,"c,h"
"POINT (12.4496366827824 41.8037092158967)",47444,0,"c,h"
"POINT (12.4508427066005 41.8064272501798)",47456,0,"c,h"
"POINT (12.4497306866882 41.8036492156491)",47466,0,"c,h"
"POINT (12.4501265627549 41.8220124146658)",47469,0,"c,h"
"POINT (12.4496426806432 41.8040222192836)",47474,0,"c,h"
"POINT (12.4502606851343 41.8064382478417)",47478,0,"c,h"
"POINT (12.4499706760778 41.8062262443404)",47479,0,"c,h"
"POINT (12.4495675581359 41.8199013896055)",47481,0,"c,h"
"POINT (12.449892573309 41.8194733863755)",47482,0,"c,h"
"POINT (12.4501816649737 41.8087272720982)",47491,0,"c,h"
"POINT (12.4500526634082 41.8083062670308)",47493,0,"c,h"
"POINT (12.4501786655043 41.8086422711724)",47494,0,"c,h"
"POINT (12.4496946822295 41.8040652199648)",47515,0,"c,h"
"POINT (12.45028060488 41.8171783633391)",47524,0,"c,h"
"POINT (12.4499386896484 41.8042702231964)",47533,0,"c,h"
"POINT (12.4501336842227 41.8059402419564)",47534,0,"c,h"
"POINT (12.4500985493827 41.8236484321426)",47548,0,"c,h"
"POINT (12.449953736835 41.7980831568265)",47549,0,"c,h"
"POINT (12.4497596115438 41.8137563243568)",47551,0,"c,h"
"POINT (12.4497976132494 41.8137153240765)",47566,0,"c,h"
"POINT (12.4498316593974 41.8077612602431)",47575,0,"c,h"
"POINT (12.4503046782466 41.8075662601446)",47576,0,"c,h"
"POINT (12.4486946216485 41.8072272497072)",47577,0,"c,h"
"POINT (12.4503226308825 41.813935328657)",47579,0,"c,h"
"POINT (12.450439591021 41.819790392093)",47607,0,"c,h"
"POINT (12.4513667926436 41.7975651572285)",47618,0,"c,h"
"POINT (12.4530747915236 41.8060402554411)",47625,0,"c,h"
"POINT (12.4505457015536 41.8056492405695)",47626,0,"c,h"
"POINT (12.4507166891095 41.8081332679747)",47648,0,"c,h"
"POINT (12.4504106337693 41.8139813295229)",47652,0,"c,h"
"POINT (12.4539507938563 41.8100013016909)",47653,0,"c,h"
"POINT (12.450232640207 41.8122603102757)",47654,0,"c,h"
"POINT (12.4511465936658 41.8228844283494)",47660,0,"c,h"
"POINT (12.451118581313 41.8243854443754)",47661,0,"c,h"
"POINT (12.4506846757422 41.8097502852124)",47669,0,"c,h"
"POINT (12.4505935774822 41.8223354201108)",47673,0,"c,h"
"POINT (12.452083732537 41.8090352834342)",47683,0,"c,h"
"POINT (12.4520787317804 41.8091112842297)",47684,0,"c,h"
"POINT (12.4509816655504 41.8125493165427)",47703,0,"c,h"
"POINT (12.4502636280658 41.8140213293323)",47712,0,"c,h"
"POINT (12.4502936295001 41.813977328986)",47713,0,"c,h"
"POINT (12.4505836178933 41.8169293619412)",47720,0,"c,h"
"POINT (12.4505707453088 41.7999661796459)",47725,0,"c,h"
"POINT (12.450589745238 41.8000681808212)",47736,0,"c,h"
"POINT (12.450375632189 41.8140203297943)",47749,0,"c,h"
"POINT (12.4509846086674 41.8201063977913)",47797,0,"c,h"
"POINT (12.4504865932085 41.8197293916355)",47798,0,"c,h"
"POINT (12.4504457311674 41.8012331927223)",47845,0,"c,h"
"POINT (12.4542948556831 41.8034742330277)",47852,0,"c,h"
"POINT (12.4507067403034 41.801293194468)",47853,0,"c,h"
"POINT (12.4505746873074 41.8076802625088)",47855,0,"c,h"
"POINT (12.4506856884229 41.8080732671993)",47856,0,"c,h"
"POINT (12.4518326779407 41.8150533470466)",47857,0,"c,h"
"POINT (12.45126559853 41.8228194281526)",47869,0,"c,h"
"POINT (12.4516517335501 41.8067952575468)",47889,0,"c,h"
"POINT (12.4532867893039 41.8073682706012)",47898,0,"c,h"
"POINT (12.4505696705063 41.8098842861668)",47900,0,"c,h"
"POINT (12.4508036811854 41.8096082841889)",47901,0,"c,h"
"POINT (12.4530818505041 41.7982471717857)",47906,0,"c,h"
"POINT (12.4524308062828 41.8009421979738)",47907,0,"c,h"
"POINT (12.4524868075715 41.8010441993053)",47911,0,"c,h"
"POINT (12.4515377173226 41.808392274222)",47914,0,"c,h"
"POINT (12.4508246140938 41.8186073809984)",47919,0,"c,h"
"POINT (12.451739737507 41.8066992568869)",47922,0,"c,h"
"POINT (12.4509436206847 41.8183133783398)",47938,0,"c,h"
"POINT (12.4508536156876 41.8185373803682)",47939,0,"c,h"
"POINT (12.4519046493128 41.8192003919326)",47952,0,"c,h"
"POINT (12.4520006534745 41.8191163914345)",47964,0,"c,h"
"POINT (12.451461726132 41.8068532573681)",47968,0,"c,h"
"POINT (12.4511476299845 41.8180743766313)",47986,0,"c,h"
"POINT (12.4520557018869 41.8129643255353)",47997,0,"c,h"
"POINT (12.4521376460652 41.8207664097547)",47998,0,"c,h"
"POINT (12.4510426112818 41.8200423973479)",48021,0,"c,h"
"POINT (12.4520976119035 41.8251004561985)",48037,0,"c,h"
"POINT (12.4521676252561 41.8236714411232)",48038,0,"c,h"
"POINT (12.4511206988797 41.80880627691)",48041,0,"c,h"
"POINT (12.4519285998903 41.8258694637575)",48042,0,"c,h"
"POINT (12.4531036272011 41.8279744913629)",48043,0,"c,h"
"POINT (12.4517366119264 41.8233384357226)",48049,0,"c,h"
"POINT (12.4518276159953 41.8232424350741)",48089,0,"c,h"
"POINT (12.4515497998708 41.7974981572815)",48119,0,"c,h"
"POINT (12.4514567889493 41.7984941675812)",48149,0,"c,h"
"POINT (12.4516597971449 41.7983961673857)",48150,0,"c,h"
"POINT (12.4534857880612 41.8085032836342)",48168,0,"c,h"
"POINT (12.4539258418778 41.8035072318255)",48179,0,"c,h"
"POINT (12.4537658004294 41.8082272818503)",48224,0,"c,h"
"POINT (12.453383789612 41.8078002756513)",48239,0,"c,h"
"POINT (12.4522936304832 41.8235924408053)",48252,0,"c,h"
"POINT (12.4552768066132 41.8147733585687)",48253,0,"c,h"
"POINT (12.4519646845258 41.8148233451315)",48254,0,"c,h"
"POINT (12.452880681148 41.819735401804)",48264,0,"c,h"
"POINT (12.4528837299006 41.8132843324684)",48279,0,"c,h"
"POINT (12.4517626775777 41.8147603436019)",48280,0,"c,h"
"POINT (12.4520816570623 41.8190353909055)",48293,0,"c,h"
"POINT (12.4524907166051 41.8131323291765)",48313,0,"c,h"
"POINT (12.4535457889995 41.8086712856923)",48319,0,"c,h"
"POINT (12.4521716610638 41.8189433902961)",48321,0,"c,h"
"POINT (12.4529576847019 41.8196394010967)",48322,0,"c,h"
"POINT (12.4533487813767 41.8087222854091)",48323,0,"c,h"
"POINT (12.4531606564067 41.82438045294)",48327,0,"c,h"
"POINT (12.4521836480575 41.8207264095187)",48339,0,"c,h"
"POINT (12.4528136679992 41.8211524167584)",48340,0,"c,h"
"POINT (12.4528276459621 41.8241424489747)",48346,0,"c,h"
"POINT (12.4524616739389 41.8186493883589)",48347,0,"c,h"
"POINT (12.4530346861745 41.8198194033571)",48353,0,"c,h"
"POINT (12.4529106496012 41.824064448486)",48380,0,"c,h"
"POINT (12.4524056443375 41.8223014273931)",48400,0,"c,h"
"POINT (12.4533686740832 41.8230504395126)",48401,0,"c,h"
"POINT (12.4548928988684 41.8006582053106)",48414,0,"c,h"
"POINT (12.4534748505506 41.8001571939497)",48415,0,"c,h"
"POINT (12.4547668934411 41.8007642059173)",48421,0,"c,h"
"POINT (12.4537788500928 41.8017002118002)",48422,0,"c,h"
"POINT (12.4526405753237 41.8325945391248)",48462,0,"c,h"
"POINT (12.4523735679604 41.8322695345)",48463,0,"c,h"
"POINT (12.4527026845078 41.8184223869354)",48481,0,"c,h"
"POINT (12.4531327053857 41.8177493815143)",48482,0,"c,h"
"POINT (12.4540437079123 41.8218544294981)",48525,0,"c,h"
"POINT (12.4531968549696 41.7982151719273)",48528,0,"c,h"
"POINT (12.4528576699557 41.8211074164602)",48537,0,"c,h"
"POINT (12.4537067080896 41.8201884101605)",48538,0,"c,h"
"POINT (12.4530816877057 41.819845403835)",48596,0,"c,h"
"POINT (12.4531366905416 41.8197374029058)",48597,0,"c,h"
"POINT (12.4531898508852 41.7987231773515)",48603,0,"c,h"
"POINT (12.4533806365461 41.8280854937262)",48610,0,"c,h"
"POINT (12.453387635966 41.82819649495)",48611,0,"c,h"
"POINT (12.4536807301998 41.8171293771612)",48622,0,"c,h"
"POINT (12.4534376651551 41.8245704561527)",48628,0,"c,h"
"POINT (12.453188692234 41.819766403437)",48635,0,"c,h"
"POINT (12.4532898547244 41.7987011775371)",48636,0,"c,h"
"POINT (12.4535428539905 41.8000321928944)",48652,0,"c,h"
"POINT (12.4574659954937 41.8003792131665)",48653,0,"c,h"
"POINT (12.4532996979047 41.8195554016366)",48654,0,"c,h"
"POINT (12.4538778083506 41.8077222768976)",48660,0,"c,h"
"POINT (12.4534787871633 41.8085882845179)",48661,0,"c,h"
"POINT (12.4544267068618 41.8238604526891)",48665,0,"c,h"
"POINT (12.4548277321883 41.8224564392804)",48666,0,"c,h"
"POINT (12.4535976445304 41.8280844946312)",48671,0,"c,h"
"POINT (12.4535926436526 41.8281764955999)",48672,0,"c,h"
"POINT (12.4535006393504 41.8282984965243)",48674,0,"c,h"
"POINT (12.4538168031926 41.8081092807978)",48682,0,"c,h"
"POINT (12.4535286689902 41.8245054558375)",48689,0,"c,h"
"POINT (12.4535956701481 41.8246784579811)",48690,0,"c,h"
"POINT (12.4536576448501 41.8283344975742)",48708,0,"c,h"
"POINT (12.4538286496424 41.8285325004263)",48709,0,"c,h"
"POINT (12.4535257900811 41.8084302830187)",48720,0,"c,h"
"POINT (12.4539168081632 41.8079372793719)",48721,0,"c,h"
"POINT (12.4537837981514 41.8086172861163)",48722,0,"c,h"
"POINT (12.4539566870374 41.8241984543414)",48725,0,"c,h"
"POINT (12.45388085329 41.8017732130143)",48730,0,"c,h"
"POINT (12.4536007908847 41.8086892861177)",48731,0,"c,h"
"POINT (12.4537306481596 41.8282514969893)",48741,0,"c,h"
"POINT (12.4546517064668 41.8250094659976)",48743,0,"c,h"
"POINT (12.4548217110714 41.8252274690599)",48744,0,"c,h"
"POINT (12.4539296600384 41.8276464913197)",48747,0,"c,h"
"POINT (12.4537537966949 41.8086642864947)",48748,0,"c,h"
"POINT (12.4536467061106 41.8201584095848)",48752,0,"c,h"
"POINT (12.4561428044422 41.8192834107069)",48760,0,"c,h"
"POINT (12.4538047123323 41.8201034096601)",48768,0,"c,h"
"POINT (12.4538877139953 41.8202874119889)",48769,0,"c,h"
"POINT (12.4541768134281 41.8085062865818)",48775,0,"c,h"
"POINT (12.4537266491818 41.8280964953047)",48776,0,"c,h"
"POINT (12.4538936521826 41.8285125004854)",48777,0,"c,h"
"POINT (12.4537527106398 41.8200744091288)",48784,0,"c,h"
"POINT (12.4569999016333 41.8105663206235)",48785,0,"c,h"
"POINT (12.4544718264453 41.8082172847214)",48795,0,"c,h"
"POINT (12.4542848180822 41.8084152860597)",48800,0,"c,h"
"POINT (12.4539907207594 41.819892408176)",48803,0,"c,h"
"POINT (12.4540486561831 41.8287375035604)",48811,0,"c,h"
"POINT (12.4543878595218 41.8034182328186)",48833,0,"c,h"
"POINT (12.4599278061192 41.8375146228341)",48834,0,"c,h"
"POINT (12.4561427139417 41.8312855398149)",48835,0,"c,h"
"POINT (12.4549717493569 41.82088142295)",48838,0,"c,h"
"POINT (12.454097815703 41.8078192788678)",48855,0,"c,h"
"POINT (12.4544276827266 41.8270654871703)",48857,0,"c,h"
"POINT (12.4539447169046 41.820179411068)",48865,0,"c,h"
"POINT (12.4551327555305 41.8208474232637)",48866,0,"c,h"
"POINT (12.4542647156429 41.8219064309899)",48897,0,"c,h"
"POINT (12.4540996577034 41.8287845042813)",48898,0,"c,h"
"POINT (12.4540827097077 41.8218064291465)",48903,0,"c,h"
"POINT (12.4553358646943 41.8073542790948)",48907,0,"c,h"
"POINT (12.4546366737927 41.8292685117553)",48908,0,"c,h"
"POINT (12.4541326202981 41.8339035595111)",48928,0,"c,h"
"POINT (12.4561716838473 41.835416584402)",48929,0,"c,h"
"POINT (12.4569579018607 41.8103313179212)",48937,0,"c,h"
"POINT (12.4565818911415 41.8099203119191)",48968,0,"c,h"
"POINT (12.4544228584719 41.8037282362955)",48971,0,"c,h"
"POINT (12.4545248622344 41.8037262367044)",49003,0,"c,h"
"POINT (12.4555568854803 41.8056732619696)",49009,0,"c,h"
"POINT (12.4549037272524 41.8234814506252)",49010,0,"c,h"
"POINT (12.4535026437162 41.8277294904108)",49013,0,"c,h"
"POINT (12.4546186914294 41.8268424855771)",49014,0,"c,h"
"POINT (12.4548018403188 41.8079852836211)",49022,0,"c,h"
"POINT (12.4556148880483 41.8056152615912)",49040,0,"c,h"
"POINT (12.4577010034943 41.8004632150594)",49041,0,"c,h"
"POINT (12.4558737493931 41.8252734739933)",49058,0,"c,h"
"POINT (12.4548046976028 41.8269304873087)",49059,0,"c,h"
"POINT (12.4552576927516 41.8297815198957)",49063,0,"c,h"
"POINT (12.4558837606717 41.8238264584706)",49065,0,"c,h"
"POINT (12.4555018697462 41.8074932812883)",49103,0,"c,h"
"POINT (12.4556877269083 41.8273484955314)",49104,0,"c,h"
"POINT (12.4553257316256 41.8249584682928)",49106,0,"c,h"
"POINT (12.4548687322173 41.8226524415614)",49125,0,"c,h"
"POINT (12.4556977551546 41.8236514558037)",49126,0,"c,h"
"POINT (12.4549017304893 41.8230424458951)",49134,0,"c,h"
"POINT (12.4550697525515 41.8209354239442)",49150,0,"c,h"
"POINT (12.4550657534752 41.8207934224003)",49168,0,"c,h"
"POINT (12.4564747780893 41.8243974671057)",49169,0,"c,h"
"POINT (12.4566357851834 41.8242414661069)",49181,0,"c,h"
"POINT (12.456715671137 41.8397526333834)",49182,0,"c,h"
"POINT (12.4563337220192 41.831145539114)",49215,0,"c,h"
"POINT (12.4559158879941 41.8070902787052)",49235,0,"c,h"
"POINT (12.4557238895592 41.8059462656064)",49236,0,"c,h"
"POINT (12.45592388764 41.8071762796628)",49285,0,"c,h"
"POINT (12.4558048927311 41.8059202656688)",49317,0,"c,h"
"POINT (12.4565579201261 41.8059562692314)",49318,0,"c,h"
"POINT (12.4571437752493 41.8280355090654)",49329,0,"c,h"
"POINT (12.4560078965882 41.8063982716596)",49340,0,"c,h"
"POINT (12.4560908997734 41.8063802718163)",49357,0,"c,h"
"POINT (12.4566876690059 41.8398986348375)",49358,0,"c,h"
"POINT (12.4564877759433 41.8247454709039)",49369,0,"c,h"
"POINT (12.456067894257 41.8070002783795)",49386,0,"c,h"
"POINT (12.4559608892481 41.8071432794644)",49387,0,"c,h"
"POINT (12.4561108953245 41.8070682792914)",49395,0,"c,h"
"POINT (12.4559687962079 41.8195274125965)",49397,0,"c,h"
"POINT (12.4562969035223 41.8068872781315)",49410,0,"c,h"
"POINT (12.4562058998849 41.8069262781666)",49421,0,"c,h"
"POINT (12.4563869071229 41.8068482780921)",49428,0,"c,h"
"POINT (12.4562529010543 41.8070002791598)",49434,0,"c,h"
"POINT (12.4565288141434 41.819878418733)",49440,0,"c,h"
"POINT (12.4564257237873 41.8313595418052)",49441,0,"c,h"
"POINT (12.4566796988205 41.8359075918312)",49455,0,"c,h"
"POINT (12.4563399045673 41.8069582790756)",49482,0,"c,h"
"POINT (12.4563049031382 41.8069772791321)",49490,0,"c,h"
"POINT (12.4563649052071 41.8069952795785)",49504,0,"c,h"
"POINT (12.4578239397016 41.8095323129882)",49510,0,"c,h"
"POINT (12.4564239079927 41.8069132789464)",49518,0,"c,h"
"POINT (12.4565079117043 41.8068302784091)",49519,0,"c,h"
"POINT (12.4564479085807 41.8069522794666)",49531,0,"c,h"
"POINT (12.4583947694091 41.8349085883115)",49532,0,"c,h"
"POINT (12.4578149414277 41.809259310017)",49538,0,"c,h"
"POINT (12.4566867847357 41.824549469635)",49550,0,"c,h"
"POINT (12.4570127953839 41.8247264729142)",49555,0,"c,h"
"POINT (12.4566269162575 41.8068062786532)",49568,0,"c,h"
"POINT (12.4595139799016 41.8124393513529)",49570,0,"c,h"
"POINT (12.4570399336167 41.8065162772797)",49594,0,"c,h"
"POINT (12.4575899245788 41.8103983213065)",49610,0,"c,h"
"POINT (12.4570429321675 41.806723279516)",49611,0,"c,h"
"POINT (12.4568607923603 41.8243864686157)",49614,0,"c,h"
"POINT (12.4570918025927 41.8241554671054)",49615,0,"c,h"
"POINT (12.4562996868484 41.835642587375)",49627,0,"c,h"
"POINT (12.4569037052231 41.8361505953923)",49628,0,"c,h"
"POINT (12.456778672714 41.8398506347045)",49631,0,"c,h"
"POINT (12.4574907025076 41.8393716325502)",49646,0,"c,h"
"POINT (12.4574196985994 41.8395436341029)",49671,0,"c,h"
"POINT (12.4612931399558 41.799865223782)",49702,0,"c,h"
"POINT (12.4568637462997 41.8305095345056)",49703,0,"c,h"
"POINT (12.4584137811408 41.8334455726432)",49704,0,"c,h"
"POINT (12.4594660702702 41.8002062197417)",49712,0,"c,h"
"POINT (12.4576437358773 41.8356935935943)",49718,0,"c,h"
"POINT (12.4592577743801 41.8384566301512)",49719,0,"c,h"
"POINT (12.4571367998965 41.8247324735018)",49765,0,"c,h"
"POINT (12.4570979342335 41.8067172796835)",49773,0,"c,h"
"POINT (12.4574459473436 41.8066742806892)",49774,0,"c,h"
"POINT (12.458848757343 41.8387216312795)",49788,0,"c,h"
"POINT (12.457363814626 41.8238854653486)",49795,0,"c,h"
"POINT (12.457240804428 41.8246384729293)",49796,0,"c,h"
"POINT (12.4573308068615 41.8247544745567)",49803,0,"c,h"
"POINT (12.4576667926952 41.8282715138109)",49804,0,"c,h"
"POINT (12.4590288525025 41.8269795056547)",49805,0,"c,h"
"POINT (12.4619570367521 41.8168104086361)",49830,0,"c,h"
"POINT (12.4574308101904 41.8248004754734)",49852,0,"c,h"
"POINT (12.4580858473983 41.8230584594988)",49865,0,"c,h"
"POINT (12.4590448673682 41.8250854853466)",49866,0,"c,h"
"POINT (12.4575967057563 41.8394576339235)",49879,0,"c,h"
"POINT (12.4581378321973 41.8253284841352)",49883,0,"c,h"
"POINT (12.4667743011407 41.8052043042159)",49885,0,"c,h"
"POINT (12.4588389665487 41.8109193321721)",49929,0,"c,h"
"POINT (12.4585027423883 41.8390176330074)",49930,0,"c,h"
"POINT (12.4587348301379 41.8285125209088)",49937,0,"c,h"
"POINT (12.4580628059326 41.8284465173642)",49938,0,"c,h"
"POINT (12.4580147912517 41.8301595355945)",50034,0,"c,h"
"POINT (12.4581587968772 41.8301155357284)",50035,0,"c,h"
"POINT (12.4583187979106 41.8307585433229)",50036,0,"c,h"
"POINT (12.4582908020313 41.8300755358547)",50052,0,"c,h"
"POINT (12.4586098242084 41.828689522286)",50053,0,"c,h"
"POINT (12.4600639156698 41.823646474165)",50061,0,"c,h"
"POINT (12.458614871146 41.8224874555887)",50062,0,"c,h"
"POINT (12.4585938086234 41.8306785436219)",50112,0,"c,h"
"POINT (12.4584127999637 41.8309445457211)",50118,0,"c,h"
"POINT (12.4584537712087 41.8349575890878)",50146,0,"c,h"
"POINT (12.4585518053904 41.8309025458554)",50161,0,"c,h"
"POINT (12.4585228023713 41.8311615485204)",50162,0,"c,h"
"POINT (12.4596478290567 41.8331075742099)",50163,0,"c,h"
"POINT (12.4600338373364 41.8338915842768)",50164,0,"c,h"
"POINT (12.4585167730875 41.835015589978)",50171,0,"c,h"
"POINT (12.4585357740349 41.8349825897029)",50187,0,"c,h"
"POINT (12.4584598034032 41.8307175434764)",50191,0,"c,h"
"POINT (12.4586287474813 41.838956632882)",50205,0,"c,h"
"POINT (12.4591457943505 41.8352625952901)",50209,0,"c,h"
"POINT (12.4588228089362 41.8317535561571)",50214,0,"c,h"
"POINT (12.4591117946011 41.8350635930044)",50220,0,"c,h"
"POINT (12.4586868106549 41.8308625459943)",50228,0,"c,h"
"POINT (12.4592088442301 41.8289545276639)",50247,0,"c,h"
"POINT (12.4587108760237 41.8223084540684)",50250,0,"c,h"
"POINT (12.458746877068 41.8223454546181)",50251,0,"c,h"
"POINT (12.4593077749213 41.8386286322142)",50257,0,"c,h"
"POINT (12.4586588077103 41.8311165486098)",50266,0,"c,h"
"POINT (12.4587918129391 41.8310715486864)",50273,0,"c,h"
"POINT (12.4588788829975 41.8222024536369)",50280,0,"c,h"
"POINT (12.4590968195823 41.8316775564948)",50304,0,"c,h"
"POINT (12.4589588142225 41.8317155563217)",50317,0,"c,h"
"POINT (12.4590978149442 41.8322975631719)",50318,0,"c,h"
"POINT (12.4598209894428 41.8126703551299)",50325,0,"c,h"
"POINT (12.4592359803307 41.8110263349959)",50326,0,"c,h"
"POINT (12.4593107758613 41.8385186310424)",50329,0,"c,h"
"POINT (12.459377905393 41.8216644499552)",50336,0,"c,h"
"POINT (12.4606230114492 41.8136613691623)",50349,0,"c,h"
"POINT (12.4594988630325 41.8278745172662)",50368,0,"c,h"
"POINT (12.4599628885843 41.8267475070976)",50369,0,"c,h"
"POINT (12.4602368599693 41.8318795634767)",50388,0,"c,h"
"POINT (12.4593718255678 41.8322245635418)",50389,0,"c,h"
"POINT (12.4592308200976 41.8322625633561)",50392,0,"c,h"
"POINT (12.459232817894 41.832564566615)",50393,0,"c,h"
"POINT (12.459186797434 41.8350535932131)",50397,0,"c,h"
"POINT (12.4592077965998 41.8352665955947)",50405,0,"c,h"
"POINT (12.459367799941 41.8356035998975)",50406,0,"c,h"
"POINT (12.4595998132291 41.8349725940831)",50417,0,"c,h"
"POINT (12.4603848394964 41.835316601097)",50428,0,"c,h"
"POINT (12.4600528724368 41.8293285352477)",50429,0,"c,h"
"POINT (12.4596308287786 41.8330615736431)",50434,0,"c,h"
"POINT (12.4593598229023 41.8325195666663)",50435,0,"c,h"
"POINT (12.4593267770982 41.8384326301838)",50443,0,"c,h"
"POINT (12.4605028181361 41.8387246382881)",50449,0,"c,h"
"POINT (12.4605658207844 41.83868063808)",50452,0,"c,h"
"POINT (12.4613868473447 41.8391616467219)",50459,0,"c,h"
"POINT (12.4594958282641 41.8324715667233)",50471,0,"c,h"
"POINT (12.4589847846906 41.8357585999508)",50474,0,"c,h"
"POINT (12.4596818115158 41.8355996011788)",50475,0,"c,h"
"POINT (12.4604219522726 41.8205354422163)",50478,0,"c,h"
"POINT (12.461083131157 41.800009224443)",50498,0,"c,h"
"POINT (12.4611218362133 41.8393456475858)",50503,0,"c,h"
"POINT (12.4596528664847 41.8281675210683)",50507,0,"c,h"
"POINT (12.460353841795 41.8348605960573)",50533,0,"c,h"
"POINT (12.4597988322933 41.8334145781512)",50545,0,"c,h"
"POINT (12.4601958786434 41.8292025344949)",50548,0,"c,h"
"POINT (12.461005016523 41.8148513835637)",50552,0,"c,h"
"POINT (12.4608978746879 41.8331505799443)",50575,0,"c,h"
"POINT (12.460738012519 41.8140803741507)",50592,0,"c,h"
"POINT (12.4618368652633 41.8389796466596)",50618,0,"c,h"
"POINT (12.4605939109276 41.8268605109742)",50632,0,"c,h"
"POINT (12.4613728820715 41.8344875963391)",50652,0,"c,h"
"POINT (12.4603258815604 41.829449537701)",50656,0,"c,h"
"POINT (12.460427936721 41.8226284647506)",50663,0,"c,h"
"POINT (12.4615999640949 41.8247124921081)",50664,0,"c,h"
"POINT (12.4613959043721 41.8316415658026)",50693,0,"c,h"
"POINT (12.4607889062167 41.8284365287532)",50721,0,"c,h"
"POINT (12.4604538843587 41.8297025409633)",50722,0,"c,h"
"POINT (12.4628129205934 41.8364006230056)",50727,0,"c,h"
"POINT (12.4626969168335 41.8363336217952)",50734,0,"c,h"
"POINT (12.4618930184899 41.8189224310736)",50742,0,"c,h"
"POINT (12.4623280023978 41.8231804786985)",50745,0,"c,h"
"POINT (12.4631980527576 41.820740456124)",50746,0,"c,h"
"POINT (12.4605738869835 41.8299395440197)",50752,0,"c,h"
"POINT (12.4612538412479 41.839321647884)",50766,0,"c,h"
"POINT (12.4612768425912 41.8392556472703)",50778,0,"c,h"
"POINT (12.4608718934759 41.8305315516471)",50785,0,"c,h"
"POINT (12.4605789058914 41.8274555173125)",50788,0,"c,h"
"POINT (12.4605949100372 41.8269835123017)",50789,0,"c,h"
"POINT (12.4607379167485 41.8267905108283)",50796,0,"c,h"
"POINT (12.4606629133283 41.8268785114588)",50797,0,"c,h"
"POINT (12.4606368221356 41.8388476401777)",50810,0,"c,h"
"POINT (12.4607889175002 41.8269395126464)",50814,0,"c,h"
"POINT (12.4608849308044 41.8256424990977)",50829,0,"c,h"
"POINT (12.4607379291692 41.8251424930991)",50830,0,"c,h"
"POINT (12.4607819318342 41.8250034917894)",50831,0,"c,h"
"POINT (12.4609349382946 41.8248924912405)",50840,0,"c,h"
"POINT (12.4609059361962 41.825029492592)",50841,0,"c,h"
"POINT (12.4609400190307 41.8142013763029)",50842,0,"c,h"
"POINT (12.4612560245494 41.815010386331)",50843,0,"c,h"
"POINT (12.4616469464094 41.827288520019)",50844,0,"c,h"
"POINT (12.4649080644374 41.8275335364019)",50845,0,"c,h"
"POINT (12.4608509332852 41.8251474936294)",50859,0,"c,h"
"POINT (12.4617859087068 41.8329685817297)",50871,0,"c,h"
"POINT (12.4610170207832 41.8143443781646)",50894,0,"c,h"
"POINT (12.4615430411752 41.8142033788665)",50895,0,"c,h"
"POINT (12.4615320326659 41.8152793903861)",50907,0,"c,h"
"POINT (12.4616480308424 41.8160873995609)",50908,0,"c,h"
"POINT (12.4763237048169 41.7981762689468)",50912,0,"c,h"
"POINT (12.4619510400042 41.8163494036549)",50939,0,"c,h"
"POINT (12.4679570589751 41.8431357172198)",50963,0,"c,h"
"POINT (12.4613048434021 41.8392846477006)",50971,0,"c,h"
"POINT (12.4756756815749 41.7981012654147)",50973,0,"c,h"
"POINT (12.4674460396713 41.8432037157989)",50977,0,"c,h"
"POINT (12.4613378451886 41.8392086470214)",50983,0,"c,h"
"POINT (12.4626759268111 41.8349076063546)",50989,0,"c,h"
"POINT (12.4617408581895 41.8394496513161)",50991,0,"c,h"
"POINT (12.4619409257272 41.8314665662172)",50993,0,"c,h"
"POINT (12.4625240772559 41.8141993829589)",51035,0,"c,h"
"POINT (12.4617450373299 41.8156993957989)",51036,0,"c,h"
"POINT (12.4653481951142 41.812329374762)",51050,0,"c,h"
"POINT (12.4618119717368 41.824732493217)",51065,0,"c,h"
"POINT (12.4628599961833 41.8266005177309)",51080,0,"c,h"
"POINT (12.4616240292297 41.8161844005025)",51082,0,"c,h"
"POINT (12.4622080435285 41.8171354131883)",51089,0,"c,h"
"POINT (12.4629258958431 41.8402346647666)",51107,0,"c,h"
"POINT (12.4623910514969 41.8169704121858)",51108,0,"c,h"
"POINT (12.4627079446312 41.8326995827217)",51121,0,"c,h"
"POINT (12.4626019300004 41.8341235976028)",51122,0,"c,h"
"POINT (12.4655071998805 41.8124723769689)",51128,0,"c,h"
"POINT (12.463095017631 41.8249005004331)",51130,0,"c,h"
"POINT (12.4632639095307 41.8400676643932)",51134,0,"c,h"
"POINT (12.4620530252517 41.8188054304901)",51153,0,"c,h"
"POINT (12.4625969512081 41.831285567035)",51165,0,"c,h"
"POINT (12.462357049238 41.8171044134831)",51188,0,"c,h"
"POINT (12.4622670437986 41.8173874161463)",51195,0,"c,h"
"POINT (12.462063016044 41.8200764441991)",51205,0,"c,h"
"POINT (12.4621180204989 41.8197534409577)",51206,0,"c,h"
"POINT (12.4622380340021 41.8185464284851)",51217,0,"c,h"
"POINT (12.462301034969 41.8187254306754)",51218,0,"c,h"
"POINT (12.4631850587582 41.8198804468212)",51224,0,"c,h"
"POINT (12.4622091196518 41.8070323046163)",51258,0,"c,h"
"POINT (12.4645522416808 41.8022572632022)",51259,0,"c,h"
"POINT (12.4623650470537 41.8174334170539)",51275,0,"c,h"
"POINT (12.4622850364375 41.8184524276726)",51276,0,"c,h"
"POINT (12.4627470089156 41.8243594931465)",51281,0,"c,h"
"POINT (12.4623770421314 41.8181454247596)",51297,0,"c,h"
"POINT (12.4625480474593 41.8182724268459)",51298,0,"c,h"
"POINT (12.4635030449839 41.8232604845121)",51303,0,"c,h"
"POINT (12.4623370359531 41.818770431311)",51307,0,"c,h"
"POINT (12.4623630374059 41.8187044307109)",51308,0,"c,h"
"POINT (12.4623030446923 41.8174444169108)",51309,0,"c,h"
"POINT (12.4627890502151 41.8190824365712)",51323,0,"c,h"
"POINT (12.4625120525767 41.8174174175016)",51326,0,"c,h"
"POINT (12.4627100581587 41.8176424207552)",51328,0,"c,h"
"POINT (12.4625540448173 41.818652430957)",51329,0,"c,h"
"POINT (12.4624040478995 41.8175114180569)",51332,0,"c,h"
"POINT (12.4624080902094 41.8119133579007)",51333,0,"c,h"
"POINT (12.4627051020646 41.8117883578092)",51334,0,"c,h"
"POINT (12.4624420477142 41.8177214204749)",51339,0,"c,h"
"POINT (12.4626600530746 41.8180734251784)",51347,0,"c,h"
"POINT (12.4627160540857 41.818212426909)",51370,0,"c,h"
"POINT (12.4625600537005 41.8175024186177)",51373,0,"c,h"
"POINT (12.4625760302128 41.8206984530504)",51380,0,"c,h"
"POINT (12.4630620618004 41.8188764355069)",51382,0,"c,h"
"POINT (12.4628890578677 41.8185544313154)",51383,0,"c,h"
"POINT (12.4628550607083 41.8180114253338)",51387,0,"c,h"
"POINT (12.462647952269 41.8313935684124)",51388,0,"c,h"
"POINT (12.4636689929694 41.8309735681965)",51389,0,"c,h"
"POINT (12.4630059386349 41.8349486081873)",51390,0,"c,h"
"POINT (12.4638489785979 41.833758598931)",51391,0,"c,h"
"POINT (12.462601029851 41.820868454984)",51392,0,"c,h"
"POINT (12.462652031409 41.8209104556506)",51393,0,"c,h"
"POINT (12.4630749611234 41.8323015799852)",51410,0,"c,h"
"POINT (12.4634689843884 41.8311365691076)",51411,0,"c,h"
"POINT (12.4627239284478 41.8349246067399)",51419,0,"c,h"
"POINT (12.4627529181536 41.8364316230864)",51427,0,"c,h"
"POINT (12.4631949636056 41.8325575832465)",51429,0,"c,h"
"POINT (12.4630489395525 41.8350366093159)",51431,0,"c,h"
"POINT (12.4635401431091 41.8104123465418)",51432,0,"c,h"
"POINT (12.4630300677124 41.8179354252543)",51439,0,"c,h"
"POINT (12.4627389463588 41.8326215820129)",51444,0,"c,h"
"POINT (12.4631679629748 41.832509582616)",51445,0,"c,h"
"POINT (12.4631420244443 41.8242254933703)",51447,0,"c,h"
"POINT (12.4630100154785 41.8247714986871)",51448,0,"c,h"
"POINT (12.4629529235697 41.8366886266967)",51451,0,"c,h"
"POINT (12.4629450628032 41.8181724274442)",51453,0,"c,h"
"POINT (12.462741048127 41.8191254368312)",51464,0,"c,h"
"POINT (12.462861921724 41.8364896241705)",51474,0,"c,h"
"POINT (12.4632030596984 41.8198434464992)",51475,0,"c,h"
"POINT (12.4649752130031 41.808132328091)",51487,0,"c,h"
"POINT (12.4631830096238 41.8263925168548)",51493,0,"c,h"
"POINT (12.4631100665022 41.8184864315158)",51507,0,"c,h"
"POINT (12.4638439244493 41.8409176759929)",51508,0,"c,h"
"POINT (12.4629979246212 41.8367686277477)",51513,0,"c,h"
"POINT (12.4634210801617 41.8181904296441)",51526,0,"c,h"
"POINT (12.463294931478 41.8373076348033)",51529,0,"c,h"
"POINT (12.4634840332106 41.8247305002442)",51540,0,"c,h"
"POINT (12.4631749422478 41.8352936126138)",51555,0,"c,h"
"POINT (12.4635910361718 41.8248595020829)",51570,0,"c,h"
"POINT (12.4637440770287 41.8201824524249)",51571,0,"c,h"
"POINT (12.4631860258356 41.8242554938785)",51589,0,"c,h"
"POINT (12.4637100504755 41.8235414884072)",51590,0,"c,h"
"POINT (12.463665087397 41.8184204331455)",51594,0,"c,h"
"POINT (12.4632940706509 41.8188334360224)",51595,0,"c,h"
"POINT (12.4637959555372 41.8365596288618)",51603,0,"c,h"
"POINT (12.4644019898324 41.8349656142554)",51604,0,"c,h"
"POINT (12.464391057389 41.8259465171486)",51608,0,"c,h"
"POINT (12.4632740284751 41.8243344950992)",51611,0,"c,h"
"POINT (12.4637610523426 41.8235424886329)",51612,0,"c,h"
"POINT (12.4646630207933 41.8321305848389)",51616,0,"c,h"
"POINT (12.4632810572772 41.8205454543769)",51617,0,"c,h"
"POINT (12.4630401137046 41.8118773601777)",51623,0,"c,h"
"POINT (12.4626250960599 41.812195361846)",51624,0,"c,h"
"POINT (12.4634571378681 41.810703349319)",51625,0,"c,h"
"POINT (12.4632140595905 41.8199114472768)",51626,0,"c,h"
"POINT (12.4633150600409 41.8203444523588)",51627,0,"c,h"
"POINT (12.4670050321671 41.8420477014882)",51630,0,"c,h"
"POINT (12.4645280865161 41.8227484833255)",51635,0,"c,h"
"POINT (12.4642569536952 41.8390526576491)",51646,0,"c,h"
"POINT (12.4639749581161 41.8370906353337)",51647,0,"c,h"
"POINT (12.4633130595682 41.8203974529203)",51651,0,"c,h"
"POINT (12.4633700749883 41.8186284341386)",51656,0,"c,h"
"POINT (12.4639320848875 41.8200564518624)",51657,0,"c,h"
"POINT (12.4635170660943 41.8205264551674)",51662,0,"c,h"
"POINT (12.4642019471499 41.8396526638785)",51683,0,"c,h"
"POINT (12.4637049936222 41.8310625693061)",51688,0,"c,h"
"POINT (12.463553067651 41.8204954549858)",51709,0,"c,h"
"POINT (12.4635360663557 41.8205844558712)",51719,0,"c,h"
"POINT (12.4636070691385 41.8205614559231)",51720,0,"c,h"
"POINT (12.4635910483239 41.8232464847325)",51721,0,"c,h"
"POINT (12.4637130530267 41.8232174849348)",51722,0,"c,h"
"POINT (12.4644300685409 41.8246565034356)",51723,0,"c,h"
"POINT (12.4640550517583 41.8250545061364)",51724,0,"c,h"
"POINT (12.4646061206481 41.8185974390147)",51733,0,"c,h"
"POINT (12.4663993201398 41.8008482558532)",51735,0,"c,h"
"POINT (12.4646431230473 41.8184594376868)",51739,0,"c,h"
"POINT (12.4639440775099 41.8210944630754)",51740,0,"c,h"
"POINT (12.4636331343436 41.8120303643213)",51751,0,"c,h"
"POINT (12.4640371615525 41.8103883483785)",51752,0,"c,h"
"POINT (12.4640160064873 41.8308725685723)",51755,0,"c,h"
"POINT (12.4636950513857 41.8233474862572)",51763,0,"c,h"
"POINT (12.4637220525966 41.8233184860591)",51764,0,"c,h"
"POINT (12.4640550073106 41.8309535696084)",51769,0,"c,h"
"POINT (12.4638090567587 41.8231904850491)",51772,0,"c,h"
"POINT (12.4637530535176 41.8233474865017)",51784,0,"c,h"
"POINT (12.4645240945343 41.8216644716501)",51791,0,"c,h"
"POINT (12.4638420582353 41.8231554848117)",51796,0,"c,h"
"POINT (12.4644160841244 41.8225194803905)",51803,0,"c,h"
"POINT (12.464106984722 41.8342046048197)",51804,0,"c,h"
"POINT (12.4652980352167 41.8333146002596)",51805,0,"c,h"
"POINT (12.4638590585137 41.8232014853781)",51809,0,"c,h"
"POINT (12.4638790749702 41.8211144630166)",51821,0,"c,h"
"POINT (12.4639170759375 41.8211714637897)",51826,0,"c,h"
"POINT (12.4639710780804 41.8211504637915)",51827,0,"c,h"
"POINT (12.4643060984226 41.8200844537398)",51830,0,"c,h"
"POINT (12.464724102488 41.8215844716326)",51831,0,"c,h"
"POINT (12.4643409662817 41.8377926444353)",51834,0,"c,h"
"POINT (12.4641160812782 41.8214334674462)",51840,0,"c,h"
"POINT (12.464540026904 41.8307195691345)",51847,0,"c,h"
"POINT (12.4645770277292 41.8307905700546)",51859,0,"c,h"
"POINT (12.4625649928446 41.8256045057721)",51860,0,"c,h"
"POINT (12.4640570789439 41.8214554674341)",51864,0,"c,h"
"POINT (12.4642849884626 41.8345766095746)",51867,0,"c,h"
"POINT (12.4642690846118 41.8217374713604)",51873,0,"c,h"
"POINT (12.4649989716013 41.8402966741738)",51896,0,"c,h"
"POINT (12.4644829590729 41.8394416627909)",51897,0,"c,h"
"POINT (12.464225082859 41.8217554713686)",51912,0,"c,h"
"POINT (12.4642910828067 41.8220844751851)",51913,0,"c,h"
"POINT (12.4644109911431 41.8348356128939)",51924,0,"c,h"
"POINT (12.4643260849066 41.8219764741711)",51929,0,"c,h"
"POINT (12.4643440847773 41.8220814753762)",51930,0,"c,h"
"POINT (12.4644161026086 41.8200654539991)",51933,0,"c,h"
"POINT (12.46439908823 41.8218914735646)",51934,0,"c,h"
"POINT (12.4642780992689 41.8198354509442)",51939,0,"c,h"
"POINT (12.4643061052615 41.819176443976)",51940,0,"c,h"
"POINT (12.4643981023011 41.8200184534179)",51941,0,"c,h"
"POINT (12.4643490864224 41.8218874733108)",51948,0,"c,h"
"POINT (12.4643730865287 41.8219904745197)",51949,0,"c,h"
"POINT (12.4653949979286 41.8387356590326)",51950,0,"c,h"
"POINT (12.464661122549 41.8186134394185)",51951,0,"c,h"
"POINT (12.4647730999655 41.8221584780125)",51966,0,"c,h"
"POINT (12.4649980814192 41.8257185172542)",51970,0,"c,h"
"POINT (12.4646630624528 41.8266015253418)",51971,0,"c,h"
"POINT (12.4644880927742 41.8217224721221)",51974,0,"c,h"
"POINT (12.4647649979558 41.8356586232462)",51977,0,"c,h"
"POINT (12.4645079940085 41.834928614304)",51978,0,"c,h"
"POINT (12.4646150757479 41.8246025036345)",51984,0,"c,h"
"POINT (12.4650071053049 41.8225914836557)",51985,0,"c,h"
"POINT (12.4643951035842 41.8198334514158)",51987,0,"c,h"
"POINT (12.4644211092848 41.819203444751)",51991,0,"c,h"
"POINT (12.4645171052061 41.8202134560163)",51992,0,"c,h"
"POINT (12.4645541071761 41.8201324553012)",51993,0,"c,h"
"POINT (12.4647811266656 41.8186524403436)",51994,0,"c,h"
"POINT (12.4644780864033 41.8225194806518)",52002,0,"c,h"
"POINT (12.4651109765036 41.8401926735259)",52004,0,"c,h"
"POINT (12.4648630017926 41.8356276233256)",52014,0,"c,h"
"POINT (12.4659510504534 41.8344786155419)",52015,0,"c,h"
"POINT (12.4645011039627 41.8203004568844)",52022,0,"c,h"
"POINT (12.4647410994521 41.8220704769312)",52024,0,"c,h"
"POINT (12.4644931029908 41.8203904578186)",52025,0,"c,h"
"POINT (12.4648911113526 41.8212224684433)",52026,0,"c,h"
"POINT (12.4653300576796 41.830489569989)",52028,0,"c,h"
"POINT (12.464541056936 41.8267385263016)",52029,0,"c,h"
"POINT (12.4647280587171 41.8274145343629)",52030,0,"c,h"
"POINT (12.4646081072402 41.820387458271)",52033,0,"c,h"
"POINT (12.4652902651295 41.8027442715418)",52036,0,"c,h"
"POINT (12.4664821638958 41.8220104836227)",52037,0,"c,h"
"POINT (12.4653440576367 41.8305635708444)",52041,0,"c,h"
"POINT (12.4657401195635 41.8242755048583)",52048,0,"c,h"
"POINT (12.4646721246327 41.8183904370672)",52050,0,"c,h"
"POINT (12.4647111254034 41.8184784381777)",52059,0,"c,h"
"POINT (12.4649941152966 41.8212014686516)",52060,0,"c,h"
"POINT (12.4656230956025 41.8268855324434)",52068,0,"c,h"
"POINT (12.4661260777662 41.8317075864524)",52069,0,"c,h"
"POINT (12.4648821361087 41.817891432587)",52072,0,"c,h"
"POINT (12.4646731411694 41.8161994135154)",52073,0,"c,h"
"POINT (12.4661551830751 41.8178674376934)",52074,0,"c,h"
"POINT (12.4649671555584 41.8157234096373)",52075,0,"c,h"
"POINT (12.464996209198 41.808740334712)",52089,0,"c,h"
"POINT (12.4642711736369 41.8099253443894)",52090,0,"c,h"
"POINT (12.4648421299544 41.8185134391061)",52091,0,"c,h"
"POINT (12.4649220008266 41.836043628053)",52104,0,"c,h"
"POINT (12.4649471074456 41.8220144771971)",52105,0,"c,h"
"POINT (12.4674272185609 41.8193634591385)",52106,0,"c,h"
"POINT (12.4671092085749 41.8191374553685)",52122,0,"c,h"
"POINT (12.4650300050009 41.8360166282176)",52127,0,"c,h"
"POINT (12.4675301055689 41.8348686263947)",52128,0,"c,h"
"POINT (12.4658251001805 41.8272635373617)",52142,0,"c,h"
"POINT (12.4649780014385 41.8362356303562)",52150,0,"c,h"
"POINT (12.4649541126062 41.8213634702252)",52153,0,"c,h"
"POINT (12.465734189024 41.8150224053339)",52166,0,"c,h"
"POINT (12.4658070336219 41.8360096314172)",52172,0,"c,h"
"POINT (12.4662730437699 41.836936643362)",52173,0,"c,h"
"POINT (12.4649851083753 41.822076478024)",52176,0,"c,h"
"POINT (12.4651701175703 41.8217584753836)",52177,0,"c,h"
"POINT (12.4650541146925 41.8215744729159)",52179,0,"c,h"
"POINT (12.4673960490775 41.841711699517)",52184,0,"c,h"
"POINT (12.4650731076781 41.8225984840092)",52186,0,"c,h"
"POINT (12.46504111606 41.8213294702262)",52188,0,"c,h"
"POINT (12.4653281171413 41.8225864849548)",52197,0,"c,h"
"POINT (12.4660570407188 41.836287635464)",52198,0,"c,h"
"POINT (12.4654171183413 41.8228614882876)",52206,0,"c,h"
"POINT (12.4651481185316 41.8215234727635)",52208,0,"c,h"
"POINT (12.467543060708 41.8408856912399)",52218,0,"c,h"
"POINT (12.4652941229113 41.8216544747877)",52234,0,"c,h"
"POINT (12.465301121376 41.8218924773768)",52245,0,"c,h"
"POINT (12.4652602674815 41.802285266486)",52262,0,"c,h"
"POINT (12.4656152814269 41.802165266693)",52263,0,"c,h"
"POINT (12.4653852655268 41.8031552763561)",52273,0,"c,h"
"POINT (12.4653520373301 41.8332976003042)",52276,0,"c,h"
"POINT (12.4653501236214 41.8218334769488)",52289,0,"c,h"
"POINT (12.4676021920729 41.8237355068957)",52291,0,"c,h"
"POINT (12.4655620667133 41.8304225702458)",52292,0,"c,h"
"POINT (12.4656301307422 41.8222544826567)",52293,0,"c,h"
"POINT (12.4655930673331 41.8304915711191)",52297,0,"c,h"
"POINT (12.4657520537089 41.8330755996005)",52300,0,"c,h"
"POINT (12.4658542823064 41.8032152789765)",52312,0,"c,h"
"POINT (12.465701133992 41.8221694820417)",52314,0,"c,h"
"POINT (12.4668300487563 41.8389926678483)",52315,0,"c,h"
"POINT (12.4654521185432 41.823005489984)",52323,0,"c,h"
"POINT (12.4658452169913 41.8118493716976)",52343,0,"c,h"
"POINT (12.4664611017368 41.830160571215)",52373,0,"c,h"
"POINT (12.4659182147053 41.8125093790983)",52383,0,"c,h"
"POINT (12.4657331339707 41.8223284838866)",52420,0,"c,h"
"POINT (12.4658001370811 41.822242483244)",52446,0,"c,h"
"POINT (12.466799229947 41.8147854072737)",52452,0,"c,h"
"POINT (12.4660111301199 41.8241965051505)",52454,0,"c,h"
"POINT (12.4661721363843 41.8241505053342)",52455,0,"c,h"
"POINT (12.4658370557188 41.8332236015518)",52462,0,"c,h"
"POINT (12.4664550840527 41.8324785961374)",52463,0,"c,h"
"POINT (12.4660961461232 41.8224864871157)",52467,0,"c,h"
"POINT (12.4660840396618 41.8365596385063)",52483,0,"c,h"
"POINT (12.4684251785708 41.8295455728725)",52490,0,"c,h"
"POINT (12.4661391480502 41.8224404868022)",52491,0,"c,h"
"POINT (12.4668800933415 41.8333196069808)",52498,0,"c,h"
"POINT (12.4658722916139 41.8020662667126)",52516,0,"c,h"
"POINT (12.4663213056493 41.802393272116)",52517,0,"c,h"
"POINT (12.4701183897089 41.8097633672811)",52533,0,"c,h"
"POINT (12.4662562305512 41.8120543756324)",52534,0,"c,h"
"POINT (12.4661592241186 41.8124353793185)",52546,0,"c,h"
"POINT (12.4661842232758 41.8126693819387)",52547,0,"c,h"
"POINT (12.4670800946296 41.8341246164891)",52553,0,"c,h"
"POINT (12.4659990857018 41.830034567912)",52567,0,"c,h"
"POINT (12.4666221117989 41.8296105659747)",52568,0,"c,h"
"POINT (12.4701833908184 41.8099333693816)",52577,0,"c,h"
"POINT (12.4663212288523 41.8125973817421)",52583,0,"c,h"
"POINT (12.4675460985475 41.8358786373357)",52588,0,"c,h"
"POINT (12.4662180447695 41.8365356388127)",52589,0,"c,h"
"POINT (12.4667771031385 41.8315165871402)",52622,0,"c,h"
"POINT (12.4680582101445 41.8235615069453)",52626,0,"c,h"
"POINT (12.4675392263063 41.8188814544275)",52630,0,"c,h"
"POINT (12.4675052403172 41.8168544324903)",52631,0,"c,h"
"POINT (12.4674161848369 41.8237885066822)",52636,0,"c,h"
"POINT (12.4671432527136 41.8134403942659)",52648,0,"c,h"
"POINT (12.4662430454024 41.8365736393272)",52656,0,"c,h"
"POINT (12.467687101818 41.8361326406645)",52657,0,"c,h"
"POINT (12.4662593068478 41.8019312668933)",52676,0,"c,h"
"POINT (12.466514316931 41.8018362669473)",52677,0,"c,h"
"POINT (12.4666273106012 41.8032292823835)",52696,0,"c,h"
"POINT (12.467229256544 41.8133513936716)",52699,0,"c,h"
"POINT (12.4664860847027 41.8325435969677)",52732,0,"c,h"
"POINT (12.4671021092783 41.8322875968081)",52733,0,"c,h"
"POINT (12.4674211391306 41.829881572258)",52736,0,"c,h"
"POINT (12.4664861020984 41.8302345721167)",52750,0,"c,h"
"POINT (12.466674088774 41.8329206018179)",52751,0,"c,h"
"POINT (12.4666783197134 41.8022672722668)",52757,0,"c,h"
"POINT (12.4671671869576 41.8222914895313)",52758,0,"c,h"
"POINT (12.4665792118415 41.8161164206548)",52783,0,"c,h"
"POINT (12.4682981732166 41.8296365733167)",52813,0,"c,h"
"POINT (12.4671813189992 41.8048183017842)",52814,0,"c,h"
"POINT (12.466855092784 41.8332716063588)",52830,0,"c,h"
"POINT (12.4667270908431 41.832904601869)",52831,0,"c,h"
"POINT (12.4671973445894 41.8014952661626)",52834,0,"c,h"
"POINT (12.4669330993208 41.8327846014455)",52855,0,"c,h"
"POINT (12.4671293160578 41.8049553030368)",52883,0,"c,h"
"POINT (12.4689501876885 41.8308975896344)",52884,0,"c,h"
"POINT (12.4667912225086 41.8157344174414)",52892,0,"c,h"
"POINT (12.4681122764308 41.8150204153314)",52893,0,"c,h"
"POINT (12.4673450678134 41.8389766698465)",52895,0,"c,h"
"POINT (12.4680671106891 41.8368096495549)",52911,0,"c,h"
"POINT (12.4672301014102 41.8339566153128)",52936,0,"c,h"
"POINT (12.4668840964871 41.8329216027136)",52937,0,"c,h"
"POINT (12.4673041133071 41.8327386025137)",52938,0,"c,h"
"POINT (12.4672311104801 41.8327576024106)",52966,0,"c,h"
"POINT (12.4671200369763 41.8419707011435)",52995,0,"c,h"
"POINT (12.4671250360221 41.842121702791)",52996,0,"c,h"
"POINT (12.4672841026572 41.8340546165953)",53021,0,"c,h"
"POINT (12.4672061112561 41.8325325998835)",53031,0,"c,h"
"POINT (12.4674722211334 41.8192414580162)",53040,0,"c,h"
"POINT (12.4672780435928 41.8418637006569)",53042,0,"c,h"
"POINT (12.4672480399799 41.8421967041172)",53047,0,"c,h"
"POINT (12.4672713218244 41.8048823028508)",53049,0,"c,h"
"POINT (12.4672332555543 41.8135023953114)",53072,0,"c,h"
"POINT (12.4683642418795 41.8208404789692)",53083,0,"c,h"
"POINT (12.4695042658253 41.8232255094229)",53084,0,"c,h"
"POINT (12.4694184338737 41.8004732645425)",53085,0,"c,h"
"POINT (12.4677571218782 41.8338116159726)",53090,0,"c,h"
"POINT (12.4675360492364 41.8423737072375)",53098,0,"c,h"
"POINT (12.4712593990444 41.8140954186432)",53099,0,"c,h"
"POINT (12.467917285327 41.8128863915722)",53101,0,"c,h"
"POINT (12.4673052586519 41.8134423949699)",53102,0,"c,h"
"POINT (12.4672610415357 41.8420537026317)",53103,0,"c,h"
"POINT (12.4672662070944 41.8201004663853)",53107,0,"c,h"
"POINT (12.4790817797376 41.8016903182841)",53108,0,"c,h"
"POINT (12.4678061229339 41.8339106172448)",53116,0,"c,h"
"POINT (12.4677311134035 41.8348096266066)",53117,0,"c,h"
"POINT (12.4684581582497 41.8324046037813)",53122,0,"c,h"
"POINT (12.4679872873801 41.8129553926087)",53133,0,"c,h"
"POINT (12.4711323955585 41.8139384164208)",53134,0,"c,h"
"POINT (12.4698851536382 41.8399816913723)",53146,0,"c,h"
"POINT (12.4675772237728 41.8194034602006)",53186,0,"c,h"
"POINT (12.4674411392858 41.8299585731709)",53189,0,"c,h"
"POINT (12.4678800565882 41.8430767162598)",53191,0,"c,h"
"POINT (12.472516201993 41.8464057716574)",53192,0,"c,h"
"POINT (12.4676672279314 41.8192904593647)",53198,0,"c,h"
"POINT (12.4675002226594 41.8191754574245)",53199,0,"c,h"
"POINT (12.4677352331862 41.8189244557156)",53206,0,"c,h"
"POINT (12.467686247993 41.8167184317907)",53214,0,"c,h"
"POINT (12.4675252665409 41.8134683961762)",53220,0,"c,h"
"POINT (12.4676192694684 41.8135383973246)",53221,0,"c,h"
"POINT (12.4681002907575 41.8130583941917)",53222,0,"c,h"
"POINT (12.4692640996081 41.8441217333492)",53224,0,"c,h"
"POINT (12.4676912341289 41.8185844518744)",53225,0,"c,h"
"POINT (12.468117082576 41.840784692571)",53226,0,"c,h"
"POINT (12.4681840807142 41.8413586990356)",53227,0,"c,h"
"POINT (12.4682211248649 41.8356796380375)",53228,0,"c,h"
"POINT (12.4680612405905 41.8195324636268)",53247,0,"c,h"
"POINT (12.4681312126245 41.8235885075433)",53254,0,"c,h"
"POINT (12.46878621826 41.8260375366479)",53255,0,"c,h"
"POINT (12.4681272438896 41.8194164626575)",53283,0,"c,h"
"POINT (12.4682332711824 41.8163084296873)",53290,0,"c,h"
"POINT (12.4683581280713 41.835922641231)",53291,0,"c,h"
"POINT (12.4677171025217 41.8361856413616)",53292,0,"c,h"
"POINT (12.4678772407391 41.8186144529806)",53293,0,"c,h"
"POINT (12.4682012608602 41.8175234426151)",53294,0,"c,h"
"POINT (12.4677841041338 41.8362986428605)",53300,0,"c,h"
"POINT (12.4684671421362 41.8345876273179)",53306,0,"c,h"
"POINT (12.4683971458904 41.8337476179804)",53316,0,"c,h"
"POINT (12.4689551503907 41.8358736432189)",53325,0,"c,h"
"POINT (12.4681301355165 41.8338216176519)",53332,0,"c,h"
"POINT (12.4682002521963 41.8186694549327)",53361,0,"c,h"
"POINT (12.4683672664267 41.8175944440777)",53362,0,"c,h"
"POINT (12.4703461530056 41.8423157184532)",53363,0,"c,h"
"POINT (12.4707364031191 41.8109993831657)",53373,0,"c,h"
"POINT (12.4679190656115 41.8420697055771)",53375,0,"c,h"
"POINT (12.4703891540143 41.842391719453)",53387,0,"c,h"
"POINT (12.4685973129275 41.8125393907072)",53398,0,"c,h"
"POINT (12.4684670959057 41.8407236933889)",53399,0,"c,h"
"POINT (12.4705713281767 41.820152480867)",53418,0,"c,h"
"POINT (12.4686451227948 41.8380236650622)",53422,0,"c,h"
"POINT (12.4687033161455 41.812629392121)",53434,0,"c,h"
"POINT (12.469616329468 41.8153174248594)",53441,0,"c,h"
"POINT (12.4750454951239 41.8198194961248)",53445,0,"c,h"
"POINT (12.4705973299528 41.8200434798044)",53446,0,"c,h"
"POINT (12.4685421450594 41.8345656273971)",53447,0,"c,h"
"POINT (12.4686552233692 41.824719521917)",53448,0,"c,h"
"POINT (12.4681812931771 41.8131323953283)",53465,0,"c,h"
"POINT (12.4688081089497 41.8406566941042)",53467,0,"c,h"
"POINT (12.4682090780163 41.841838704311)",53468,0,"c,h"
"POINT (12.4694042917879 41.8192884666606)",53474,0,"c,h"
"POINT (12.4688802890744 41.81709044082)",53476,0,"c,h"
"POINT (12.4698451346727 41.8423037162132)",53482,0,"c,h"
"POINT (12.4687411441948 41.8356516399271)",53485,0,"c,h"
"POINT (12.4688032887812 41.8167534368725)",53486,0,"c,h"
"POINT (12.4683411742702 41.8297065742512)",53530,0,"c,h"
"POINT (12.4685191817779 41.8295785736237)",53531,0,"c,h"
"POINT (12.4704273181797 41.8207774869818)",53546,0,"c,h"
"POINT (12.468907289043 41.817226442396)",53548,0,"c,h"
"POINT (12.4687101838212 41.8302395815418)",53549,0,"c,h"
"POINT (12.4691331744716 41.833545618907)",53558,0,"c,h"
"POINT (12.4689041685757 41.8332106143361)",53590,0,"c,h"
"POINT (12.469558200973 41.8321016051544)",53591,0,"c,h"
"POINT (12.4692601730848 41.8343496280969)",53625,0,"c,h"
"POINT (12.4690271953771 41.8302525830172)",53634,0,"c,h"
"POINT (12.4690122013252 41.8293895736669)",53635,0,"c,h"
"POINT (12.4691713369635 41.8121483889227)",53646,0,"c,h"
"POINT (12.4686832239542 41.8247785226697)",53662,0,"c,h"
"POINT (12.4691562349031 41.8256335338602)",53677,0,"c,h"
"POINT (12.4700772783952 41.8243535239701)",53678,0,"c,h"
"POINT (12.4692563394399 41.812234390205)",53688,0,"c,h"
"POINT (12.4696803796108 41.8089663568726)",53697,0,"c,h"
"POINT (12.4688891499603 41.8356086400878)",53710,0,"c,h"
"POINT (12.4687843186104 41.812697393193)",53727,0,"c,h"
"POINT (12.468953221944 41.8263635408587)",53730,0,"c,h"
"POINT (12.4698803305229 41.8164664383236)",53737,0,"c,h"
"POINT (12.4700561574399 41.8403116956468)",53738,0,"c,h"
"POINT (12.4690692963517 41.8170464411431)",53769,0,"c,h"
"POINT (12.4701241981099 41.8352446413721)",53772,0,"c,h"
"POINT (12.4689561514143 41.8357426418128)",53773,0,"c,h"
"POINT (12.4691072967096 41.8171844427869)",53784,0,"c,h"
"POINT (12.4702612728041 41.8259945423988)",53805,0,"c,h"
"POINT (12.4691752088613 41.8291845721475)",53806,0,"c,h"
"POINT (12.4690691550116 41.8358166430855)",53807,0,"c,h"
"POINT (12.4692842006981 41.8308005899976)",53818,0,"c,h"
"POINT (12.468951317229 41.8136964046339)",53853,0,"c,h"
"POINT (12.4689753187808 41.8136074037783)",53854,0,"c,h"
"POINT (12.4693701612876 41.8364526512013)",53858,0,"c,h"
"POINT (12.4700523341724 41.8168214428646)",53859,0,"c,h"
"POINT (12.4694833391502 41.8133814034889)",53868,0,"c,h"
"POINT (12.4691421977898 41.8304935860954)",53869,0,"c,h"
"POINT (12.4701273360859 41.8169334443846)",53871,0,"c,h"
"POINT (12.4692152089009 41.8293745743607)",53875,0,"c,h"
"POINT (12.46926620393 41.8302835843578)",53876,0,"c,h"
"POINT (12.4695021825397 41.8342756283199)",53883,0,"c,h"
"POINT (12.4704642240998 41.8334536235239)",53884,0,"c,h"
"POINT (12.4701392808097 41.8243355240377)",53904,0,"c,h"
"POINT (12.4700462666023 41.8257685390617)",53905,0,"c,h"
"POINT (12.4699433692984 41.8116213865105)",53913,0,"c,h"
"POINT (12.4750135295053 41.815092445166)",53933,0,"c,h"
"POINT (12.4711962861769 41.8287835763457)",53942,0,"c,h"
"POINT (12.469585216772 41.8301355841089)",53943,0,"c,h"
"POINT (12.4692461562764 41.8365126513249)",53947,0,"c,h"
"POINT (12.4696481661004 41.8371706601033)",53948,0,"c,h"
"POINT (12.4700093711443 41.811698387616)",53953,0,"c,h"
"POINT (12.4693521750437 41.8345386305192)",53957,0,"c,h"
"POINT (12.4730492222354 41.8463207729866)",53958,0,"c,h"
"POINT (12.4693922075605 41.8304165863199)",53973,0,"c,h"
"POINT (12.4694702114297 41.8302835852172)",53974,0,"c,h"
"POINT (12.4699052145286 41.8319956054753)",53980,0,"c,h"
"POINT (12.4695112094802 41.8307425903297)",53981,0,"c,h"
"POINT (12.4693263414704 41.8123063912737)",53982,0,"c,h"
"POINT (12.4693334289007 41.8007192668261)",53986,0,"c,h"
"POINT (12.4684623932983 41.8011982683015)",53987,0,"c,h"
"POINT (12.469888193086 41.8347596351565)",53999,0,"c,h"
"POINT (12.4697371697495 41.8371206599399)",54006,0,"c,h"
"POINT (12.4703883323192 41.8187084645686)",54018,0,"c,h"
"POINT (12.4701704594403 41.8007472706515)",54025,0,"c,h"
"POINT (12.4701363908519 41.8096993666692)",54027,0,"c,h"
"POINT (12.4705582261098 41.8336456259867)",54059,0,"c,h"
"POINT (12.4700482786542 41.8241775219547)",54061,0,"c,h"
"POINT (12.4714053391182 41.8227715125466)",54062,0,"c,h"
"POINT (12.4698282218798 41.8306435905997)",54074,0,"c,h"
"POINT (12.4701452238567 41.8319286057652)",54075,0,"c,h"
"POINT (12.4696173537143 41.8121003902854)",54077,0,"c,h"
"POINT (12.470448224227 41.8333586224339)",54094,0,"c,h"
"POINT (12.4695163485428 41.812294391945)",54104,0,"c,h"
"POINT (12.46969735618 41.8121633912994)",54105,0,"c,h"
"POINT (12.4714423910519 41.8160514404405)",54118,0,"c,h"
"POINT (12.4705603921748 41.8115943888188)",54127,0,"c,h"
"POINT (12.4698021707685 41.8373026621734)",54133,0,"c,h"
"POINT (12.4709582176796 41.8367176607445)",54183,0,"c,h"
"POINT (12.4698351716052 41.8373526628509)",54217,0,"c,h"
"POINT (12.4707682003216 41.8380946747712)",54228,0,"c,h"
"POINT (12.4710922206709 41.8369746640761)",54229,0,"c,h"
"POINT (12.471791210512 41.8417357182931)",54233,0,"c,h"
"POINT (12.4703741526489 41.8424997205532)",54234,0,"c,h"
"POINT (12.470458235989 41.8318456061903)",54244,0,"c,h"
"POINT (12.4718643012929 41.8300375926539)",54245,0,"c,h"
"POINT (12.4699124481567 41.8009872721423)",54267,0,"c,h"
"POINT (12.4694594280767 41.8014442751422)",54268,0,"c,h"
"POINT (12.4699533320768 41.8166164402436)",54281,0,"c,h"
"POINT (12.4705893548715 41.8166934437501)",54282,0,"c,h"
"POINT (12.4705092285031 41.8330886197845)",54283,0,"c,h"
"POINT (12.470911409136 41.8110543844938)",54303,0,"c,h"
"POINT (12.4713873314338 41.8237045225065)",54312,0,"c,h"
"POINT (12.4703273447533 41.8167584433455)",54315,0,"c,h"
"POINT (12.4727992640283 41.8395516990164)",54318,0,"c,h"
"POINT (12.4700713728809 41.8117703886509)",54324,0,"c,h"
"POINT (12.4712642420806 41.8349716432352)",54345,0,"c,h"
"POINT (12.4703783457772 41.8168714447752)",54347,0,"c,h"
"POINT (12.4714833331033 41.8239515255677)",54351,0,"c,h"
"POINT (12.470149401396 41.8083613523473)",54355,0,"c,h"
"POINT (12.4709134227137 41.8092593652134)",54356,0,"c,h"
"POINT (12.4703754005069 41.8095833664292)",54364,0,"c,h"
"POINT (12.4707164767546 41.8011122768702)",54365,0,"c,h"
"POINT (12.4706892353393 41.8330596202306)",54368,0,"c,h"
"POINT (12.4706084073459 41.8098123698712)",54372,0,"c,h"
"POINT (12.4706183550417 41.8168124451516)",54405,0,"c,h"
"POINT (12.470987357503 41.8182874625645)",54406,0,"c,h"
"POINT (12.4712593116206 41.8257115435578)",54409,0,"c,h"
"POINT (12.473760285712 41.8413647225902)",54435,0,"c,h"
"POINT (12.4720522182868 41.8419777219992)",54451,0,"c,h"
"POINT (12.4738282877682 41.8414237235121)",54455,0,"c,h"
"POINT (12.4706354087819 41.8097533693509)",54457,0,"c,h"
"POINT (12.4706304061832 41.8100743727792)",54458,0,"c,h"
"POINT (12.4710333300437 41.8221605044081)",54468,0,"c,h"
"POINT (12.4710192461013 41.8332416235797)",54495,0,"c,h"
"POINT (12.4716272817452 41.8314766071428)",54496,0,"c,h"
"POINT (12.4711694214456 41.8106783815396)",54531,0,"c,h"
"POINT (12.4706622288263 41.8337926280072)",54536,0,"c,h"
"POINT (12.4786516229782 41.8204425180019)",54537,0,"c,h"
"POINT (12.4709024211058 41.8094193668863)",54538,0,"c,h"
"POINT (12.4716703961279 41.8164904461202)",54552,0,"c,h"
"POINT (12.4786586241906 41.8203155166655)",54555,0,"c,h"
"POINT (12.4717393976479 41.8166254478621)",54559,0,"c,h"
"POINT (12.4710234244838 41.8095613689217)",54596,0,"c,h"
"POINT (12.4709122372723 41.833891630126)",54603,0,"c,h"
"POINT (12.4707464753149 41.8014502806262)",54617,0,"c,h"
"POINT (12.4715215073974 41.8009702787348)",54632,0,"c,h"
"POINT (12.4694894251849 41.8019752809709)",54633,0,"c,h"
"POINT (12.4710012083316 41.8381686765496)",54645,0,"c,h"
"POINT (12.4710474125913 41.8112593872695)",54655,0,"c,h"
"POINT (12.4708843968356 41.812557400533)",54695,0,"c,h"
"POINT (12.4714044118068 41.8131074086342)",54696,0,"c,h"
"POINT (12.4710844141391 41.8112343871567)",54699,0,"c,h"
"POINT (12.4711034132197 41.8114493895472)",54708,0,"c,h"
"POINT (12.4710044252978 41.8093603666819)",54713,0,"c,h"
"POINT (12.4712924213688 41.8112893886236)",54732,0,"c,h"
"POINT (12.4711954203622 41.8109493845613)",54733,0,"c,h"
"POINT (12.471436248751 41.8349256434645)",54736,0,"c,h"
"POINT (12.4711182452076 41.833843630477)",54737,0,"c,h"
"POINT (12.4711814160259 41.8114573899617)",54738,0,"c,h"
"POINT (12.4720062586005 41.8364006617457)",54743,0,"c,h"
"POINT (12.4716104312565 41.8115283925312)",54756,0,"c,h"
"POINT (12.4713044214561 41.8113363891792)",54757,0,"c,h"
"POINT (12.4729634402926 41.8169364563597)",54760,0,"c,h"
"POINT (12.4724202550779 41.8388896902909)",54765,0,"c,h"
"POINT (12.471425428137 41.811039386497)",54779,0,"c,h"
"POINT (12.4712463366234 41.8223265070907)",54783,0,"c,h"
"POINT (12.4711132481566 41.8334276259778)",54789,0,"c,h"
"POINT (12.4711924205228 41.8109133841618)",54802,0,"c,h"
"POINT (12.4712214340916 41.8092513664244)",54803,0,"c,h"
"POINT (12.4711254286382 41.809507368771)",54810,0,"c,h"
"POINT (12.4713314332288 41.8099033738936)",54811,0,"c,h"
"POINT (12.4721522617094 41.8367006655908)",54812,0,"c,h"
"POINT (12.4713534272441 41.8108063836899)",54817,0,"c,h"
"POINT (12.4712294229583 41.8107703827809)",54818,0,"c,h"
"POINT (12.4714784302501 41.8110173864838)",54823,0,"c,h"
"POINT (12.472392298305 41.8330126268977)",54837,0,"c,h"
"POINT (12.4711852489964 41.8336676288646)",54838,0,"c,h"
"POINT (12.4716062553704 41.8348766436531)",54839,0,"c,h"
"POINT (12.4718614460094 41.8107933856893)",54851,0,"c,h"
"POINT (12.4713544378278 41.8094043686285)",54852,0,"c,h"
"POINT (12.4720403190561 41.8285375772533)",54854,0,"c,h"
"POINT (12.4717612613781 41.8348356438645)",54858,0,"c,h"
"POINT (12.4714764315458 41.8108353845195)",54859,0,"c,h"
"POINT (12.4712043984302 41.8139084164016)",54863,0,"c,h"
"POINT (12.4712484297802 41.8099563741136)",54875,0,"c,h"
"POINT (12.4711374252199 41.810020374334)",54876,0,"c,h"
"POINT (12.4720303416032 41.8254935444595)",54882,0,"c,h"
"POINT (12.4715353181679 41.8261895498627)",54883,0,"c,h"
"POINT (12.4713094010248 41.8140764186495)",54889,0,"c,h"
"POINT (12.4715504124698 41.8137324159668)",54890,0,"c,h"
"POINT (12.4714372457678 41.8353266477859)",54898,0,"c,h"
"POINT (12.4712804364853 41.8092213663505)",54899,0,"c,h"
"POINT (12.4713073381881 41.8224165083156)",54902,0,"c,h"
"POINT (12.4712613357296 41.8225185092189)",54903,0,"c,h"
"POINT (12.4713294524879 41.8073333462716)",54912,0,"c,h"
"POINT (12.4722124775922 41.8083093604757)",54913,0,"c,h"
"POINT (12.4714454363723 41.8100423758673)",54914,0,"c,h"
"POINT (12.4713373397876 41.822350507732)",54917,0,"c,h"
"POINT (12.4722594761451 41.8087313652078)",54921,0,"c,h"
"POINT (12.4716904163808 41.8138964183191)",54928,0,"c,h"
"POINT (12.4716443415354 41.823617522653)",54935,0,"c,h"
"POINT (12.4722014588419 41.8107483866373)",54939,0,"c,h"
"POINT (12.471847424528 41.8135804155836)",54946,0,"c,h"
"POINT (12.4711894029427 41.8132354091046)",54947,0,"c,h"
"POINT (12.4717943538984 41.8227075134965)",54948,0,"c,h"
"POINT (12.4714803408137 41.8229125143791)",54949,0,"c,h"
"POINT (12.4714194404345 41.8093753685906)",54950,0,"c,h"
"POINT (12.4735434669579 41.8162254511577)",54962,0,"c,h"
"POINT (12.4719524505344 41.8106363843853)",54963,0,"c,h"
"POINT (12.4723924796257 41.808918367777)",54968,0,"c,h"
"POINT (12.471873258259 41.8357966546824)",54971,0,"c,h"
"POINT (12.4717222523907 41.8358386544986)",54976,0,"c,h"
"POINT (12.471736342945 41.8238795258587)",54980,0,"c,h"
"POINT (12.4715183449728 41.8225455105917)",54998,0,"c,h"
"POINT (12.473195568846 41.8009772858575)",55002,0,"c,h"
"POINT (12.4715763477069 41.8224655099755)",55030,0,"c,h"
"POINT (12.4727294782068 41.8107533889142)",55037,0,"c,h"
"POINT (12.4729284853691 41.8107733899669)",55038,0,"c,h"
"POINT (12.4721943038103 41.8313146077872)",55055,0,"c,h"
"POINT (12.472011290321 41.8322126166819)",55056,0,"c,h"
"POINT (12.4720812662757 41.835747655031)",55068,0,"c,h"
"POINT (12.4729744420662 41.8167544544493)",55084,0,"c,h"
"POINT (12.4716803502199 41.822639512285)",55088,0,"c,h"
"POINT (12.4719263395115 41.8252635415472)",55116,0,"c,h"
"POINT (12.4718512550477 41.8361156580243)",55119,0,"c,h"
"POINT (12.4720254299033 41.8137354179992)",55125,0,"c,h"
"POINT (12.4719884250526 41.8141994228309)",55126,0,"c,h"
"POINT (12.4726212428186 41.8414987192364)",55137,0,"c,h"
"POINT (12.4719273589903 41.8226805137662)",55138,0,"c,h"
"POINT (12.4732603198275 41.8343926454086)",55139,0,"c,h"
"POINT (12.4719472655509 41.8351896484591)",55140,0,"c,h"
"POINT (12.4718413562281 41.822627512834)",55163,0,"c,h"
"POINT (12.4718543576092 41.822507511598)",55164,0,"c,h"
"POINT (12.4719192585947 41.8359766568142)",55166,0,"c,h"
"POINT (12.4727043340184 41.8297925935549)",55176,0,"c,h"
"POINT (12.4719552601217 41.8359496566751)",55181,0,"c,h"
"POINT (12.4721304359663 41.813442415292)",55195,0,"c,h"
"POINT (12.4721133469952 41.8251825414633)",55198,0,"c,h"
"POINT (12.4719823602593 41.8227805150734)",55199,0,"c,h"
"POINT (12.4723973772521 41.8225495143364)",55200,0,"c,h"
"POINT (12.4719414353252 41.8126044054892)",55201,0,"c,h"
"POINT (12.4728464650322 41.8130764143728)",55202,0,"c,h"
"POINT (12.4721692683892 41.8358966570058)",55211,0,"c,h"
"POINT (12.4723322688775 41.8366276655629)",55212,0,"c,h"
"POINT (12.4719663594304 41.8228125153502)",55214,0,"c,h"
"POINT (12.4722843707579 41.8228605172057)",55217,0,"c,h"
"POINT (12.4722154343353 41.8140744224431)",55221,0,"c,h"
"POINT (12.4724604388099 41.8146764299458)",55222,0,"c,h"
"POINT (12.4722172715397 41.835712655227)",55223,0,"c,h"
"POINT (12.4721762707627 41.8356156540099)",55224,0,"c,h"
"POINT (12.4722943518647 41.8254195447752)",55248,0,"c,h"
"POINT (12.4736753827447 41.8280615790165)",55251,0,"c,h"
"POINT (12.4721632222707 41.8419907226067)",55254,0,"c,h"
"POINT (12.4722594393528 41.8136224177699)",55266,0,"c,h"
"POINT (12.4720933638351 41.8228475162615)",55267,0,"c,h"
"POINT (12.4723193552902 41.8250865412981)",55275,0,"c,h"
"POINT (12.472140268814 41.8356986547519)",55278,0,"c,h"
"POINT (12.4724174957674 41.8068943461362)",55280,0,"c,h"
"POINT (12.4734885256598 41.8081523641609)",55281,0,"c,h"
"POINT (12.4738732806416 41.8425897362612)",55296,0,"c,h"
"POINT (12.4725562376189 41.8418717229803)",55297,0,"c,h"
"POINT (12.4722992734778 41.8358556571119)",55301,0,"c,h"
"POINT (12.4725042759021 41.836534665286)",55302,0,"c,h"
"POINT (12.4722962650762 41.8369566689537)",55308,0,"c,h"
"POINT (12.4722024389057 41.813403415176)",55310,0,"c,h"
"POINT (12.4725693117996 41.8320846176542)",55313,0,"c,h"
"POINT (12.4722963077786 41.8312856079047)",55314,0,"c,h"
"POINT (12.4724914855501 41.8086143649275)",55327,0,"c,h"
"POINT (12.4719154655055 41.8084653609013)",55328,0,"c,h"
"POINT (12.472534361274 41.8253415449468)",55355,0,"c,h"
"POINT (12.4729113656636 41.8265995600687)",55356,0,"c,h"
"POINT (12.4723164416055 41.8136014177842)",55357,0,"c,h"
"POINT (12.4726703157387 41.8320546177567)",55358,0,"c,h"
"POINT (12.473335348205 41.8309896090945)",55359,0,"c,h"
"POINT (12.4724162763112 41.8360506597042)",55365,0,"c,h"
"POINT (12.4723003711052 41.8228925176172)",55368,0,"c,h"
"POINT (12.4724243755577 41.82290651829)",55369,0,"c,h"
"POINT (12.4733974067847 41.8235095288733)",55373,0,"c,h"
"POINT (12.4724652689707 41.8372646729819)",55376,0,"c,h"
"POINT (12.473019469968 41.8132654171326)",55382,0,"c,h"
"POINT (12.4726282753255 41.8372166731516)",55386,0,"c,h"
"POINT (12.4726563038549 41.8335646339515)",55396,0,"c,h"
"POINT (12.4726173071118 41.832941627081)",55397,0,"c,h"
"POINT (12.4733394145185 41.8221985145278)",55398,0,"c,h"
"POINT (12.4723984593411 41.8116443970959)",55399,0,"c,h"
"POINT (12.4723144562016 41.8116513968174)",55400,0,"c,h"
"POINT (12.4723864597427 41.8115323958417)",55401,0,"c,h"
"POINT (12.4732024952649 41.8107963913677)",55405,0,"c,h"
"POINT (12.4726834878517 41.8092463725266)",55413,0,"c,h"
"POINT (12.4726354894124 41.8088043675752)",55414,0,"c,h"
"POINT (12.4724324076243 41.8186844729185)",55416,0,"c,h"
"POINT (12.473525450407 41.8183374737894)",55417,0,"c,h"
"POINT (12.4724652772845 41.8361606610949)",55422,0,"c,h"
"POINT (12.4738113305092 41.8356646614232)",55423,0,"c,h"
"POINT (12.4728682779449 41.8380406830352)",55436,0,"c,h"
"POINT (12.4725342789103 41.8362816626883)",55447,0,"c,h"
"POINT (12.4727012079153 41.8465227736973)",55455,0,"c,h"
"POINT (12.4726282786691 41.8367726683708)",55468,0,"c,h"
"POINT (12.4727522835071 41.8367356684947)",55469,0,"c,h"
"POINT (12.4740784214923 41.8248815464996)",55471,0,"c,h"
"POINT (12.4732562646705 41.8416977240544)",55477,0,"c,h"
"POINT (12.4726724928704 41.8085253647332)",55479,0,"c,h"
"POINT (12.4739123326342 41.8358756641203)",55481,0,"c,h"
"POINT (12.4726092806212 41.8364206645008)",55482,0,"c,h"
"POINT (12.472853317859 41.8326666251148)",55483,0,"c,h"
"POINT (12.4730043210992 41.8329736290553)",55496,0,"c,h"
"POINT (12.4735942810763 41.8411697197908)",55497,0,"c,h"
"POINT (12.4733895020313 41.8108103923054)",55501,0,"c,h"
"POINT (12.4726602817208 41.8365236658246)",55504,0,"c,h"
"POINT (12.4739873343 41.8360206659973)",55505,0,"c,h"
"POINT (12.4732072881808 41.8383366876503)",55516,0,"c,h"
"POINT (12.4729533217539 41.8326376252237)",55520,0,"c,h"
"POINT (12.4727612811421 41.8370936723873)",55521,0,"c,h"
"POINT (12.4728374975645 41.8087073673834)",55522,0,"c,h"
"POINT (12.4730425026305 41.8090353717709)",55526,0,"c,h"
"POINT (12.4727164887785 41.8092843730739)",55527,0,"c,h"
"POINT (12.4738473279177 41.8361846671735)",55530,0,"c,h"
"POINT (12.4731332227935 41.8466567769608)",55533,0,"c,h"
"POINT (12.4730222180709 41.8467417774092)",55534,0,"c,h"
"POINT (12.4743323974289 41.82931959532)",55537,0,"c,h"
"POINT (12.4733535067405 41.8100083835354)",55540,0,"c,h"
"POINT (12.4727224949183 41.8084973646429)",55549,0,"c,h"
"POINT (12.4727892843479 41.8368046693935)",55565,0,"c,h"
"POINT (12.4735622936963 41.8393376999252)",55570,0,"c,h"
"POINT (12.4728874995598 41.8086863673683)",55579,0,"c,h"
"POINT (12.4728892861874 41.8370486724419)",55580,0,"c,h"
"POINT (12.4732662922705 41.8380816851529)",55585,0,"c,h"
"POINT (12.4736185101983 41.8108433936241)",55593,0,"c,h"
"POINT (12.4732064794504 41.8129184141903)",55610,0,"c,h"
"POINT (12.4731302840467 41.838509689189)",55621,0,"c,h"
"POINT (12.4729703669819 41.8267125615329)",55622,0,"c,h"
"POINT (12.4733583830439 41.8264735605953)",55623,0,"c,h"
"POINT (12.4738065366755 41.8082413664559)",55627,0,"c,h"
"POINT (12.4729524224097 41.819259481291)",55641,0,"c,h"
"POINT (12.4756344261705 41.8318606281492)",55642,0,"c,h"
"POINT (12.473600461823 41.8171864617296)",55643,0,"c,h"
"POINT (12.4730453686551 41.8268565633981)",55647,0,"c,h"
"POINT (12.47343038481 41.8265905621573)",55648,0,"c,h"
"POINT (12.4734392979992 41.838165686786)",55649,0,"c,h"
"POINT (12.4729724813672 41.81152039818)",55650,0,"c,h"
"POINT (12.4731014861528 41.8115143986586)",55651,0,"c,h"
"POINT (12.4736694652317 41.8170704607729)",55653,0,"c,h"
"POINT (12.4751645649269 41.8111204031089)",55654,0,"c,h"
"POINT (12.4733903295839 41.8337316388403)",55664,0,"c,h"
"POINT (12.4730993247952 41.8329466291647)",55665,0,"c,h"
"POINT (12.4732482253655 41.8468767798157)",55676,0,"c,h"
"POINT (12.4732913741606 41.827326569491)",55687,0,"c,h"
"POINT (12.4735143868667 41.826727563985)",55688,0,"c,h"
"POINT (12.4732072259368 41.8466007766691)",55694,0,"c,h"
"POINT (12.4733934850212 41.8130914168371)",55695,0,"c,h"
"POINT (12.473481333133 41.8337046389329)",55715,0,"c,h"
"POINT (12.4758074301525 41.8321766322788)",55716,0,"c,h"
"POINT (12.4732372261814 41.8467147780238)",55733,0,"c,h"
"POINT (12.4732202859177 41.8387006916249)",55738,0,"c,h"
"POINT (12.4733652918142 41.8386256914279)",55753,0,"c,h"
"POINT (12.4735555861543 41.800434281542)",55758,0,"c,h"
"POINT (12.4734444889865 41.8128134140638)",55771,0,"c,h"
"POINT (12.4734082317621 41.8468087797569)",55774,0,"c,h"
"POINT (12.4733462282163 41.846976781306)",55778,0,"c,h"
"POINT (12.4741763008589 41.8413847245575)",55779,0,"c,h"
"POINT (12.4740922918355 41.8421727326916)",55780,0,"c,h"
"POINT (12.4734963247776 41.8348876517314)",55783,0,"c,h"
"POINT (12.4734982974652 41.8385246909004)",55803,0,"c,h"
"POINT (12.4749584114183 41.8305186108592)",55813,0,"c,h"
"POINT (12.4749354763952 41.8217715166547)",55815,0,"c,h"
"POINT (12.4738854035304 41.826325561222)",55828,0,"c,h"
"POINT (12.4735744923272 41.813004416664)",55854,0,"c,h"
"POINT (12.4735934906409 41.8133214201512)",55855,0,"c,h"
"POINT (12.4744044410308 41.8238775370717)",55857,0,"c,h"
"POINT (12.4735142347189 41.8469337815503)",55859,0,"c,h"
"POINT (12.4734522937556 41.8387926935927)",55860,0,"c,h"
"POINT (12.4739594053099 41.8264505628785)",55868,0,"c,h"
"POINT (12.473536492751 41.8127624139029)",55877,0,"c,h"
"POINT (12.4744015623288 41.8077373635454)",55882,0,"c,h"
"POINT (12.4757754225032 41.8330366414012)",55889,0,"c,h"
"POINT (12.4735563005844 41.8383936897339)",55890,0,"c,h"
"POINT (12.4744596442385 41.7971252498188)",55898,0,"c,h"
"POINT (12.4745223646691 41.8345996529513)",55901,0,"c,h"
"POINT (12.4735793264214 41.8350746540942)",55902,0,"c,h"
"POINT (12.4735902367305 41.8470377829911)",55911,0,"c,h"
"POINT (12.4740384072206 41.8265825646313)",55916,0,"c,h"
"POINT (12.4737122995583 41.8392917000614)",55922,0,"c,h"
"POINT (12.4738294607675 41.8184454762306)",55924,0,"c,h"
"POINT (12.4742144825988 41.8174244668735)",55925,0,"c,h"
"POINT (12.4735872995254 41.838685693009)",55932,0,"c,h"
"POINT (12.4741675175041 41.8125544143238)",55933,0,"c,h"
"POINT (12.4738985093336 41.8123264107409)",55934,0,"c,h"
"POINT (12.4745605669606 41.8078983659445)",55938,0,"c,h"
"POINT (12.4740735440274 41.8085683710933)",55939,0,"c,h"
"POINT (12.473665496055 41.8129534164989)",55952,0,"c,h"
"POINT (12.474616366725 41.8347856553496)",55955,0,"c,h"
"POINT (12.4749763636474 41.8369526801967)",55958,0,"c,h"
"POINT (12.4739673094922 41.8392177003384)",55960,0,"c,h"
"POINT (12.4740675041639 41.8138394277145)",55963,0,"c,h"
"POINT (12.4733804818655 41.8134474206088)",55964,0,"c,h"
"POINT (12.473764467369 41.8172504631082)",55967,0,"c,h"
"POINT (12.4739383021906 41.8400457091335)",55968,0,"c,h"
"POINT (12.4738673055892 41.8392477002404)",55977,0,"c,h"
"POINT (12.4739225064472 41.8128274162266)",55998,0,"c,h"
"POINT (12.4738534713923 41.8171504624077)",55999,0,"c,h"
"POINT (12.4744784969129 41.8168114613942)",56000,0,"c,h"
"POINT (12.4739393886488 41.8285665855622)",56003,0,"c,h"
"POINT (12.4737155293534 41.8087703717567)",56022,0,"c,h"
"POINT (12.473542522312 41.8088613720062)",56023,0,"c,h"
"POINT (12.4739493049446 41.8397337058197)",56032,0,"c,h"
"POINT (12.4745043149159 41.8411197230844)",56053,0,"c,h"
"POINT (12.474147306924 41.8404377142355)",56054,0,"c,h"
"POINT (12.4745533160476 41.8412087242494)",56074,0,"c,h"
"POINT (12.474388480049 41.8186134803905)",56076,0,"c,h"
"POINT (12.4744485642288 41.8077143634962)",56085,0,"c,h"
"POINT (12.4747755384561 41.8127394188716)",56089,0,"c,h"
"POINT (12.473875331989 41.8357806629416)",56091,0,"c,h"
"POINT (12.4742744855788 41.8173214660187)",56092,0,"c,h"
"POINT (12.4742195482191 41.8087243733841)",56095,0,"c,h"
"POINT (12.4742074160596 41.826233561588)",56100,0,"c,h"
"POINT (12.4737813242787 41.836345668629)",56102,0,"c,h"
"POINT (12.4740423354414 41.8361376674886)",56103,0,"c,h"
"POINT (12.4782597115702 41.8067423690916)",56106,0,"c,h"
"POINT (12.4740793101466 41.839677705764)",56108,0,"c,h"
"POINT (12.4743322972873 41.8426207385281)",56112,0,"c,h"
"POINT (12.4746865339595 41.8129024202489)",56116,0,"c,h"
"POINT (12.4759635931605 41.8112704080839)",56118,0,"c,h"
"POINT (12.4746415599133 41.8092313806082)",56128,0,"c,h"
"POINT (12.4750073752442 41.8355636653719)",56130,0,"c,h"
"POINT (12.4742424162324 41.8263815633277)",56131,0,"c,h"
"POINT (12.4746145691404 41.8078723658925)",56133,0,"c,h"
"POINT (12.4741403091742 41.8401047106196)",56143,0,"c,h"
"POINT (12.4747853413102 41.8389867012953)",56147,0,"c,h"
"POINT (12.4741873141556 41.839672706165)",56148,0,"c,h"
"POINT (12.4781857080168 41.8068533699727)",56152,0,"c,h"
"POINT (12.4750743767366 41.8356926670429)",56158,0,"c,h"
"POINT (12.4742634159357 41.8265235649439)",56170,0,"c,h"
"POINT (12.4751333780552 41.835805668508)",56186,0,"c,h"
"POINT (12.4753264690757 41.8246545493118)",56194,0,"c,h"
"POINT (12.4743474269556 41.8254695539579)",56195,0,"c,h"
"POINT (12.4742664015356 41.8284515857016)",56203,0,"c,h"
"POINT (12.4742813147883 41.8400477105995)",56210,0,"c,h"
"POINT (12.4758043460949 41.8433277523426)",56231,0,"c,h"
"POINT (12.4751173284139 41.8423207386021)",56239,0,"c,h"
"POINT (12.4745954311354 41.8261255620596)",56246,0,"c,h"
"POINT (12.4758225426829 41.817293472234)",56248,0,"c,h"
"POINT (12.474956332501 41.8409917236091)",56251,0,"c,h"
"POINT (12.4754653427172 41.8421207379131)",56252,0,"c,h"
"POINT (12.4746644326258 41.8262645638456)",56261,0,"c,h"
"POINT (12.4747264339567 41.8263905654623)",56264,0,"c,h"
"POINT (12.4755764483771 41.8286265931001)",56265,0,"c,h"
"POINT (12.4763434825334 41.8278345878065)",56266,0,"c,h"
"POINT (12.4757905421838 41.8172034711317)",56270,0,"c,h"
"POINT (12.4759093505435 41.8432497519444)",56284,0,"c,h"
"POINT (12.4747484067311 41.8301156056379)",56295,0,"c,h"
"POINT (12.4757134513666 41.8288985966039)",56296,0,"c,h"
"POINT (12.4756513401671 41.8433677521292)",56309,0,"c,h"
"POINT (12.4779306208353 41.8172034801383)",56325,0,"c,h"
"POINT (12.4759804999928 41.8237405422327)",56331,0,"c,h"
"POINT (12.474452335044 41.8381926913426)",56345,0,"c,h"
"POINT (12.4747313404164 41.8388416995064)",56347,0,"c,h"
"POINT (12.4749943332131 41.8410827247493)",56374,0,"c,h"
"POINT (12.4755466772116 41.798051264335)",56377,0,"c,h"
"POINT (12.474981446145 41.826016562512)",56399,0,"c,h"
"POINT (12.4750454473915 41.826163564363)",56418,0,"c,h"
"POINT (12.4747335355438 41.812921420651)",56431,0,"c,h"
"POINT (12.4750984484217 41.8262855658987)",56446,0,"c,h"
"POINT (12.4748345389772 41.8129584214738)",56452,0,"c,h"
"POINT (12.4748245401139 41.8127584192821)",56453,0,"c,h"
"POINT (12.4750204173179 41.8300376059437)",56457,0,"c,h"
"POINT (12.4748723447502 41.838954701317)",56485,0,"c,h"
"POINT (12.4755563570343 41.8406637226028)",56486,0,"c,h"
"POINT (12.4748915423956 41.8127824198221)",56489,0,"c,h"
"POINT (12.4753725572067 41.8131634259418)",56495,0,"c,h"
"POINT (12.4757795726375 41.8131004269778)",56516,0,"c,h"
"POINT (12.47548256252 41.8129944245884)",56517,0,"c,h"
"POINT (12.4778754619026 41.8380607043324)",56521,0,"c,h"
"POINT (12.4760653762333 41.8405997240565)",56522,0,"c,h"
"POINT (12.4785176152779 41.8208115214064)",56542,0,"c,h"
"POINT (12.4750844142367 41.8307596139835)",56551,0,"c,h"
"POINT (12.4754673526773 41.840807723779)",56558,0,"c,h"
"POINT (12.4753744601403 41.8260765648121)",56559,0,"c,h"
"POINT (12.4789746689875 41.8159024705439)",56567,0,"c,h"
"POINT (12.4755193540021 41.840885724838)",56570,0,"c,h"
"POINT (12.475347434826 41.8293085994751)",56572,0,"c,h"
"POINT (12.4760744583544 41.8297336071094)",56573,0,"c,h"
"POINT (12.4767135560328 41.8198725037159)",56589,0,"c,h"
"POINT (12.4751804163811 41.830943616368)",56601,0,"c,h"
"POINT (12.4765084681466 41.8305526177505)",56632,0,"c,h"
"POINT (12.4755943107716 41.8469927909456)",56633,0,"c,h"
"POINT (12.4753784680226 41.8250485537693)",56678,0,"c,h"
"POINT (12.4754824749305 41.8246385497964)",56679,0,"c,h"
"POINT (12.475368545771 41.8146644420594)",56691,0,"c,h"
"POINT (12.4759005721134 41.813761434592)",56692,0,"c,h"
"POINT (12.4756955681066 41.8132924286879)",56694,0,"c,h"
"POINT (12.475596468745 41.8260175651119)",56695,0,"c,h"
"POINT (12.4755394739785 41.8250435543933)",56696,0,"c,h"
"POINT (12.4754314669536 41.8254495583064)",56697,0,"c,h"
"POINT (12.4757883174546 41.847052792409)",56702,0,"c,h"
"POINT (12.4755964730114 41.8254505590118)",56724,0,"c,h"
"POINT (12.4755794691735 41.8258775635341)",56725,0,"c,h"
"POINT (12.4782635760823 41.8247815630402)",56737,0,"c,h"
"POINT (12.4762363457843 41.8454787773354)",56738,0,"c,h"
"POINT (12.4767453768975 41.8438327617448)",56744,0,"c,h"
"POINT (12.4761103772405 41.8406857251723)",56749,0,"c,h"
"POINT (12.4760434671856 41.8284085927202)",56767,0,"c,h"
"POINT (12.4775346980464 41.8049973472949)",56775,0,"c,h"
"POINT (12.4756443134239 41.8468847899924)",56776,0,"c,h"
"POINT (12.4757284735372 41.8260255657536)",56780,0,"c,h"
"POINT (12.4787325757438 41.8271185901575)",56781,0,"c,h"
"POINT (12.4769654780097 41.8314746295976)",56798,0,"c,h"
"POINT (12.4757533191874 41.8466517879406)",56804,0,"c,h"
"POINT (12.4760756951049 41.7982562687621)",56809,0,"c,h"
"POINT (12.476144699233 41.7980442667763)",56810,0,"c,h"
"POINT (12.4757723425536 41.8436417555905)",56815,0,"c,h"
"POINT (12.4757935714374 41.8133284294874)",56818,0,"c,h"
"POINT (12.4780185561613 41.8262325776197)",56827,0,"c,h"
"POINT (12.478032557857 41.8260755759895)",56828,0,"c,h"
"POINT (12.4760373342411 41.8460397825421)",56837,0,"c,h"
"POINT (12.4761744380459 41.8329206418323)",56846,0,"c,h"
"POINT (12.4758665756016 41.8131314276772)",56847,0,"c,h"
"POINT (12.4758393201964 41.8469377913846)",56848,0,"c,h"
"POINT (12.4775613812536 41.847239801889)",56849,0,"c,h"
"POINT (12.477611610585 41.8170074766885)",56850,0,"c,h"
"POINT (12.4760905815249 41.8134384319198)",56852,0,"c,h"
"POINT (12.4768583745777 41.8446927714858)",56856,0,"c,h"
"POINT (12.4771284816169 41.8317916336958)",56859,0,"c,h"
"POINT (12.4759883471988 41.8440797612186)",56864,0,"c,h"
"POINT (12.4775726085876 41.8170824773308)",56865,0,"c,h"
"POINT (12.4759393255385 41.8467167894242)",56875,0,"c,h"
"POINT (12.4762205876484 41.8132594305429)",56890,0,"c,h"
"POINT (12.4762845851726 41.8139014377131)",56906,0,"c,h"
"POINT (12.4762293410387 41.8460747837276)",56916,0,"c,h"
"POINT (12.4772713931844 41.8442387683332)",56917,0,"c,h"
"POINT (12.4769313779852 41.8445967707588)",56918,0,"c,h"
"POINT (12.4790596136688 41.8236745544814)",56928,0,"c,h"
"POINT (12.4766593672744 41.8446907706264)",56941,0,"c,h"
"POINT (12.4760903370337 41.8459277815585)",56944,0,"c,h"
"POINT (12.4763603878942 41.8404917241353)",56954,0,"c,h"
"POINT (12.4761994611663 41.8299706101861)",56959,0,"c,h"
"POINT (12.4771745011643 41.8294186083498)",56960,0,"c,h"
"POINT (12.4767843712012 41.8447797721115)",56966,0,"c,h"
"POINT (12.4762465868367 41.8134944331783)",56967,0,"c,h"
"POINT (12.4763823879353 41.8405937253265)",56975,0,"c,h"
"POINT (12.4769147278963 41.7979942694795)",56986,0,"c,h"
"POINT (12.4764094429529 41.8334166481608)",56993,0,"c,h"
"POINT (12.476375592931 41.8133144317865)",57006,0,"c,h"
"POINT (12.4776843995563 41.8454097826882)",57010,0,"c,h"
"POINT (12.4781274131228 41.8457717884535)",57011,0,"c,h"
"POINT (12.4765135959195 41.8135914353447)",57013,0,"c,h"
"POINT (12.4770515062434 41.828142594101)",57048,0,"c,h"
"POINT (12.4783124645741 41.8398407253412)",57053,0,"c,h"
"POINT (12.476602603499 41.8130184295603)",57058,0,"c,h"
"POINT (12.476620601273 41.8134024337635)",57059,0,"c,h"
"POINT (12.4774013973027 41.8443267698286)",57061,0,"c,h"
"POINT (12.4766073970824 41.8404777250244)",57062,0,"c,h"
"POINT (12.4777634956546 41.8330286496837)",57081,0,"c,h"
"POINT (12.4767084489111 41.8340856566213)",57082,0,"c,h"
"POINT (12.4779025224657 41.8301446192272)",57120,0,"c,h"
"POINT (12.4765885984728 41.8136184359505)",57128,0,"c,h"
"POINT (12.476694603797 41.8134284343544)",57151,0,"c,h"
"POINT (12.4774616281721 41.813935443032)",57152,0,"c,h"
"POINT (12.4770536244867 41.8124314251491)",57158,0,"c,h"
"POINT (12.476339594646 41.8129104272926)",57159,0,"c,h"
"POINT (12.4786364761495 41.8398857271896)",57162,0,"c,h"
"POINT (12.4775766338345 41.8137444414629)",57186,0,"c,h"
"POINT (12.477707458352 41.837711699867)",57189,0,"c,h"
"POINT (12.4790306524366 41.8183774973904)",57191,0,"c,h"
"POINT (12.4792996536614 41.81952951091)",57192,0,"c,h"
"POINT (12.4767546711082 41.8047683415529)",57207,0,"c,h"
"POINT (12.4777874097589 41.8445577739423)",57228,0,"c,h"
"POINT (12.4768123725924 41.8447317717123)",57238,0,"c,h"
"POINT (12.476965377933 41.8447697727658)",57251,0,"c,h"
"POINT (12.4770693822621 41.8447027724818)",57279,0,"c,h"
"POINT (12.4784854256566 41.8458557908656)",57287,0,"c,h"
"POINT (12.4772565119062 41.8283915976432)",57305,0,"c,h"
"POINT (12.4785414285367 41.8457467899269)",57321,0,"c,h"
"POINT (12.4777804598846 41.8378647018219)",57327,0,"c,h"
"POINT (12.4775504909463 41.8326136443199)",57333,0,"c,h"
"POINT (12.4771616088906 41.8150334535726)",57341,0,"c,h"
"POINT (12.4774696239621 41.8145344495046)",57342,0,"c,h"
"POINT (12.4775885247884 41.8283015980722)",57387,0,"c,h"
"POINT (12.4771737376141 41.7979672702795)",57431,0,"c,h"
"POINT (12.4808118651355 41.7987832943449)",57439,0,"c,h"
"POINT (12.4781707743988 41.7979462742487)",57440,0,"c,h"
"POINT (12.4777706386859 41.8140474455362)",57470,0,"c,h"
"POINT (12.4772526166414 41.8144474476561)",57472,0,"c,h"
"POINT (12.4799507935128 41.8041063478887)",57501,0,"c,h"
"POINT (12.4792265560947 41.8321446463255)",57503,0,"c,h"
"POINT (12.4778193900722 41.8473288039342)",57505,0,"c,h"
"POINT (12.4778856443558 41.8138554439563)",57506,0,"c,h"
"POINT (12.4778906489003 41.813275437743)",57507,0,"c,h"
"POINT (12.4779075371551 41.8282165985002)",57512,0,"c,h"
"POINT (12.4779836233247 41.8171314795872)",57522,0,"c,h"
"POINT (12.4776716729011 41.8090123910071)",57544,0,"c,h"
"POINT (12.4786197190561 41.8075063788145)",57545,0,"c,h"
"POINT (12.4795425648463 41.8325256517564)",57591,0,"c,h"
"POINT (12.4780436479744 41.8141464477492)",57593,0,"c,h"
"POINT (12.478848439097 41.8458437922643)",57608,0,"c,h"
"POINT (12.4781063977663 41.8477088092374)",57612,0,"c,h"
"POINT (12.4778376247489 41.8162284692643)",57619,0,"c,h"
"POINT (12.4791326626669 41.8175154885509)",57620,0,"c,h"
"POINT (12.4778727532476 41.7993042875757)",57625,0,"c,h"
"POINT (12.4799838236132 41.8002613067326)",57626,0,"c,h"
"POINT (12.4786667829438 41.7992342901646)",57627,0,"c,h"
"POINT (12.4786184906455 41.8378717054245)",57628,0,"c,h"
"POINT (12.4781456532116 41.8139484460501)",57633,0,"c,h"
"POINT (12.4782486609215 41.8134264408725)",57635,0,"c,h"
"POINT (12.4781176597837 41.8129374350652)",57636,0,"c,h"
"POINT (12.4782545361815 41.8300416196002)",57641,0,"c,h"
"POINT (12.4789355768651 41.8279616000826)",57643,0,"c,h"
"POINT (12.4778205358978 41.8279585953578)",57644,0,"c,h"
"POINT (12.4780087011823 41.8068973697007)",57656,0,"c,h"
"POINT (12.4788746531694 41.8175174874868)",57657,0,"c,h"
"POINT (12.4789306557464 41.8174484869805)",57678,0,"c,h"
"POINT (12.4773177431071 41.7979402705955)",57687,0,"c,h"
"POINT (12.4784865736887 41.8261895791267)",57690,0,"c,h"
"POINT (12.478111650293 41.8141704482934)",57692,0,"c,h"
"POINT (12.478550413313 41.8478128122272)",57709,0,"c,h"
"POINT (12.4782096553908 41.8139714465666)",57710,0,"c,h"
"POINT (12.4787196709835 41.8143904532166)",57711,0,"c,h"
"POINT (12.4782146644385 41.8127924339149)",57712,0,"c,h"
"POINT (12.4778716514575 41.8128424330089)",57713,0,"c,h"
"POINT (12.4794858246916 41.7976822769463)",57716,0,"c,h"
"POINT (12.4801868630857 41.7959992618269)",57717,0,"c,h"
"POINT (12.4788347295192 41.8071653760554)",57721,0,"c,h"
"POINT (12.4781516183775 41.818610496197)",57722,0,"c,h"
"POINT (12.4801348482261 41.7977232801164)",57729,0,"c,h"
"POINT (12.4789197337849 41.80701337478)",57739,0,"c,h"
"POINT (12.4788226762649 41.8141914515108)",57741,0,"c,h"
"POINT (12.4782096454511 41.8152934607778)",57742,0,"c,h"
"POINT (12.4785446619357 41.8147384562212)",57743,0,"c,h"
"POINT (12.4784935454947 41.8299716198527)",57756,0,"c,h"
"POINT (12.4793305601365 41.832115646451)",57757,0,"c,h"
"POINT (12.4787544815649 41.8397427261461)",57758,0,"c,h"
"POINT (12.4791706089043 41.8248505675994)",57761,0,"c,h"
"POINT (12.4782736979464 41.8086233893604)",57765,0,"c,h"
"POINT (12.4789507301215 41.8076523817758)",57766,0,"c,h"
"POINT (12.4784604059596 41.8483498176354)",57808,0,"c,h"
"POINT (12.4788984375631 41.846291797302)",57824,0,"c,h"
"POINT (12.4785345761152 41.8261015783819)",57849,0,"c,h"
"POINT (12.4790215704655 41.8292326141218)",57853,0,"c,h"
"POINT (12.4795175809519 41.8302626272939)",57854,0,"c,h"
"POINT (12.4788996300934 41.8207085219062)",57861,0,"c,h"
"POINT (12.4786894320524 41.8460027933082)",57862,0,"c,h"
"POINT (12.4785034221552 41.8464087969)",57874,0,"c,h"
"POINT (12.4781394091522 41.8463577948182)",57875,0,"c,h"
"POINT (12.4783634188359 41.8461657936923)",57876,0,"c,h"
"POINT (12.4787886702865 41.8148204581294)",57877,0,"c,h"
"POINT (12.4786174176594 41.8475628098151)",57879,0,"c,h"
"POINT (12.4787544351807 41.8459047925259)",57890,0,"c,h"
"POINT (12.4807305619243 41.8387197234448)",57896,0,"c,h"
"POINT (12.4790154917118 41.8396697264585)",57897,0,"c,h"
"POINT (12.4790027782401 41.8015033159435)",57900,0,"c,h"
"POINT (12.4788734344303 41.8465858003647)",57903,0,"c,h"
"POINT (12.4786517206078 41.8074563784119)",57905,0,"c,h"
"POINT (12.4790024903306 41.8397897276962)",57906,0,"c,h"
"POINT (12.478731584365 41.8259675777692)",57908,0,"c,h"
"POINT (12.4786185769088 41.8264065820169)",57909,0,"c,h"
"POINT (12.478221706055 41.8072903748193)",57921,0,"c,h"
"POINT (12.4790196347448 41.820676522067)",57926,0,"c,h"
"POINT (12.4791077996638 41.7991652912789)",57932,0,"c,h"
"POINT (12.4786374253141 41.8466437999963)",57939,0,"c,h"
"POINT (12.4789596791496 41.8144774551617)",57959,0,"c,h"
"POINT (12.4789594404992 41.8461997965674)",57962,0,"c,h"
"POINT (12.4787376148361 41.8219455345286)",57964,0,"c,h"
"POINT (12.4794466422055 41.8217715356406)",57965,0,"c,h"
"POINT (12.4788415840685 41.8265445844402)",57985,0,"c,h"
"POINT (12.4790124432313 41.8460957956699)",57992,0,"c,h"
"POINT (12.4790876852897 41.8142864536471)",58006,0,"c,h"
"POINT (12.4789487333474 41.8072133770507)",58010,0,"c,h"
"POINT (12.4789635885007 41.8265515850289)",58015,0,"c,h"
"POINT (12.478883587696 41.8262675816366)",58016,0,"c,h"
"POINT (12.4789485926279 41.8259295782736)",58028,0,"c,h"
"POINT (12.4788695808929 41.8271035905726)",58031,0,"c,h"
"POINT (12.4788965787863 41.8275155951194)",58032,0,"c,h"
"POINT (12.4790986608458 41.817591489225)",58039,0,"c,h"
"POINT (12.4790574456918 41.8459887947064)",58045,0,"c,h"
"POINT (12.4791076358135 41.8209645255346)",58049,0,"c,h"
"POINT (12.4788914364926 41.8463997984362)",58056,0,"c,h"
"POINT (12.4790247373951 41.8070463755763)",58061,0,"c,h"
"POINT (12.4791867413336 41.8073143791372)",58079,0,"c,h"
"POINT (12.4791396011008 41.8257365770009)",58080,0,"c,h"
"POINT (12.4790925978236 41.8259425790194)",58081,0,"c,h"
"POINT (12.4789985962861 41.8256875758804)",58082,0,"c,h"
"POINT (12.4796057011242 41.8147124604059)",58083,0,"c,h"
"POINT (12.4828087997429 41.8172535011981)",58101,0,"c,h"
"POINT (12.4796474612401 41.8468058059932)",58104,0,"c,h"
"POINT (12.4801576102353 41.829497621754)",58113,0,"c,h"
"POINT (12.4807305587263 41.8391447280218)",58118,0,"c,h"
"POINT (12.4792954510421 41.8464408005785)",58125,0,"c,h"
"POINT (12.47905463558 41.8207365228595)",58126,0,"c,h"
"POINT (12.4791556400068 41.8206415222628)",58127,0,"c,h"
"POINT (12.4807285580583 41.8392237288642)",58130,0,"c,h"
"POINT (12.4807115510597 41.8400707379148)",58131,0,"c,h"
"POINT (12.4792457449897 41.8071163772581)",58133,0,"c,h"
"POINT (12.4792834518203 41.8462787987824)",58137,0,"c,h"
"POINT (12.4793176229344 41.823703555879)",58140,0,"c,h"
"POINT (12.4798858104339 41.8015363200124)",58152,0,"c,h"
"POINT (12.4797307071765 41.8145184588463)",58155,0,"c,h"
"POINT (12.4796967144364 41.8133864465351)",58156,0,"c,h"
"POINT (12.4802326134514 41.8294366214131)",58158,0,"c,h"
"POINT (12.4790844470085 41.8459457943567)",58166,0,"c,h"
"POINT (12.4794024566937 41.8462127985721)",58167,0,"c,h"
"POINT (12.4794216719052 41.8176994917453)",58168,0,"c,h"
"POINT (12.4806688579815 41.79903629646)",58172,0,"c,h"
"POINT (12.4793554604681 41.8454817904979)",58176,0,"c,h"
"POINT (12.4794064615081 41.8455927919085)",58177,0,"c,h"
"POINT (12.4794566737555 41.8176244910862)",58180,0,"c,h"
"POINT (12.4793396150941 41.8248535683428)",58184,0,"c,h"
"POINT (12.4794356134786 41.8255375761055)",58185,0,"c,h"
"POINT (12.4791546777756 41.8156134681943)",58188,0,"c,h"
"POINT (12.4799796718654 41.8204325234822)",58190,0,"c,h"
"POINT (12.4799837683801 41.8076123856919)",58204,0,"c,h"
"POINT (12.4800907740253 41.8073843836923)",58218,0,"c,h"
"POINT (12.4797964547728 41.8483928237223)",58223,0,"c,h"
"POINT (12.479322657898 41.819078506157)",58245,0,"c,h"
"POINT (12.4800946850773 41.8192375111149)",58246,0,"c,h"
"POINT (12.4798184675894 41.8467978066267)",58250,0,"c,h"
"POINT (12.4794486333977 41.8229525483519)",58257,0,"c,h"
"POINT (12.4790705083494 41.8377277057763)",58269,0,"c,h"
"POINT (12.4789965048759 41.8378277065417)",58270,0,"c,h"
"POINT (12.4795326178491 41.8254305753625)",58272,0,"c,h"
"POINT (12.4795126299294 41.823726556947)",58273,0,"c,h"
"POINT (12.4793486872587 41.8153004656457)",58280,0,"c,h"
"POINT (12.4796737034429 41.81473646095)",58281,0,"c,h"
"POINT (12.4799144862352 41.8447897853948)",58285,0,"c,h"
"POINT (12.4796654639196 41.8465378031811)",58296,0,"c,h"
"POINT (12.480740806408 41.8062533742755)",58300,0,"c,h"
"POINT (12.4799804881882 41.8448527863513)",58309,0,"c,h"
"POINT (12.48011669163 41.818473502992)",58317,0,"c,h"
"POINT (12.4800216355992 41.8254605777428)",58332,0,"c,h"
"POINT (12.4796566468113 41.8221855409771)",58335,0,"c,h"
"POINT (12.4796506442896 41.8224915442432)",58338,0,"c,h"
"POINT (12.4807596484396 41.8273606012908)",58341,0,"c,h"
"POINT (12.4797874687001 41.8464988032743)",58342,0,"c,h"
"POINT (12.4802576971883 41.8184235030476)",58348,0,"c,h"
"POINT (12.4794854495455 41.8475678135226)",58361,0,"c,h"
"POINT (12.4807654965093 41.8475828190715)",58362,0,"c,h"
"POINT (12.4800838471863 41.7976122787102)",58376,0,"c,h"
"POINT (12.4796176396775 41.8229435489662)",58381,0,"c,h"
"POINT (12.4807258679474 41.7979882854474)",58387,0,"c,h"
"POINT (12.4803508564092 41.7976902806706)",58388,0,"c,h"
"POINT (12.480698608514 41.8323706549524)",58397,0,"c,h"
"POINT (12.4804894878488 41.8473848157762)",58401,0,"c,h"
"POINT (12.4797405328125 41.8377507088437)",58424,0,"c,h"
"POINT (12.4805065641615 41.8373277075122)",58425,0,"c,h"
"POINT (12.4800286536045 41.8231005523843)",58434,0,"c,h"
"POINT (12.479722645387 41.8226975467619)",58435,0,"c,h"
"POINT (12.4807125635197 41.8384197201384)",58440,0,"c,h"
"POINT (12.4804965593093 41.8379237138881)",58441,0,"c,h"
"POINT (12.479760649679 41.8223125427807)",58445,0,"c,h"
"POINT (12.4799756592362 41.822092541319)",58450,0,"c,h"
"POINT (12.4806267362796 41.8150274680876)",58452,0,"c,h"
"POINT (12.4797997095394 41.8145414593839)",58453,0,"c,h"
"POINT (12.4803125531906 41.8378377121877)",58462,0,"c,h"
"POINT (12.4797167371347 41.8104644152145)",58475,0,"c,h"
"POINT (12.480151754796 41.810241414648)",58476,0,"c,h"
"POINT (12.4798676524089 41.8224725449519)",58479,0,"c,h"
"POINT (12.4799434715693 41.8468798080364)",58494,0,"c,h"
"POINT (12.4797868083143 41.8013343174266)",58498,0,"c,h"
"POINT (12.4803024765675 41.8479698212934)",58499,0,"c,h"
"POINT (12.4806207376075 41.8148214658478)",58501,0,"c,h"
"POINT (12.4813358944205 41.7974472822045)",58507,0,"c,h"
"POINT (12.4805778706072 41.7969102732513)",58508,0,"c,h"
"POINT (12.4797804675619 41.8466158045056)",58522,0,"c,h"
"POINT (12.4801096634474 41.8221875429046)",58532,0,"c,h"
"POINT (12.480221664376 41.8226115479364)",58533,0,"c,h"
"POINT (12.4798787055118 41.8154634696279)",58538,0,"c,h"
"POINT (12.4812668908492 41.7975852833959)",58548,0,"c,h"
"POINT (12.4804998342321 41.8013713208231)",58549,0,"c,h"
"POINT (12.48016049818 41.8444047822822)",58562,0,"c,h"
"POINT (12.4823508806887 41.8042403594226)",58579,0,"c,h"
"POINT (12.4804624879699 41.8472368140677)",58586,0,"c,h"
"POINT (12.4802576721434 41.8217545388701)",58588,0,"c,h"
"POINT (12.4800356783148 41.8198485174373)",58589,0,"c,h"
"POINT (12.4801086768476 41.8204005236808)",58590,0,"c,h"
"POINT (12.4802465008309 41.8444727833767)",58591,0,"c,h"
"POINT (12.4800644907204 41.8449267875022)",58592,0,"c,h"
"POINT (12.4801428314079 41.8000013046095)",58598,0,"c,h"
"POINT (12.4809878567963 41.8007543162497)",58599,0,"c,h"
"POINT (12.4802137762004 41.8076963875619)",58600,0,"c,h"
"POINT (12.4804194886993 41.8469298105785)",58619,0,"c,h"
"POINT (12.4814016983895 41.8238565662931)",58620,0,"c,h"
"POINT (12.4802374819455 41.8469378098988)",58634,0,"c,h"
"POINT (12.4804366507871 41.8254695795858)",58635,0,"c,h"
"POINT (12.4813455308394 41.8458558029027)",58637,0,"c,h"
"POINT (12.480189778918 41.8072173823145)",58644,0,"c,h"
"POINT (12.4803197817185 41.8074803856871)",58645,0,"c,h"
"POINT (12.480864705996 41.8202195249149)",58655,0,"c,h"
"POINT (12.4804106773687 41.8218075400838)",58659,0,"c,h"
"POINT (12.4806947767716 41.8099724140415)",58682,0,"c,h"
"POINT (12.4805367725511 41.8097614111094)",58683,0,"c,h"
"POINT (12.480446513274 41.8437967769355)",58684,0,"c,h"
"POINT (12.4801676830538 41.819863518154)",58685,0,"c,h"
"POINT (12.4797627644302 41.8070573787992)",58695,0,"c,h"
"POINT (12.4803417805055 41.8077493886698)",58699,0,"c,h"
"POINT (12.4803937783809 41.8082863946584)",58700,0,"c,h"
"POINT (12.4802896132152 41.8297466249891)",58701,0,"c,h"
"POINT (12.4822017313454 41.8233845645812)",58705,0,"c,h"
"POINT (12.4802376903107 41.8192405117489)",58712,0,"c,h"
"POINT (12.4810277192421 41.819254515223)",58713,0,"c,h"
"POINT (12.4805505165192 41.8438737782027)",58716,0,"c,h"
"POINT (12.4813265407975 41.8444397875661)",58717,0,"c,h"
"POINT (12.4803416156083 41.8296826245192)",58723,0,"c,h"
"POINT (12.4809077031933 41.8208025313658)",58725,0,"c,h"
"POINT (12.4804377857539 41.8075203866132)",58742,0,"c,h"
"POINT (12.4803446142669 41.8298756266089)",58745,0,"c,h"
"POINT (12.4813168134472 41.808133396897)",58749,0,"c,h"
"POINT (12.4803656160619 41.8297396252336)",58764,0,"c,h"
"POINT (12.4804206171963 41.8298576267349)",58771,0,"c,h"
"POINT (12.4806836120772 41.8318236490014)",58772,0,"c,h"
"POINT (12.4797637541412 41.8084313935662)",58773,0,"c,h"
"POINT (12.4806306848388 41.8218895418914)",58776,0,"c,h"
"POINT (12.4810517082156 41.8208385323587)",58777,0,"c,h"
"POINT (12.4814368181798 41.8080903969397)",58791,0,"c,h"
"POINT (12.4806015226696 41.8433057722982)",58795,0,"c,h"
"POINT (12.4812866514708 41.8295336268917)",58800,0,"c,h"
"POINT (12.4807356169903 41.8314246449256)",58801,0,"c,h"
"POINT (12.4808675007876 41.8475128187464)",58802,0,"c,h"
"POINT (12.4804917418114 41.8136314525131)",58824,0,"c,h"
"POINT (12.4810487577493 41.8142344613382)",58825,0,"c,h"
"POINT (12.4807085688051 41.8376977123465)",58831,0,"c,h"
"POINT (12.480772574469 41.8372577078778)",58835,0,"c,h"
"POINT (12.48096750503 41.847437818359)",58846,0,"c,h"
"POINT (12.4811887988399 41.8094514105208)",58851,0,"c,h"
"POINT (12.4807075262517 41.8433477731967)",58862,0,"c,h"
"POINT (12.4806675310723 41.8425117640225)",58891,0,"c,h"
"POINT (12.4806857398987 41.814834466261)",58903,0,"c,h"
"POINT (12.480643734965 41.8152854709327)",58912,0,"c,h"
"POINT (12.4807147394912 41.8150304684901)",58913,0,"c,h"
"POINT (12.4814977142791 41.822212549013)",58916,0,"c,h"
"POINT (12.4807825695172 41.8379647155331)",58917,0,"c,h"
"POINT (12.4807955705144 41.8378957148448)",58926,0,"c,h"
"POINT (12.4806675362349 41.8418257566329)",58934,0,"c,h"
"POINT (12.4807905355655 41.8425157645832)",58935,0,"c,h"
"POINT (12.4808618651171 41.7990302972073)",58937,0,"c,h"
"POINT (12.4802738442285 41.7989352937141)",58938,0,"c,h"
"POINT (12.4807185628374 41.8385397214559)",58943,0,"c,h"
"POINT (12.4807417418891 41.8148434665934)",58949,0,"c,h"
"POINT (12.4806895443511 41.8408547462665)",58954,0,"c,h"
"POINT (12.4814275932795 41.8379587181825)",58955,0,"c,h"
"POINT (12.4807958457308 41.8012883211768)",58956,0,"c,h"
"POINT (12.4808728470273 41.8014923236915)",58957,0,"c,h"
"POINT (12.4813118017442 41.8096664133486)",58958,0,"c,h"
"POINT (12.4813915914517 41.8380257187526)",58959,0,"c,h"
"POINT (12.4820085757142 41.8431327763551)",58966,0,"c,h"
"POINT (12.4807626108369 41.8323746552648)",58967,0,"c,h"
"POINT (12.4807697414975 41.8150324687429)",58968,0,"c,h"
"POINT (12.4808565570991 41.8399767375126)",58972,0,"c,h"
"POINT (12.4827066307631 41.8392277372299)",58973,0,"c,h"
"POINT (12.4808625869497 41.8360386951308)",58985,0,"c,h"
"POINT (12.4813697669383 41.8145814664186)",58986,0,"c,h"
"POINT (12.4808215714328 41.837900715008)",58989,0,"c,h"
"POINT (12.4808455734891 41.8377447134291)",58990,0,"c,h"
"POINT (12.4810515086915 41.8473618178935)",58993,0,"c,h"
"POINT (12.4808285704262 41.8380687168466)",58996,0,"c,h"
"POINT (12.4808965790285 41.8372577083996)",58997,0,"c,h"
"POINT (12.4808536519328 41.8273556016325)",59003,0,"c,h"
"POINT (12.4815147709595 41.8147554688991)",59010,0,"c,h"
"POINT (12.4807728763813 41.7970952760576)",59011,0,"c,h"
"POINT (12.4807518900976 41.7951662552613)",59012,0,"c,h"
"POINT (12.4838359886891 41.7971242892493)",59016,0,"c,h"
"POINT (12.480614579268 41.8358476920308)",59021,0,"c,h"
"POINT (12.4807866159167 41.8318166493595)",59022,0,"c,h"
"POINT (12.4816315664402 41.8425227681975)",59025,0,"c,h"
"POINT (12.4808626144909 41.8323776557178)",59029,0,"c,h"
"POINT (12.480786610117 41.8325876576585)",59030,0,"c,h"
"POINT (12.4807955409646 41.8418227571392)",59031,0,"c,h"
"POINT (12.4811715552657 41.8417597580428)",59032,0,"c,h"
"POINT (12.4807758672005 41.7983322893511)",59039,0,"c,h"
"POINT (12.4816845253338 41.8482438300622)",59041,0,"c,h"
"POINT (12.4808555682964 41.8384837214293)",59046,0,"c,h"
"POINT (12.4824576305291 41.83804172341)",59047,0,"c,h"
"POINT (12.4809326086997 41.8334896679826)",59052,0,"c,h"
"POINT (12.4809685871081 41.8365357009282)",59053,0,"c,h"
"POINT (12.4808655665648 41.838762724476)",59055,0,"c,h"
"POINT (12.480840549648 41.8408887472681)",59058,0,"c,h"
"POINT (12.4809097087026 41.8200795235986)",59066,0,"c,h"
"POINT (12.48092970834 41.8202255252529)",59067,0,"c,h"
"POINT (12.4808787816844 41.8102184174591)",59074,0,"c,h"
"POINT (12.4805477683185 41.8103784177861)",59075,0,"c,h"
"POINT (12.4808876140185 41.8325626578144)",59080,0,"c,h"
"POINT (12.4808598722318 41.7980732869235)",59083,0,"c,h"
"POINT (12.4819065333784 41.8482598311688)",59084,0,"c,h"
"POINT (12.4811547166553 41.8202195261349)",59090,0,"c,h"
"POINT (12.4810166117881 41.8334896683361)",59097,0,"c,h"
"POINT (12.4808988726356 41.7982102885585)",59098,0,"c,h"
"POINT (12.4808908631178 41.7994383017102)",59099,0,"c,h"
"POINT (12.4812838603023 41.8017353280298)",59107,0,"c,h"
"POINT (12.4808805884241 41.8359306940437)",59109,0,"c,h"
"POINT (12.4810045920957 41.836048695836)",59110,0,"c,h"
"POINT (12.4809096009105 41.8344126778223)",59114,0,"c,h"
"POINT (12.4811367181212 41.8199365230157)",59122,0,"c,h"
"POINT (12.4809316022234 41.8343456771936)",59133,0,"c,h"
"POINT (12.480977581864 41.837276708945)",59142,0,"c,h"
"POINT (12.4821506197821 41.837969721343)",59143,0,"c,h"
"POINT (12.4817956149136 41.8368817081335)",59144,0,"c,h"
"POINT (12.4809268626602 41.7996753044065)",59152,0,"c,h"
"POINT (12.4817865306132 41.8480408283037)",59160,0,"c,h"
"POINT (12.4810008716133 41.7988452958055)",59161,0,"c,h"
"POINT (12.4810686071929 41.834354677867)",59171,0,"c,h"
"POINT (12.4810218710178 41.799027297848)",59174,0,"c,h"
"POINT (12.4827658896273 41.8050803701911)",59176,0,"c,h"
"POINT (12.4810125932776 41.8359306945991)",59180,0,"c,h"
"POINT (12.4810425906867 41.8364217000121)",59181,0,"c,h"
"POINT (12.4810718565998 41.8011913212959)",59183,0,"c,h"
"POINT (12.4821736433158 41.834953688965)",59189,0,"c,h"
"POINT (12.4810468692096 41.7993903018509)",59194,0,"c,h"
"POINT (12.4846890197482 41.7971612932328)",59195,0,"c,h"
"POINT (12.4812877676226 41.8140894607848)",59196,0,"c,h"
"POINT (12.4812877162511 41.8209235342657)",59199,0,"c,h"
"POINT (12.4813357232179 41.8202315270254)",59200,0,"c,h"
"POINT (12.4810658678796 41.79966030483)",59204,0,"c,h"
"POINT (12.4811568633433 41.8007093164773)",59205,0,"c,h"
"POINT (12.4810777869832 41.8104864211762)",59209,0,"c,h"
"POINT (12.4816678111894 41.8101504200471)",59210,0,"c,h"
"POINT (12.481318682345 41.8255845845339)",59213,0,"c,h"
"POINT (12.481084646722 41.8291776222107)",59215,0,"c,h"
"POINT (12.4818656826914 41.8282126151119)",59216,0,"c,h"
"POINT (12.4817765312465 41.8479078268284)",59217,0,"c,h"
"POINT (12.4821985575596 41.8464738131511)",59218,0,"c,h"
"POINT (12.4810108559737 41.8009763187305)",59219,0,"c,h"
"POINT (12.4811868629808 41.8009043186975)",59221,0,"c,h"
"POINT (12.4812558638332 41.8011283213933)",59244,0,"c,h"
"POINT (12.481485872321 41.8011233223069)",59253,0,"c,h"
"POINT (12.4812485590153 41.8416377570527)",59259,0,"c,h"
"POINT (12.4818278244253 41.8091714101998)",59265,0,"c,h"
"POINT (12.4812387256819 41.8194295179925)",59271,0,"c,h"
"POINT (12.4812338189631 41.8069933842994)",59289,0,"c,h"
"POINT (12.4815148321886 41.8066073813342)",59290,0,"c,h"
"POINT (12.4813958661224 41.801508326063)",59296,0,"c,h"
"POINT (12.4812635603721 41.8415307559632)",59301,0,"c,h"
"POINT (12.4812775632798 41.8412127525968)",59309,0,"c,h"
"POINT (12.4812645582191 41.841821759102)",59310,0,"c,h"
"POINT (12.4814825724136 41.841000751176)",59314,0,"c,h"
"POINT (12.4836107363764 41.8296046374323)",59318,0,"c,h"
"POINT (12.4827107647147 41.8214345457475)",59321,0,"c,h"
"POINT (12.4821777138471 41.8255945882552)",59326,0,"c,h"
"POINT (12.4813336868066 41.8250645790026)",59327,0,"c,h"
"POINT (12.4819388272043 41.8093444125256)",59328,0,"c,h"
"POINT (12.4820578354092 41.8088344075459)",59329,0,"c,h"
"POINT (12.4817525541764 41.844743792634)",59335,0,"c,h"
"POINT (12.4812408596614 41.8016103265065)",59337,0,"c,h"
"POINT (12.4813887258351 41.8201425262912)",59338,0,"c,h"
"POINT (12.48167973499 41.82034752972)",59339,0,"c,h"
"POINT (12.4813905367466 41.8452907970043)",59344,0,"c,h"
"POINT (12.4813515619978 41.8417447586387)",59346,0,"c,h"
"POINT (12.4817587827603 41.8143784658727)",59354,0,"c,h"
"POINT (12.4816527388313 41.8197045226914)",59359,0,"c,h"
"POINT (12.4815128680774 41.8018203299058)",59364,0,"c,h"
"POINT (12.4813997335616 41.8191685158631)",59366,0,"c,h"
"POINT (12.4821918410996 41.8087324070135)",59382,0,"c,h"
"POINT (12.4818368732962 41.8027103408271)",59396,0,"c,h"
"POINT (12.484922690791 41.8420807772815)",59398,0,"c,h"
"POINT (12.482824924513 41.8007243236531)",59401,0,"c,h"
"POINT (12.4814875655619 41.8419357612683)",59403,0,"c,h"
"POINT (12.4818925761212 41.8425117691772)",59404,0,"c,h"
"POINT (12.4824297459888 41.8225515565799)",59406,0,"c,h"
"POINT (12.4819067869143 41.8145494683335)",59414,0,"c,h"
"POINT (12.4818868497569 41.8060883773231)",59416,0,"c,h"
"POINT (12.4820218502172 41.8066873843261)",59417,0,"c,h"
"POINT (12.481666744796 41.8189795149539)",59429,0,"c,h"
"POINT (12.4816276793864 41.82748860632)",59451,0,"c,h"
"POINT (12.4834587630351 41.8253155906418)",59457,0,"c,h"
"POINT (12.4818487484936 41.8193775199994)",59480,0,"c,h"
"POINT (12.4821878250835 41.8108444296924)",59490,0,"c,h"
"POINT (12.4824017596863 41.820592535392)",59494,0,"c,h"
"POINT (12.4816868673718 41.802765340787)",59512,0,"c,h"
"POINT (12.4827415965155 41.8439507882517)",59516,0,"c,h"
"POINT (12.4820975650206 41.8449887967254)",59517,0,"c,h"
"POINT (12.4820387941479 41.814232465481)",59521,0,"c,h"
"POINT (12.4818198123416 41.8107404270269)",59546,0,"c,h"
"POINT (12.4819678182989 41.8106714269079)",59547,0,"c,h"
"POINT (12.4816298047057 41.8108274271627)",59548,0,"c,h"
"POINT (12.4817638686384 41.8029733433448)",59549,0,"c,h"
"POINT (12.4818608257882 41.8091514101236)",59550,0,"c,h"
"POINT (12.4838987775634 41.8255345948486)",59557,0,"c,h"
"POINT (12.481909874491 41.8029083432608)",59559,0,"c,h"
"POINT (12.4830438053814 41.8176525064767)",59560,0,"c,h"
"POINT (12.4820457588915 41.8189575163115)",59561,0,"c,h"
"POINT (12.4822437619371 41.8195205231987)",59564,0,"c,h"
"POINT (12.4820927604912 41.8189745166921)",59565,0,"c,h"
"POINT (12.4821318374747 41.808921408792)",59567,0,"c,h"
"POINT (12.4831017281227 41.8282136203221)",59573,0,"c,h"
"POINT (12.4820328566466 41.8058853757563)",59578,0,"c,h"
"POINT (12.4836946380408 41.8430897829853)",59579,0,"c,h"
"POINT (12.4821855829006 41.8430427761303)",59580,0,"c,h"
"POINT (12.4822877975423 41.8149984747628)",59583,0,"c,h"
"POINT (12.4821797980748 41.8143994678693)",59584,0,"c,h"
"POINT (12.4820548772195 41.8032543475869)",59587,0,"c,h"
"POINT (12.4820018297974 41.809307412393)",59599,0,"c,h"
"POINT (12.4819048711598 41.8033273477401)",59606,0,"c,h"
"POINT (12.4821778771115 41.8038703547206)",59607,0,"c,h"
"POINT (12.4819748163694 41.8109624300647)",59616,0,"c,h"
"POINT (12.4823908449636 41.8091914127826)",59627,0,"c,h"
"POINT (12.4823245842877 41.8435377820478)",59629,0,"c,h"
"POINT (12.4824918700716 41.806343382607)",59633,0,"c,h"
"POINT (12.4822438637386 41.8059733775891)",59637,0,"c,h"
"POINT (12.4822648821035 41.8036313525194)",59641,0,"c,h"
"POINT (12.4834019278078 41.8031083516832)",59642,0,"c,h"
"POINT (12.4820847960263 41.8142074654057)",59643,0,"c,h"
"POINT (12.4816986850346 41.8270846022716)",59644,0,"c,h"
"POINT (12.4820528042442 41.8129574518347)",59651,0,"c,h"
"POINT (12.4828708279938 41.8137974643043)",59652,0,"c,h"
"POINT (12.4825828162823 41.8139474647054)",59663,0,"c,h"
"POINT (12.4822298001002 41.8143744678108)",59664,0,"c,h"
"POINT (12.4832008104528 41.817745508137)",59671,0,"c,h"
"POINT (12.4825117747416 41.8191275200998)",59672,0,"c,h"
"POINT (12.4824665766121 41.8452518011117)",59675,0,"c,h"
"POINT (12.4823227115531 41.826608599775)",59687,0,"c,h"
"POINT (12.4828276447663 41.837957724062)",59697,0,"c,h"
"POINT (12.4822808440695 41.8087724078176)",59709,0,"c,h"
"POINT (12.4830529049049 41.8044503646305)",59711,0,"c,h"
"POINT (12.4824755906459 41.8434307815304)",59718,0,"c,h"
"POINT (12.4818928082913 41.8116364369635)",59721,0,"c,h"
"POINT (12.4827468398403 41.8116144403189)",59722,0,"c,h"
"POINT (12.4830058582468 41.8104314286943)",59723,0,"c,h"
"POINT (12.4854918296745 41.8263926107794)",59724,0,"c,h"
"POINT (12.4826805782967 41.846073810869)",59725,0,"c,h"
"POINT (12.482611745364 41.8235245678118)",59729,0,"c,h"
"POINT (12.4827118196781 41.8141264671722)",59738,0,"c,h"
"POINT (12.482239833216 41.8100164210129)",59748,0,"c,h"
"POINT (12.4822798360534 41.8098344192254)",59749,0,"c,h"
"POINT (12.4836508098268 41.8200295345905)",59751,0,"c,h"
"POINT (12.4820727885358 41.8151454754388)",59768,0,"c,h"
"POINT (12.4834128289237 41.81632449375)",59769,0,"c,h"
"POINT (12.4825038482144 41.8093114145473)",59777,0,"c,h"
"POINT (12.4823478388979 41.809788419017)",59798,0,"c,h"
"POINT (12.4828388932109 41.804960369209)",59801,0,"c,h"
"POINT (12.4827766423042 41.8380357246874)",59803,0,"c,h"
"POINT (12.4820407499353 41.8201245288403)",59821,0,"c,h"
"POINT (12.4831037837004 41.8208305409044)",59822,0,"c,h"
"POINT (12.4824028411669 41.8097554188937)",59823,0,"c,h"
"POINT (12.4829798614837 41.8098734225884)",59824,0,"c,h"
"POINT (12.4831047688987 41.8228045621405)",59834,0,"c,h"
"POINT (12.4830257754664 41.8215445482556)",59835,0,"c,h"
"POINT (12.4824908510876 41.8088654097001)",59839,0,"c,h"
"POINT (12.4827045867647 41.845065800109)",59855,0,"c,h"
"POINT (12.4821345623628 41.8455228026347)",59856,0,"c,h"
"POINT (12.4829795927247 41.8456178072136)",59857,0,"c,h"
"POINT (12.4828906028604 41.8438357876396)",59861,0,"c,h"
"POINT (12.482691853515 41.8095254176376)",59867,0,"c,h"
"POINT (12.4825968753421 41.8061553810289)",59870,0,"c,h"
"POINT (12.4831167953251 41.8193475250103)",59872,0,"c,h"
"POINT (12.4830798996324 41.805284373703)",59892,0,"c,h"
"POINT (12.4826049361364 41.798100294552)",59896,0,"c,h"
"POINT (12.4827629230086 41.8006213222863)",59898,0,"c,h"
"POINT (12.4839107899569 41.8239445777936)",59902,0,"c,h"
"POINT (12.4831438732352 41.8091114150897)",59903,0,"c,h"
"POINT (12.4827888563056 41.8096284191524)",59904,0,"c,h"
"POINT (12.483782612889 41.8468628240074)",59936,0,"c,h"
"POINT (12.4831145969672 41.845713808816)",59937,0,"c,h"
"POINT (12.4827608603406 41.808954411792)",59950,0,"c,h"
"POINT (12.4834686193692 41.8444667968696)",59951,0,"c,h"
"POINT (12.4832636044712 41.8454448065445)",59952,0,"c,h"
"POINT (12.4830058316477 41.8139714667425)",59954,0,"c,h"
"POINT (12.4830408292293 41.8144644721893)",59955,0,"c,h"
"POINT (12.4836498764958 41.8111524391511)",59965,0,"c,h"
"POINT (12.4829188956021 41.8050333703296)",59971,0,"c,h"
"POINT (12.4834238797906 41.8096084216079)",59977,0,"c,h"
"POINT (12.4848087163313 41.8381277342259)",59978,0,"c,h"
"POINT (12.4828958030082 41.8172445014672)",59990,0,"c,h"
"POINT (12.4828498008365 41.8173085019619)",59991,0,"c,h"
"POINT (12.4849147220039 41.8378917321303)",59996,0,"c,h"
"POINT (12.4832609415605 41.8005873240153)",59997,0,"c,h"
"POINT (12.4830428349837 41.813708464071)",60013,0,"c,h"
"POINT (12.4833008702144 41.8102814283229)",60020,0,"c,h"
"POINT (12.4836416267548 41.8443307961321)",60024,0,"c,h"
"POINT (12.4835668293308 41.8170235019131)",60030,0,"c,h"
"POINT (12.4828968980913 41.8045943655213)",60031,0,"c,h"
"POINT (12.4829887504715 41.8246885819195)",60057,0,"c,h"
"POINT (12.482503731861 41.8247925809982)",60058,0,"c,h"
"POINT (12.484253936198 41.8061593880397)",60064,0,"c,h"
"POINT (12.4831848389325 41.8138774664848)",60066,0,"c,h"
"POINT (12.4834597902841 41.8216955517051)",60080,0,"c,h"
"POINT (12.4833458417911 41.814284471537)",60091,0,"c,h"
"POINT (12.4837868508977 41.8152294835505)",60092,0,"c,h"
"POINT (12.4831008373482 41.8136774639817)",60095,0,"c,h"
"POINT (12.4831228089388 41.8175655058734)",60096,0,"c,h"
"POINT (12.4840219173001 41.8075404019014)",60105,0,"c,h"
"POINT (12.4837248627303 41.8133514631017)",60111,0,"c,h"
"POINT (12.4838087542344 41.8281976231237)",60112,0,"c,h"
"POINT (12.4833237911856 41.8209105426901)",60116,0,"c,h"
"POINT (12.484403821075 41.8222155612683)",60117,0,"c,h"
"POINT (12.4831118454244 41.8126564530534)",60121,0,"c,h"
"POINT (12.4835908589478 41.8131994609043)",60122,0,"c,h"
"POINT (12.4833656076205 41.8455248078356)",60125,0,"c,h"
"POINT (12.4833558067477 41.8189965222409)",60126,0,"c,h"
"POINT (12.48507786203 41.8200625409464)",60127,0,"c,h"
"POINT (12.4832058126733 41.8174745052441)",60130,0,"c,h"
"POINT (12.4832588773709 41.8091234157023)",60140,0,"c,h"
"POINT (12.4831639393335 41.8004093216959)",60148,0,"c,h"
"POINT (12.4832438413412 41.813845466389)",60155,0,"c,h"
"POINT (12.4845298037738 41.8251335931882)",60157,0,"c,h"
"POINT (12.4832918144513 41.8176585075842)",60162,0,"c,h"
"POINT (12.4838598663993 41.8135234655183)",60173,0,"c,h"
"POINT (12.4846049302053 41.8086744165375)",60177,0,"c,h"
"POINT (12.4834678819108 41.809541421073)",60178,0,"c,h"
"POINT (12.4835859541018 41.8005073245227)",60179,0,"c,h"
"POINT (12.4834186109015 41.8453478061514)",60180,0,"c,h"
"POINT (12.483407819549 41.8175475068786)",60195,0,"c,h"
"POINT (12.4835168764541 41.81050743166)",60197,0,"c,h"
"POINT (12.4833168228178 41.816667497034)",60200,0,"c,h"
"POINT (12.4832388197256 41.8166974970285)",60201,0,"c,h"
"POINT (12.4836658028245 41.8210345454621)",60202,0,"c,h"
"POINT (12.4833358750993 41.8098024233226)",60208,0,"c,h"
"POINT (12.4833578747207 41.809960425113)",60209,0,"c,h"
"POINT (12.4838798317717 41.8182295161969)",60213,0,"c,h"
"POINT (12.4835368798637 41.8101514279183)",60214,0,"c,h"
"POINT (12.4835096137441 41.8454148072562)",60217,0,"c,h"
"POINT (12.4834028934126 41.8076924009317)",60233,0,"c,h"
"POINT (12.4835558246354 41.8175945080064)",60237,0,"c,h"
"POINT (12.4837288347063 41.8171005034223)",60238,0,"c,h"
"POINT (12.4840526377996 41.8448718036899)",60242,0,"c,h"
"POINT (12.4841679099252 41.809236420739)",60259,0,"c,h"
"POINT (12.4841396404951 41.8449388047778)",60276,0,"c,h"
"POINT (12.4839748896863 41.8109864387338)",60280,0,"c,h"
"POINT (12.4837688865261 41.8103994315591)",60288,0,"c,h"
"POINT (12.4838778442555 41.8165584982214)",60296,0,"c,h"
"POINT (12.4837999583521 41.800988330588)",60304,0,"c,h"
"POINT (12.484141975558 41.8003703253893)",60305,0,"c,h"
"POINT (12.4838358690261 41.8130564603976)",60306,0,"c,h"
"POINT (12.4843857640416 41.8297146418758)",60320,0,"c,h"
"POINT (12.4842176448609 41.8447398029619)",60331,0,"c,h"
"POINT (12.485109859306 41.8205815466627)",60334,0,"c,h"
"POINT (12.483663903424 41.8076364014275)",60340,0,"c,h"
"POINT (12.4855700111142 41.8026223555784)",60347,0,"c,h"
"POINT (12.4845686755912 41.8423707789164)",60351,0,"c,h"
"POINT (12.4846128988509 41.8128874618484)",60363,0,"c,h"
"POINT (12.4862410784236 41.7969402973843)",60364,0,"c,h"
"POINT (12.4840668507435 41.8166194996721)",60365,0,"c,h"
"POINT (12.4842208995454 41.8108774385967)",60378,0,"c,h"
"POINT (12.483903757742 41.8281956235018)",60396,0,"c,h"
"POINT (12.4847799038387 41.8130404641951)",60408,0,"c,h"
"POINT (12.4841078561278 41.8161034942968)",60421,0,"c,h"
"POINT (12.4859958349962 41.8281496318047)",60434,0,"c,h"
"POINT (12.485334852922 41.8225315685824)",60435,0,"c,h"
"POINT (12.4855068448899 41.8244415898521)",60436,0,"c,h"
"POINT (12.4839118826756 41.811611445186)",60437,0,"c,h"
"POINT (12.4840148868515 41.8115594450602)",60438,0,"c,h"
"POINT (12.4813167831483 41.8121654402263)",60439,0,"c,h"
"POINT (12.4839069228992 41.8062323873649)",60450,0,"c,h"
"POINT (12.4842218965621 41.8112794429213)",60456,0,"c,h"
"POINT (12.4843258994524 41.8114034446914)",60465,0,"c,h"
"POINT (12.4840839166864 41.8079254062988)",60468,0,"c,h"
"POINT (12.4840099251442 41.8064373900004)",60473,0,"c,h"
"POINT (12.4843269374683 41.8063473903664)",60474,0,"c,h"
"POINT (12.4843028627611 41.8161744958801)",60485,0,"c,h"
"POINT (12.4843368687596 41.8155424892284)",60506,0,"c,h"
"POINT (12.4843709291555 41.807669404755)",60513,0,"c,h"
"POINT (12.4843126478356 41.8448088041049)",60514,0,"c,h"
"POINT (12.4845549914975 41.8002683260304)",60518,0,"c,h"
"POINT (12.4846939867528 41.8015803407045)",60519,0,"c,h"
"POINT (12.4846659301033 41.8089864201466)",60528,0,"c,h"
"POINT (12.484466906422 41.8111654427264)",60551,0,"c,h"
"POINT (12.4842508764712 41.8140954733111)",60560,0,"c,h"
"POINT (12.4844018843197 41.8137894706568)",60561,0,"c,h"
"POINT (12.4845498761295 41.8156034907799)",60586,0,"c,h"
"POINT (12.4844089017664 41.8115014460936)",60598,0,"c,h"
"POINT (12.4847299417539 41.8077484071132)",60599,0,"c,h"
"POINT (12.4842409181289 41.808501413148)",60609,0,"c,h"
"POINT (12.4829588727026 41.8082774053502)",60610,0,"c,h"
"POINT (12.4843717572638 41.8305476507822)",60613,0,"c,h"
"POINT (12.4846107720354 41.8297516432204)",60614,0,"c,h"
"POINT (12.4848157824891 41.8293636399068)",60623,0,"c,h"
"POINT (12.4843938718688 41.8154074880167)",60626,0,"c,h"
"POINT (12.4846518272072 41.8226125665816)",60630,0,"c,h"
"POINT (12.4853198558803 41.8220645634962)",60631,0,"c,h"
"POINT (12.484775911978 41.8119374523228)",60633,0,"c,h"
"POINT (12.4844888760516 41.8153154874272)",60639,0,"c,h"
"POINT (12.4846058791795 41.8154714895963)",60640,0,"c,h"
"POINT (12.4845809096198 41.8112974446244)",60668,0,"c,h"
"POINT (12.4856029523677 41.8106064414951)",60669,0,"c,h"
"POINT (12.4845399301603 41.8083624129117)",60671,0,"c,h"
"POINT (12.4844928692107 41.8162454974425)",60675,0,"c,h"
"POINT (12.4846538818903 41.8153454884435)",60678,0,"c,h"
"POINT (12.4844468749062 41.8152624866808)",60679,0,"c,h"
"POINT (12.4845098327953 41.8211745505174)",60686,0,"c,h"
"POINT (12.485068856266 41.8207855486843)",60687,0,"c,h"
"POINT (12.4851090027812 41.8014763413323)",60712,0,"c,h"
"POINT (12.4860830510596 41.7998123275572)",60713,0,"c,h"
"POINT (12.4846509115762 41.8113794458)",60725,0,"c,h"
"POINT (12.4846828880728 41.8146644812444)",60731,0,"c,h"
"POINT (12.4863488335266 41.8300716539732)",60740,0,"c,h"
"POINT (12.4847149029901 41.8128354617183)",60741,0,"c,h"
"POINT (12.4850299221989 41.8118194521226)",60757,0,"c,h"
"POINT (12.4845748853282 41.814501479038)",60759,0,"c,h"
"POINT (12.4849879441817 41.8086874182875)",60766,0,"c,h"
"POINT (12.4847168852726 41.8152034871818)",60774,0,"c,h"
"POINT (12.4864089383679 41.8164135073049)",60795,0,"c,h"
"POINT (12.4859599113173 41.8178175205132)",60796,0,"c,h"
"POINT (12.4849249119021 41.8126764608923)",60797,0,"c,h"
"POINT (12.4849019431696 41.8084014148528)",60806,0,"c,h"
"POINT (12.4851108986111 41.8153554904727)",60829,0,"c,h"
"POINT (12.4848888947195 41.8147874834329)",60830,0,"c,h"
"POINT (12.4849419164934 41.8121484552886)",60832,0,"c,h"
"POINT (12.485106917569 41.8128124631194)",60837,0,"c,h"
"POINT (12.4847848831059 41.815824494144)",60841,0,"c,h"
"POINT (12.484842886297 41.815683492872)",60842,0,"c,h"
"POINT (12.4847368908388 41.8145604803535)",60847,0,"c,h"
"POINT (12.4857917523347 41.8381467385649)",60858,0,"c,h"
"POINT (12.4857728193938 41.829134641467)",60860,0,"c,h"
"POINT (12.4857028141517 41.8294896449931)",60861,0,"c,h"
"POINT (12.4852969009842 41.8159494976408)",60873,0,"c,h"
"POINT (12.484938912657 41.8126444606072)",60901,0,"c,h"
"POINT (12.4847468916571 41.8145004797505)",60907,0,"c,h"
"POINT (12.4855527454038 41.8378997348998)",60909,0,"c,h"
"POINT (12.4850946962662 41.8421937792222)",60914,0,"c,h"
"POINT (12.4849248472755 41.8212775533704)",60918,0,"c,h"
"POINT (12.4851239182614 41.8128034630941)",60919,0,"c,h"
"POINT (12.4849128960599 41.8147264828781)",60926,0,"c,h"
"POINT (12.4849529438645 41.8085584167543)",60936,0,"c,h"
"POINT (12.4849018999456 41.8141554766936)",60948,0,"c,h"
"POINT (12.4852099271687 41.8120384552332)",60956,0,"c,h"
"POINT (12.4854699399687 41.8116064516833)",60957,0,"c,h"
"POINT (12.4850578906375 41.8161574988721)",60967,0,"c,h"
"POINT (12.4851749447215 41.8095304281324)",60968,0,"c,h"
"POINT (12.4852529240764 41.8126604620994)",60974,0,"c,h"
"POINT (12.4856599358412 41.8130854683789)",60975,0,"c,h"
"POINT (12.4849658988567 41.8146134818862)",60979,0,"c,h"
"POINT (12.4847249309644 41.8091604222644)",60980,0,"c,h"
"POINT (12.4856499542226 41.81058944151)",60981,0,"c,h"
"POINT (12.4851938649486 41.8202415433593)",60982,0,"c,h"
"POINT (12.4858460312784 41.8012873424008)",60995,0,"c,h"
"POINT (12.4854218705337 41.8206135483188)",60996,0,"c,h"
"POINT (12.4853579069452 41.8154544925756)",60998,0,"c,h"
"POINT (12.485363921575 41.8135364719822)",61023,0,"c,h"
"POINT (12.4854629304944 41.8128334648419)",61030,0,"c,h"
"POINT (12.4852499240563 41.8126484619578)",61031,0,"c,h"
"POINT (12.4852059115613 41.8140964773376)",61032,0,"c,h"
"POINT (12.485184932282 41.8112354464976)",61035,0,"c,h"
"POINT (12.485659951563 41.8109924458831)",61036,0,"c,h"
"POINT (12.4864669153313 41.8197635435712)",61037,0,"c,h"
"POINT (12.4852118549841 41.8216555586428)",61049,0,"c,h"
"POINT (12.4855719536396 41.8102854379151)",61061,0,"c,h"
"POINT (12.485314932988 41.8117774528694)",61084,0,"c,h"
"POINT (12.4854039350869 41.8119334549203)",61085,0,"c,h"
"POINT (12.4861398881486 41.8217815639002)",61087,0,"c,h"
"POINT (12.4863730818317 41.7971323000004)",61097,0,"c,h"
"POINT (12.4861889422118 41.8148254893074)",61099,0,"c,h"
"POINT (12.4857809595399 41.8105224413407)",61100,0,"c,h"
"POINT (12.4853029161178 41.8139644763265)",61101,0,"c,h"
"POINT (12.4853039195727 41.8135094714397)",61109,0,"c,h"
"POINT (12.4854709275507 41.8132644695083)",61110,0,"c,h"
"POINT (12.4855609387983 41.8122074585254)",61114,0,"c,h"
"POINT (12.4854179187065 41.8141824791534)",61120,0,"c,h"
"POINT (12.4862209524847 41.8136144764238)",61121,0,"c,h"
"POINT (12.4859918845119 41.8215415606965)",61122,0,"c,h"
"POINT (12.4855869292146 41.8136104737153)",61127,0,"c,h"
"POINT (12.4855638325168 41.8263666108025)",61131,0,"c,h"
"POINT (12.4857738355616 41.8269886183782)",61132,0,"c,h"
"POINT (12.4856239440582 41.811815454577)",61140,0,"c,h"
"POINT (12.4854759204249 41.8142374799886)",61143,0,"c,h"
"POINT (12.4862859545055 41.8136634772238)",61144,0,"c,h"
"POINT (12.4855479300049 41.8133144703695)",61160,0,"c,h"
"POINT (12.4856257483664 41.8378627348084)",61170,0,"c,h"
"POINT (12.4861207660568 41.8379307376224)",61171,0,"c,h"
"POINT (12.4856319339408 41.8132014695081)",61176,0,"c,h"
"POINT (12.4855659231766 41.8143114811625)",61177,0,"c,h"
"POINT (12.4855678697157 41.8214365577843)",61178,0,"c,h"
"POINT (12.4865020482933 41.8022313552968)",61180,0,"c,h"
"POINT (12.4855799344486 41.8128794658283)",61185,0,"c,h"
"POINT (12.4855960189998 41.8016993457746)",61186,0,"c,h"
"POINT (12.4859600325913 41.8016703469933)",61187,0,"c,h"
"POINT (12.4860689618614 41.8116224543736)",61197,0,"c,h"
"POINT (12.4857917559067 41.8376717334497)",61198,0,"c,h"
"POINT (12.4858069575285 41.8109174456951)",61207,0,"c,h"
"POINT (12.4857649572995 41.8107424436378)",61212,0,"c,h"
"POINT (12.4858519414626 41.8132764712392)",61213,0,"c,h"
"POINT (12.4859859501205 41.8127794664604)",61214,0,"c,h"
"POINT (12.4856969182248 41.8156114956888)",61217,0,"c,h"
"POINT (12.4857069347891 41.8134554725536)",61220,0,"c,h"
"POINT (12.4857218518463 41.8245675921117)",61221,0,"c,h"
"POINT (12.4869119065847 41.8231045813769)",61222,0,"c,h"
"POINT (12.4861278552421 41.8261016103228)",61223,0,"c,h"
"POINT (12.4863128359615 41.8295716484407)",61224,0,"c,h"
"POINT (12.4857119551715 41.8107664436729)",61230,0,"c,h"
"POINT (12.4857379284312 41.8144534834121)",61233,0,"c,h"
"POINT (12.4863988438663 41.8289406420115)",61240,0,"c,h"
"POINT (12.4866869965967 41.8100214397655)",61244,0,"c,h"
"POINT (12.4858939627911 41.8106424431055)",61245,0,"c,h"
"POINT (12.485911961342 41.8109234462011)",61248,0,"c,h"
"POINT (12.4863267802112 41.8370557290663)",61252,0,"c,h"
"POINT (12.486246771066 41.8378807376139)",61253,0,"c,h"
"POINT (12.4858477542661 41.8381637389835)",61254,0,"c,h"
"POINT (12.4859549459916 41.8131774706081)",61263,0,"c,h"
"POINT (12.4864730541948 41.8013033452083)",61269,0,"c,h"
"POINT (12.4860320353493 41.8016553471349)",61270,0,"c,h"
"POINT (12.4860229518483 41.8127304660892)",61280,0,"c,h"
"POINT (12.4859748529095 41.8256636049669)",61281,0,"c,h"
"POINT (12.4872929145186 41.8239125916707)",61282,0,"c,h"
"POINT (12.4860179657181 41.8108594459589)",61293,0,"c,h"
"POINT (12.4861929668014 41.8115714543468)",61317,0,"c,h"
"POINT (12.4860379157619 41.8176075185831)",61323,0,"c,h"
"POINT (12.4866049340098 41.8179525246766)",61324,0,"c,h"
"POINT (12.486232040205 41.8019873515412)",61325,0,"c,h"
"POINT (12.4860548373155 41.8281296318376)",61335,0,"c,h"
"POINT (12.4865588511917 41.8287486406181)",61336,0,"c,h"
"POINT (12.4862179578354 41.8128874685966)",61338,0,"c,h"
"POINT (12.4863599735244 41.8114934542105)",61348,0,"c,h"
"POINT (12.4866268597647 41.8279406322089)",61353,0,"c,h"
"POINT (12.4861377664037 41.8379677380924)",61374,0,"c,h"
"POINT (12.4871139330045 41.8205765550349)",61385,0,"c,h"
"POINT (12.4870039106428 41.8230145807956)",61386,0,"c,h"
"POINT (12.4862808622795 41.8259136089434)",61387,0,"c,h"
"POINT (12.4863369653559 41.8124684645932)",61390,0,"c,h"
"POINT (12.486945982975 41.8131024739681)",61402,0,"c,h"
"POINT (12.4861769625705 41.8120564594923)",61407,0,"c,h"
"POINT (12.4861199575013 41.8124524635089)",61413,0,"c,h"
"POINT (12.4860348521539 41.8260576094584)",61432,0,"c,h"
"POINT (12.4870089848547 41.8131604748564)",61435,0,"c,h"
"POINT (12.4864518687085 41.825894609458)",61443,0,"c,h"
"POINT (12.4869158575818 41.8296446517618)",61444,0,"c,h"
"POINT (12.486371969579 41.8120774605378)",61455,0,"c,h"
"POINT (12.4864438688954 41.8258306087357)",61457,0,"c,h"
"POINT (12.4865629735112 41.8124884657583)",61458,0,"c,h"
"POINT (12.4868638519719 41.8301366568383)",61462,0,"c,h"
"POINT (12.4869631042124 41.7970383014711)",61472,0,"c,h"
"POINT (12.4864798473853 41.8288686415773)",61484,0,"c,h"
"POINT (12.4883890173439 41.8155875067477)",61489,0,"c,h"
"POINT (12.4864269759941 41.8114924544815)",61497,0,"c,h"
"POINT (12.4863079741897 41.8111504503055)",61498,0,"c,h"
"POINT (12.4864579739037 41.8119224592334)",61508,0,"c,h"
"POINT (12.486480951133 41.8150664931258)",61518,0,"c,h"
"POINT (12.4865688740993 41.8257496083899)",61520,0,"c,h"
"POINT (12.4870880713705 41.8020253555475)",61523,0,"c,h"
"POINT (12.486863885485 41.8256776088555)",61528,0,"c,h"
"POINT (12.486780858797 41.8288226423479)",61534,0,"c,h"
"POINT (12.4866979789683 41.8124224656164)",61538,0,"c,h"
"POINT (12.4867079782467 41.812567467217)",61539,0,"c,h"
"POINT (12.4889400161673 41.8184405397398)",61555,0,"c,h"
"POINT (12.4866088522707 41.8288496419152)",61558,0,"c,h"
"POINT (12.4876229005592 41.8273846304137)",61563,0,"c,h"
"POINT (12.486998866556 41.8288566436304)",61617,0,"c,h"
"POINT (12.4868538509654 41.8302216577111)",61645,0,"c,h"
"POINT (12.4868598515317 41.8301756572413)",61649,0,"c,h"
"POINT (12.4873118680518 41.8301886592816)",61650,0,"c,h"
"POINT (12.4868269793152 41.8130074724467)",61694,0,"c,h"
"POINT (12.487249995762 41.8128874729351)",61695,0,"c,h"
"POINT (12.4874648835903 41.8288696457296)",61717,0,"c,h"
"POINT (12.4871099132243 41.8231895831237)",61720,0,"c,h"
"POINT (12.4894880141368 41.8213925737907)",61721,0,"c,h"
"POINT (12.4870049760699 41.8143104872015)",61722,0,"c,h"
"POINT (12.4873269855155 41.8146284919737)",61723,0,"c,h"
"POINT (12.4873249981278 41.8129394738093)",61727,0,"c,h"
"POINT (12.4872738659257 41.8302856601659)",61736,0,"c,h"
"POINT (12.4887091351996 41.8014563562492)",61760,0,"c,h"
"POINT (12.4873459189615 41.823580588322)",61775,0,"c,h"
"POINT (12.4881389795149 41.8194005466965)",61778,0,"c,h"
"POINT (12.4871639908515 41.813120475078)",61793,0,"c,h"
"POINT (12.4878520117051 41.8137104843122)",61794,0,"c,h"
"POINT (12.4872629950306 41.8130484747203)",61795,0,"c,h"
"POINT (12.487240981093 41.8147964934182)",61822,0,"c,h"
"POINT (12.4871459924957 41.8128134717024)",61828,0,"c,h"
"POINT (12.487591010104 41.812646471778)",61829,0,"c,h"
"POINT (12.4873729996665 41.8129694743335)",61836,0,"c,h"
"POINT (12.4879470157071 41.8136424839805)",61837,0,"c,h"
"POINT (12.488171898069 41.8304016651899)",61840,0,"c,h"
"POINT (12.4877269306602 41.8238875932263)",61841,0,"c,h"
"POINT (12.4881848993962 41.8302886640283)",61847,0,"c,h"
"POINT (12.4876330110617 41.812724472793)",61849,0,"c,h"
"POINT (12.4878699396737 41.8233875884487)",61854,0,"c,h"
"POINT (12.4880610204976 41.8135624835998)",61861,0,"c,h"
"POINT (12.4874680036685 41.8129014740019)",61862,0,"c,h"
"POINT (12.4874109007314 41.8263246181167)",61871,0,"c,h"
"POINT (12.4875029006642 41.8267836234422)",61872,0,"c,h"
"POINT (12.488161024706 41.8134914832569)",61898,0,"c,h"
"POINT (12.4875640077148 41.8128324736638)",61899,0,"c,h"
"POINT (12.4879429170876 41.826750624937)",61913,0,"c,h"
"POINT (12.4876700121887 41.8127554732817)",61934,0,"c,h"
"POINT (12.488258028789 41.8134224829229)",61935,0,"c,h"
"POINT (12.4875810003034 41.8139024852369)",61942,0,"c,h"
"POINT (12.4878420206576 41.8124694709306)",61952,0,"c,h"
"POINT (12.4880989152478 41.8277586364393)",61968,0,"c,h"
"POINT (12.4879150229049 41.8125274718608)",61969,0,"c,h"
"POINT (12.4877189325376 41.8235985900837)",61989,0,"c,h"
"POINT (12.4879269390265 41.8237525926148)",61990,0,"c,h"
"POINT (12.4875849263495 41.8237665913277)",61991,0,"c,h"
"POINT (12.4877330067008 41.8137944847149)",61994,0,"c,h"
"POINT (12.4875880128251 41.8122694677132)",62034,0,"c,h"
"POINT (12.4881270326485 41.8122674699573)",62035,0,"c,h"
"POINT (12.4884989644933 41.8231615886617)",62044,0,"c,h"
"POINT (12.4879109003703 41.8288186470558)",62055,0,"c,h"
"POINT (12.4882959151858 41.8287306477274)",62056,0,"c,h"
"POINT (12.4881620332739 41.8123554710503)",62059,0,"c,h"
"POINT (12.4880369439492 41.8236355918186)",62065,0,"c,h"
"POINT (12.4878929371982 41.8238295933002)",62066,0,"c,h"
"POINT (12.4882309292606 41.8265396238774)",62072,0,"c,h"
"POINT (12.4879900219212 41.813025477529)",62084,0,"c,h"
"POINT (12.4882430325935 41.8128424766254)",62085,0,"c,h"
"POINT (12.4882449151895 41.8284806448226)",62123,0,"c,h"
"POINT (12.4886420543082 41.8119034682096)",62132,0,"c,h"
"POINT (12.4893250202912 41.8197755557145)",62135,0,"c,h"
"POINT (12.4887170565839 41.8119674692127)",62144,0,"c,h"
"POINT (12.4882459057498 41.8297416583976)",62152,0,"c,h"
"POINT (12.4882219198748 41.8277446368057)",62162,0,"c,h"
"POINT (12.4881669191679 41.8275696346914)",62163,0,"c,h"
"POINT (12.4885200442678 41.8126434756506)",62171,0,"c,h"
"POINT (12.4883659197807 41.8284616451268)",62172,0,"c,h"
"POINT (12.4884059201015 41.8286146469415)",62206,0,"c,h"
"POINT (12.4883670333732 41.8133454825533)",62208,0,"c,h"
"POINT (12.488675028749 41.8154685066704)",62213,0,"c,h"
"POINT (12.4887450258467 41.8161975148024)",62214,0,"c,h"
"POINT (12.4893040030616 41.8219665791912)",62243,0,"c,h"
"POINT (12.4888159763038 41.8231405897684)",62244,0,"c,h"
"POINT (12.488824057092 41.8124234745636)",62246,0,"c,h"
"POINT (12.4888040211731 41.8171085248454)",62261,0,"c,h"
"POINT (12.4885980430943 41.8131814817614)",62273,0,"c,h"
"POINT (12.4902280906998 41.8148195062201)",62296,0,"c,h"
"POINT (12.4890700394213 41.8159805138353)",62297,0,"c,h"
"POINT (12.4886969705471 41.8233245912475)",62302,0,"c,h"
"POINT (12.4885719659221 41.8233285907651)",62303,0,"c,h"
"POINT (12.4887059690223 41.8235715939424)",62305,0,"c,h"
"POINT (12.4897389998436 41.824523608526)",62306,0,"c,h"
"POINT (12.4890809837162 41.823450594217)",62307,0,"c,h"
"POINT (12.489079067845 41.8122394736576)",62313,0,"c,h"
"POINT (12.4890410376721 41.8160715146918)",62322,0,"c,h"
"POINT (12.4880299973597 41.816491514958)",62323,0,"c,h"
"POINT (12.488797027097 41.8162855159671)",62324,0,"c,h"
"POINT (12.4891800423678 41.8161265158673)",62334,0,"c,h"
"POINT (12.4889910288798 41.8169975244379)",62339,0,"c,h"
"POINT (12.4890389846064 41.8231265905551)",62341,0,"c,h"
"POINT (12.4889120563087 41.8129584806841)",62373,0,"c,h"
"POINT (12.4897550498407 41.8179455378424)",62385,0,"c,h"
"POINT (12.4894640344584 41.8185695433294)",62386,0,"c,h"
"POINT (12.4891080336758 41.81693152422)",62403,0,"c,h"
"POINT (12.4890840314268 41.817113526076)",62404,0,"c,h"
"POINT (12.4901470256513 41.8230845947604)",62415,0,"c,h"
"POINT (12.4892080257624 41.8184745412319)",62420,0,"c,h"
"POINT (12.4905830990692 41.8154425144097)",62427,0,"c,h"
"POINT (12.4894900806218 41.812549478717)",62431,0,"c,h"
"POINT (12.4894899987509 41.8234505959362)",62434,0,"c,h"
"POINT (12.4895840531835 41.816663523339)",62446,0,"c,h"
"POINT (12.4891660167378 41.8194705517661)",62474,0,"c,h"
"POINT (12.4892040685943 41.8127514796863)",62484,0,"c,h"
"POINT (12.4899030423627 41.8196655569608)",62525,0,"c,h"
"POINT (12.4896950326143 41.8199455590979)",62526,0,"c,h"
"POINT (12.4913621388415 41.8139585017293)",62589,0,"c,h"
"POINT (12.4894869975514 41.8235955974834)",62593,0,"c,h"
"POINT (12.4906510930159 41.8165815269414)",62627,0,"c,h"
"POINT (12.4906821099684 41.8144755044298)",62872,0,"c,h"
"POINT (12.4911551125537 41.8164465276078)",63005,0,"c,h"
"POINT (12.4911421224673 41.8150625126733)",63006,0,"c,h"
"POINT (12.4917591480568 41.8146745110946)",63228,0,"c,h"
"POINT (12.4913491171762 41.8167805320142)",63232,0,"c,h"
"POINT (12.4919181553419 41.8144825096985)",63473,0,"c,h"
"POINT (12.4849787985102 41.8280296262366)",1001120,0,"c,h"
"POINT (12.4893100300598 41.8184015408756)",1001209,0,"c,h"
"POINT (12.4443195137079 41.8002271560596)",1001215,0,"c,h"
"POINT (12.4602439947117 41.8140343715735)",1058889,0,"c,h"
"POINT (12.4649072092399 41.8083003296095)",10060475,0,"c,h"
"POINT (12.4661301347576 41.8241615052755)",10060477,0,"c,h"
"POINT (12.4711592232851 41.836954664143)",10060479,0,"c,h"
"POINT (12.4712462266873 41.8369276642188)",10060481,0,"c,h"
"POINT (12.4713502307448 41.8368966643231)",10060482,0,"c,h"
"POINT (12.47145723492 41.8368646644292)",10060485,0,"c,h"
"POINT (12.4715642390953 41.8368326645354)",10060487,0,"c,h"
"POINT (12.471669243197 41.8368006646331)",10060488,0,"c,h"
"POINT (12.4717772474166 41.8367676647327)",10060490,0,"c,h"
"POINT (12.4718392498544 41.8367466647677)",10060492,0,"c,h"
"POINT (12.471998255806 41.8367326652867)",10060494,0,"c,h"
"POINT (12.4842299233283 41.8077554050861)",10061421,0,"c,h"
"POINT (12.4844589235933 41.8088404177074)",10061422,0,"c,h"
"POINT (12.4703563968821 41.8099723705292)",10061424,0,"c,h"
"POINT (12.4700993910647 41.8094903642676)",10061426,0,"c,h"
"POINT (12.4784386783162 41.8120414267856)",10061427,0,"c,h"
"POINT (12.4755905797242 41.8112344061271)",10061428,0,"c,h"
"POINT (12.4738545056783 41.8125974134683)",10061430,0,"c,h"
"POINT (12.4649362093344 41.8084293311177)",10061431,0,"c,h"
"POINT (12.4538247929424 41.8095082958622)",10061432,0,"c,h"
"POINT (12.4847989064452 41.8127864615448)",10061433,0,"c,h"
"POINT (12.4836358572955 41.8136394658232)",10061434,0,"c,h"
"POINT (12.483525854673 41.813450463329)",10061435,0,"c,h"
"POINT (12.4851819102886 41.8141484777957)",10061436,0,"c,h"
"POINT (12.4853639170299 41.8141414784857)",10061437,0,"c,h"
"POINT (12.4850309053627 41.8140654762685)",10061438,0,"c,h"
"POINT (12.4857939580046 41.8107904442756)",10061439,0,"c,h"
"POINT (12.4855269507916 41.8104444394346)",10061440,0,"c,h"
"POINT (12.4841089305095 41.8062073879457)",10061441,0,"c,h"
"POINT (12.4668852941872 41.8066703204316)",10061447,0,"c,h"
"POINT (12.4783925698947 41.8262345792152)",10061448,0,"c,h"
"POINT (12.4784965734997 41.8262635799649)",10061449,0,"c,h"
"POINT (12.4857268388998 41.8263146109284)",10061451,0,"c,h"
"POINT (12.4818616882144 41.8274586069816)",10061452,0,"c,h"
"POINT (12.4810286583962 41.8273516023257)",10061453,0,"c,h"
"POINT (12.4817496847437 41.827372605585)",10061454,0,"c,h"
"POINT (12.4804426364927 41.8273996003766)",10061460,0,"c,h"
"POINT (12.479760609458 41.8276606003154)",10061462,0,"c,h"
"POINT (12.479043581046 41.8279336002358)",10061463,0,"c,h"
"POINT (12.4841057861577 41.8254035943099)",10061464,0,"c,h"
"POINT (12.4843347956734 41.8252575937022)",10061465,0,"c,h"
"POINT (12.4830087458388 41.8254025896851)",10061466,0,"c,h"
"POINT (12.4838227772203 41.8252085910216)",10061468,0,"c,h"
"POINT (12.4841957914507 41.8251395918481)",10061469,0,"c,h"
"POINT (12.483508763347 41.8255185930362)",10061470,0,"c,h"
"POINT (12.4831307521279 41.8251625876162)",10061471,0,"c,h"
"POINT (12.482135703611 41.8267506005162)",10061472,0,"c,h"
"POINT (12.4824387172235 41.8264215982509)",10061474,0,"c,h"
"POINT (12.4824787191752 41.8263575977306)",10061475,0,"c,h"
"POINT (12.4806046427415 41.8273606006386)",10061503,0,"c,h"
"POINT (12.4851789078644 41.814456481094)",10061504,0,"c,h"
"POINT (12.4822797178448 41.8255615883292)",10061626,0,"c,h"
"POINT (12.4823857219069 41.8255395885384)",10061627,0,"c,h"
"POINT (12.4812026783665 41.825546583637)",10061629,0,"c,h"
"POINT (12.4856868527167 41.824280588877)",10061630,0,"c,h"
"POINT (12.4782995675442 41.8260925772961)",10061635,0,"c,h"
"POINT (12.479089582203 41.8280046011933)",10061636,0,"c,h"
"POINT (12.4721092600681 41.8367086654958)",10061670,0,"c,h"
"POINT (12.464711200156 41.8085503314696)",10061685,0,"c,h"
"POINT (12.4647642041661 41.808276328749)",10061687,0,"c,h"
"POINT (12.4649172119333 41.8079913263317)",10061689,0,"c,h"
"POINT (12.4699673831746 41.8098943680528)",10061773,0,"c,h"
"POINT (12.4807778870798 41.7956952610492)",10061775,0,"c,h"
"POINT (12.4720712586106 41.8367166654219)",10061782,0,"c,h"
"POINT (12.4546377741376 41.8159663686966)",10061792,0,"c,h"
"POINT (12.4544607703243 41.8156093641123)",10061793,0,"c,h"
"POINT (12.4550327913825 41.8156043664718)",10061797,0,"c,h"
"POINT (12.4593409524943 41.8152333806538)",10061798,0,"c,h"
"POINT (12.4550397902074 41.8157943685437)",10061800,0,"c,h"
"POINT (12.4580379012114 41.815684380007)",10061802,0,"c,h"
"POINT (12.4828396354882 41.8392497380264)",100060077,0,"c,h"
"POINT (12.4420017641453 41.8002657815098)",100060097,0,"c,h"
"POINT (12.4428014548814 41.8006331540077)",100060098,0,"c,h"
"POINT (12.4652079695548 41.8415876889593)",100060117,0,"c,h"
"POINT (12.4672260328097 41.8430407131158)",100060118,0,"c,h"
"POINT (12.4677690497554 41.8434417197239)",100060119,0,"c,h"
"POINT (12.4697131112293 41.8447707422329)",100060120,0,"c,h"
"POINT (12.4650339493606 41.8434177079376)",100060121,0,"c,h"
"POINT (12.464355927346 41.8430307009105)",100060122,0,"c,h"
"POINT (12.4667470127682 41.8433627145656)",100060123,0,"c,h"
"POINT (12.4606530020882 41.8150503842187)",100060146,0,"c,h"
"POINT (12.4585129191949 41.8156143812578)",100060147,0,"c,h"
"POINT (12.4602849976272 41.8138473697364)",100060167,0,"c,h"
"POINT (12.4600939770023 41.8156533883437)",100060222,0,"c,h"
"POINT (12.4612240195918 41.8155123915923)",100060223,0,"c,h"
"POINT (12.480717567413 41.8379267148504)",100060278,0,"c,h"
"POINT (12.480721567846 41.837888714458)",100060279,0,"c,h"
"POINT (12.4807395679737 41.8379597152983)",100060280,0,"c,h"
"POINT (12.4161108977088 41.808242557319)",1,1,"c,h"
"POINT (12.4189482170187 41.8046327455122)",2,1,"c,h"
"POINT (12.4419181288261 41.8000940556394)",3,1,"c,h"
"POINT (12.4535227738942 41.7980922748725)",4,1,"c,h"
"POINT (12.4592262227707 41.7999388810715)",5,1,"c,h"
"POINT (12.4812906600302 41.795492970105)",6,1,"c,h"
"POINT (12.4869732933999 41.7965482229611)",7,1,"c,h"
"POINT (12.4879308067149 41.7998612936466)",8,1,"c,h"
"POINT (12.4916359669339 41.8134143914349)",9,1,"c,h"
"POINT (12.4878059136738 41.8217294692919)",10,1,"c,h"
"POINT (12.4827893765233 41.8268482899662)",11,1,"c,h"
"POINT (12.4829559005781 41.8291128497442)",12,1,"c,h"
"POINT (12.4844546170712 41.8384571891185)",13,1,"c,h"
"POINT (12.483752093715 41.8418727668675)",14,1,"c,h"
"POINT (12.4824303090302 41.848788656517)",15,1,"c,h"
"POINT (12.4575557783461 41.8397792448106)",16,1,"c,h"
"POINT (12.4524027437607 41.8091012854894)",100060281,0,"c,h"
"POINT (12.4530667598365 41.8102053001531)",100060283,0,"c,h"
"POINT (12.4532187660097 41.8101272999563)",100060284,0,"c,h"
"POINT (12.4529027637229 41.8088902853322)",100060285,0,"c,h"
"POINT (12.4530698078599 41.8099372999112)",100060286,0,"c,h"
"POINT (12.4528016063613 41.809315804554)",100060287,0,"c,h"
"POINT EMPTY",0,,
"POINT (12.4767593610535 41.8448097775437)",100060288,0,"c,h"
