time,mode,id,flow_in,flow_out,max_q,mov_vehs,que_vehs,speed,density,tt,q_length,t,geometry
2025-09-23 07:00:00,all,214333,396.0,396.0,0.0,0.0,0.0,60.068,0.0,0.007820138,,420.0,"MULTILINESTRING ((12.480854 41.827356, 12.48076 41.827361))"
2025-09-23 07:00:00,all,74334,156.0,156.0,0.0,0.0,0.0,48.868,0.0,0.008130474,,420.0,"MULTILINESTRING ((12.480345 41.829876, 12.480421 41.829858))"
2025-09-23 07:00:00,all,-79004,0.0,0.0,0.0,0.0,0.0,44.5,0.0,0.012745617,,420.0,"MULTILINESTRING ((12.488717 41.811967, 12.488642 41.811903))"
2025-09-23 07:00:00,all,-65091,36.0,36.0,0.0,0.0,0.0,44.5,0.0,0.022244494,,420.0,"MULTILINESTRING ((12.464615 41.824603, 12.46443 41.824657))"
2025-09-23 07:00:00,all,-70118,24.0,24.0,0.0,0.0,0.0,54.468,0.0,0.044664025,,420.0,"MULTILINESTRING ((12.47343 41.826591, 12.47297 41.826713))"
2025-09-23 07:00:00,all,48478,228.0,228.0,0.0,0.0,0.0,60.7,0.0,0.075357825,,420.0,"MULTILINESTRING ((12.419303 41.806146, 12.418982 41.805503))"
2025-09-23 07:00:00,all,49867,252.0,252.0,0.0,0.0,0.0,60.7,0.0,0.057210542,,420.0,"MULTILINESTRING ((12.42419 41.810555, 12.424675 41.810929))"
2025-09-23 07:00:00,all,58168,0.0,0.0,0.0,0.0,0.0,50.9,0.0,0.049110413,,420.0,"MULTILINESTRING ((12.447612 41.80148, 12.448109 41.801529))"
2025-09-23 07:00:00,all,66570,0.0,0.0,0.0,0.0,0.0,47.468,0.0,0.23937431,,420.0,"MULTILINESTRING ((12.467167 41.822291, 12.468364 41.82084))"
2025-09-23 07:00:00,all,77424,0.0,0.0,0.0,0.0,0.0,43.1,0.0,0.072229706,,420.0,"MULTILINESTRING ((12.485335 41.822532, 12.48532 41.822065))"
2025-09-23 07:00:00,all,218101,168.0,168.0,0.0,1.7647059,0.0,48.07058,10.301122,0.2138256,,420.0,"MULTILINESTRING ((12.460094 41.815653, 12.459297 41.815611, 12.458038 41.815684))"
2025-09-23 07:00:00,all,58198,0.0,0.0,0.0,0.0,0.0,41.7,0.0,0.05803885,,420.0,"MULTILINESTRING ((12.44768 41.81254, 12.448077 41.812749))"
2025-09-23 07:00:00,all,58187,0.0,0.0,0.0,0.0,0.0,43.1,0.0,0.0073990724,,420.0,"MULTILINESTRING ((12.447647 41.812581, 12.44768 41.81254))"
2025-09-23 07:00:00,all,50657,288.0,288.0,0.0,0.0,0.0,59.3,0.0,0.043456998,,420.0,"MULTILINESTRING ((12.426961 41.812961, 12.427251 41.813175, 12.427292 41.813251))"
2025-09-23 07:00:00,all,68748,0.0,0.0,0.0,0.0,0.0,43.1,0.0,0.076529935,,420.0,"MULTILINESTRING ((12.47056 41.811594, 12.471047 41.811259))"
2025-09-23 07:00:00,all,68851,72.0,72.0,0.0,0.0,0.0,43.1,0.0,0.04638515,,420.0,"MULTILINESTRING ((12.471084 41.811234, 12.471128 41.811166, 12.471156 41.811114, 12.47118 41.811058, 12.471195 41.810949))"
2025-09-23 07:00:00,all,76944,108.0,108.0,0.0,0.0,0.0,43.1,0.0,0.015044549,,420.0,"MULTILINESTRING ((12.484581 41.811297, 12.484651 41.811379))"
2025-09-23 07:00:00,all,61163,0.0,0.0,0.0,0.0,0.0,43.1,0.0,0.06682274,,420.0,"MULTILINESTRING ((12.454902 41.823042, 12.454791 41.822688, 12.454869 41.822652))"
2025-09-23 07:00:00,all,67128,12.0,12.0,0.0,0.5,0.0,44.170223,6.3794227,0.10646585,,420.0,"MULTILINESTRING ((12.468201 41.817523, 12.468254 41.817419, 12.468432 41.817251, 12.468576 41.817158, 12.468749 41.817113, 12.46888 41.81709))"
2025-09-23 07:00:00,all,71778,0.0,0.0,0.0,0.0,0.0,43.1,0.0,0.031947564,,420.0,"MULTILINESTRING ((12.475794 41.813328, 12.4758 41.813279, 12.475811 41.813234, 12.475827 41.813191, 12.475867 41.813131))"
2025-09-23 07:00:00,all,76400,84.0,84.0,0.0,0.0,0.0,43.1,0.0,0.032099303,,420.0,"MULTILINESTRING ((12.483556 41.817595, 12.483292 41.817659))"
2025-09-23 07:00:00,all,69609,312.0,312.0,0.0,0.0,0.0,68.468,0.0,0.015854415,,420.0,"MULTILINESTRING ((12.472081 41.835748, 12.472169 41.835897))"
2025-09-23 07:00:00,all,74051,0.0,0.0,0.0,0.0,0.0,47.468,0.0,0.01123578,,420.0,"MULTILINESTRING ((12.479914 41.84479, 12.47998 41.844853))"
2025-09-23 07:00:00,all,74431,0.0,0.0,0.0,0.0,0.0,47.468,0.0,0.019138368,,420.0,"MULTILINESTRING ((12.480237 41.846938, 12.480419 41.84693))"
2025-09-23 07:00:00,all,78548,0.0,0.0,0.0,0.0,0.0,43.1,0.0,0.12152019,,420.0,"MULTILINESTRING ((12.487564 41.812832, 12.488258 41.813422))"
2025-09-23 07:00:00,all,214872,348.0,348.0,0.0,0.0,0.0,47.468,0.0,0.05429047,,420.0,"MULTILINESTRING ((12.45504 41.815794, 12.454973 41.815899, 12.454815 41.81597, 12.454638 41.815966))"
2025-09-23 07:00:00,all,217935,24.0,24.0,0.0,0.0,0.0,53.7,0.0,0.023517318,,420.0,"MULTILINESTRING ((12.460244 41.814034, 12.460285 41.813847))"
2025-09-23 07:00:00,all,50347,288.0,288.0,0.0,0.0,0.0,59.3,0.0,0.05669241,,420.0,"MULTILINESTRING ((12.426456 41.812627, 12.426609 41.812722, 12.426803 41.812859, 12.426961 41.812961))"
2025-09-23 07:00:00,all,50380,216.0,216.0,0.0,1.4210526,0.0,46.58903,12.892991,0.14194629,,420.0,"MULTILINESTRING ((12.42612 41.811971, 12.427037 41.812688))"
2025-09-23 07:00:00,all,55176,216.0,216.0,0.0,1.5,0.0,45.315716,31.236984,0.063580595,,420.0,"MULTILINESTRING ((12.440818 41.812515, 12.441101 41.812829, 12.44114 41.812874))"
2025-09-23 07:00:00,all,55177,0.0,0.0,0.0,0.0,0.0,47.468,0.0,0.07295483,,420.0,"MULTILINESTRING ((12.440818 41.812515, 12.440948 41.812614, 12.441074 41.81266, 12.441195 41.81267, 12.441302 41.812669, 12.441442 41.812664))"
2025-09-23 07:00:00,all,58169,0.0,0.0,0.0,0.0,0.0,39.1,0.0,0.13319387,,420.0,"MULTILINESTRING ((12.447613 41.812625, 12.446759 41.812175))"
2025-09-23 07:00:00,all,59147,228.0,228.0,0.0,1.6428572,0.0,49.3514,5.0151787,0.39825863,,420.0,"MULTILINESTRING ((12.449939 41.80427, 12.45122 41.804993, 12.45174 41.805364, 12.45209 41.805589, 12.452398 41.805753, 12.452712 41.805903, 12.452914 41.805983, 12.453075 41.80604))"
2025-09-23 07:00:00,all,59230,84.0,84.0,0.0,1.4166666,0.0,42.729965,8.603378,0.23121572,,420.0,"MULTILINESTRING ((12.450179 41.808642, 12.451123 41.808848, 12.451824 41.809017, 12.452012 41.809036, 12.452084 41.809035))"
2025-09-23 07:00:00,all,59542,0.0,0.0,0.0,0.0,0.0,52.3,0.0,0.4709679,,420.0,"MULTILINESTRING ((12.450446 41.801233, 12.450701 41.801082, 12.45116 41.800858, 12.451388 41.800671, 12.451612 41.800464, 12.451844 41.800268, 12.452095 41.800016, 12.452282 41.799799, 12.452471 41.799603, 12.452659 41.799379, 12.452805 41.799154, 12.452902 41.798937, 12.453002 41.79864, 12.453082 41.798247))"
2025-09-23 07:00:00,all,59543,240.0,240.0,0.0,0.0,0.0,105.0,0.0,0.096061714,,420.0,"MULTILINESTRING ((12.450446 41.801233, 12.452431 41.800942))"
2025-09-23 07:00:00,all,59566,1476.0,1452.0,6.0,3.8809524,0.61904764,27.327824,16.83368,0.25722137,,420.0,"MULTILINESTRING ((12.450695 41.805991, 12.45174 41.806699))"
2025-09-23 07:00:00,all,59624,192.0,192.0,0.0,2.1818182,0.0,47.908016,9.488724,0.14398718,,420.0,"MULTILINESTRING ((12.450854 41.818537, 12.452001 41.819116))"
2025-09-23 07:00:00,all,59717,0.0,0.0,0.0,0.0,0.0,45.7,0.0,0.15470284,,420.0,"MULTILINESTRING ((12.451119 41.824385, 12.452168 41.823671))"
2025-09-23 07:00:00,all,59780,108.0,108.0,0.0,0.0,0.0,50.9,0.0,0.078080155,,420.0,"MULTILINESTRING ((12.451266 41.822819, 12.451828 41.823242))"
2025-09-23 07:00:00,all,62803,756.0,696.0,0.0,3.8333333,0.0,53.17981,9.071218,0.23838858,,420.0,"MULTILINESTRING ((12.458839 41.810919, 12.458872 41.811037, 12.459081 41.811455, 12.459474 41.812066, 12.459821 41.81267))"
2025-09-23 07:00:00,all,62835,1188.0,1116.0,5.0,9.578947,0.31578946,43.892056,14.812798,0.44325882,,420.0,"MULTILINESTRING ((12.459236 41.811026, 12.459276 41.811045, 12.459438 41.811118, 12.459564 41.811199, 12.459676 41.811302, 12.459792 41.811436, 12.459862 41.811562, 12.459923 41.811699, 12.459973 41.811875, 12.460017 41.812043, 12.460052 41.812226, 12.460101 41.812573, 12.460121 41.812643, 12.460161 41.81279, 12.460227 41.812966, 12.460352 41.813201, 12.460623 41.813661))"
2025-09-23 07:00:00,all,63819,132.0,108.0,0.0,1.7241379,0.0,46.238716,4.400343,0.50842977,,420.0,"MULTILINESTRING ((12.461543 41.814203, 12.461832 41.814268, 12.462199 41.814225, 12.465348 41.812329))"
2025-09-23 07:00:00,all,63858,312.0,312.0,0.0,0.5,0.0,57.761078,3.0573936,0.08493851,,420.0,"MULTILINESTRING ((12.461624 41.816184, 12.461606 41.816166, 12.461224 41.815512))"
2025-09-23 07:00:00,all,66063,0.0,0.0,0.0,0.0,0.0,47.3,0.0,0.14298648,,420.0,"MULTILINESTRING ((12.466321 41.812597, 12.467229 41.813351))"
2025-09-23 07:00:00,all,67983,0.0,0.0,0.0,0.0,0.0,43.1,0.0,0.18036194,,420.0,"MULTILINESTRING ((12.469516 41.812294, 12.469486 41.812468, 12.469486 41.812609, 12.469602 41.812861, 12.469659 41.813014, 12.469683 41.813191, 12.469627 41.813276, 12.469584 41.813322, 12.469483 41.813381))"
2025-09-23 07:00:00,all,70488,0.0,0.0,0.0,0.0,0.0,51.5,0.0,0.037544854,,420.0,"MULTILINESTRING ((12.473536 41.812762, 12.473603 41.812725, 12.473785 41.812624, 12.473855 41.812597))"
2025-09-23 07:00:00,all,70489,72.0,72.0,0.0,0.0,0.0,43.1,0.0,0.07989745,,420.0,"MULTILINESTRING ((12.473536 41.812762, 12.473693 41.812626, 12.473746 41.812542, 12.473899 41.812326))"
2025-09-23 07:00:00,all,70699,96.0,96.0,0.0,0.0,0.0,51.5,0.0,0.06354175,,420.0,"MULTILINESTRING ((12.474168 41.812554, 12.474776 41.812739))"
2025-09-23 07:00:00,all,71299,0.0,0.0,0.0,0.0,0.0,43.1,0.0,0.20601161,,420.0,"MULTILINESTRING ((12.474892 41.812782, 12.475037 41.812494, 12.475917 41.812837, 12.47578 41.8131))"
2025-09-23 07:00:00,all,77359,108.0,108.0,0.0,0.0,0.0,50.268,0.0,0.08135593,,420.0,"MULTILINESTRING ((12.48521 41.812038, 12.485253 41.812187, 12.48526 41.812272, 12.48525 41.812648))"
2025-09-23 07:00:00,all,78565,0.0,0.0,0.0,0.0,0.0,43.1,0.0,0.039900698,,420.0,"MULTILINESTRING ((12.487591 41.812646, 12.487842 41.812469))"
2025-09-23 07:00:00,all,48100,228.0,216.0,0.0,1.48,0.0,46.892105,9.426512,0.20089181,,420.0,"MULTILINESTRING ((12.418193 41.80399, 12.418261 41.80379, 12.418361 41.803721, 12.418419 41.803693, 12.418498 41.803664, 12.418557 41.803644, 12.418672 41.80363, 12.418789 41.803636, 12.418865 41.803642, 12.418987 41.803655, 12.419107 41.80371, 12.419214 41.803828, 12.419406 41.804166))"
2025-09-23 07:00:00,all,48184,0.0,0.0,0.0,0.0,0.0,105.0,0.0,0.028065713,,420.0,"MULTILINESTRING ((12.418007 41.807693, 12.418213 41.807657, 12.418448 41.80762, 12.418586 41.807601))"
2025-09-23 07:00:00,all,48312,228.0,228.0,0.0,1.1818181,0.0,59.588417,3.8868184,0.15307908,,420.0,"MULTILINESTRING ((12.418982 41.805503, 12.418816 41.805171, 12.418231 41.804256))"
2025-09-23 07:00:00,all,48172,228.0,228.0,0.0,0.0,0.0,50.9,0.0,0.035026323,,420.0,"MULTILINESTRING ((12.418231 41.804256, 12.418208 41.804083, 12.418193 41.80399))"
2025-09-23 07:00:00,all,47418,0.0,0.0,0.0,0.0,0.0,105.0,0.0,0.086060576,,420.0,"MULTILINESTRING ((12.415582 41.808035, 12.417365 41.807792))"
2025-09-23 07:00:00,all,47945,0.0,0.0,0.0,0.0,0.0,105.0,0.0,0.031134857,,420.0,"MULTILINESTRING ((12.417365 41.807792, 12.417757 41.807726, 12.418007 41.807693))"
2025-09-23 07:00:00,all,49685,3432.0,2832.0,3.0,46.916668,0.104166664,93.59991,11.17547,0.897156,,420.0,"MULTILINESTRING ((12.42359 41.806602, 12.431772 41.803865, 12.432411 41.803663, 12.433593 41.803348, 12.43414 41.803222, 12.434769 41.80312, 12.435416 41.803026, 12.439419 41.802542))"
2025-09-23 07:00:00,all,52720,12.0,0.0,0.0,0.85714287,0.0,40.39883,1.9210869,0.6626568,,420.0,"MULTILINESTRING ((12.434739 41.806924, 12.434934 41.806769, 12.435134 41.806598, 12.435413 41.806398, 12.435719 41.806168, 12.435904 41.806008, 12.436413 41.805552, 12.436615 41.805335, 12.436702 41.805191, 12.436768 41.805038, 12.436845 41.804766, 12.436897 41.804477, 12.436912 41.804252, 12.436903 41.80409, 12.436862 41.803893, 12.43685 41.803839, 12.43673 41.803487))"
2025-09-23 07:00:00,all,53409,816.0,252.0,15.0,50.117645,0.88235295,6.532563,115.95482,4.0156302,,420.0,"MULTILINESTRING ((12.436779 41.803471, 12.436905 41.803892, 12.436937 41.804002, 12.436959 41.804187, 12.436935 41.804503, 12.436876 41.804805, 12.43681 41.80505, 12.436743 41.805203, 12.436624 41.805385, 12.436449 41.805579, 12.436188 41.805837, 12.435869 41.806115, 12.435408 41.806461, 12.435341 41.80653, 12.435306 41.806609, 12.435285 41.806733, 12.435266 41.806863, 12.435251 41.806997))"
2025-09-23 07:00:00,all,48366,216.0,216.0,0.0,1.3888888,0.0,69.6546,2.7784724,0.14352964,,420.0,"MULTILINESTRING ((12.419406 41.804166, 12.41949 41.80444, 12.419518 41.804531, 12.419615 41.804864, 12.419673 41.805024, 12.41973 41.805221, 12.419791 41.805382, 12.419831 41.805502, 12.419857 41.805627))"
2025-09-23 07:00:00,all,48384,1356.0,1356.0,0.0,0.0,0.0,105.0,0.0,0.009149143,,420.0,"MULTILINESTRING ((12.419146 41.807777, 12.418957 41.807805))"
2025-09-23 07:00:00,all,48714,288.0,288.0,0.0,1.3793104,0.0,56.76276,3.7924607,0.19222005,,420.0,"MULTILINESTRING ((12.420385 41.807546, 12.42043 41.807619, 12.420483 41.807725, 12.420519 41.807787, 12.420573 41.807879, 12.42067 41.808032, 12.420802 41.80825, 12.420986 41.808513, 12.421395 41.808994))"
2025-09-23 07:00:00,all,48731,0.0,0.0,0.0,0.0,0.0,50.9,0.0,0.4714279,,420.0,"MULTILINESTRING ((12.420443 41.80848, 12.420349 41.80849, 12.420283 41.808501, 12.42024 41.808517, 12.420207 41.808539, 12.420169 41.808577, 12.420142 41.808621, 12.420125 41.808681, 12.420114 41.80873, 12.420131 41.808784, 12.420174 41.808852, 12.42025 41.808897, 12.420594 41.80914, 12.420918 41.809424, 12.421849 41.810334, 12.422272 41.810771, 12.422724 41.811221, 12.422744 41.81124))"
2025-09-23 07:00:00,all,52491,0.0,0.0,0.0,0.0,0.0,43.1,0.0,0.10179118,,420.0,"MULTILINESTRING ((12.434 41.807096, 12.434136 41.807172, 12.434196 41.80722, 12.434232 41.807254, 12.434276 41.807325, 12.434295 41.80739, 12.434298 41.807467, 12.434287 41.80753, 12.434263 41.807582, 12.434211 41.807654))"
2025-09-23 07:00:00,all,48754,540.0,504.0,1.0,3.5833333,0.020833334,44.29754,11.744094,0.41335526,,420.0,"MULTILINESTRING ((12.420521 41.807517, 12.420562 41.807602, 12.4206 41.807675, 12.420644 41.807757, 12.420676 41.807819, 12.420797 41.80802, 12.420921 41.808177, 12.421043 41.808303, 12.421167 41.808408, 12.421302 41.808511, 12.421583 41.808697, 12.421927 41.808908, 12.422061 41.809002, 12.422358 41.80923, 12.422649 41.80946, 12.422831 41.8096))"
2025-09-23 07:00:00,all,48929,3432.0,3432.0,0.0,0.5,0.0,104.94088,1.2226225,0.07794046,,420.0,"MULTILINESTRING ((12.42205 41.807024, 12.422292 41.806955, 12.422486 41.80691, 12.42271 41.806851, 12.42359 41.806602))"
2025-09-23 07:00:00,all,49047,288.0,252.0,0.0,2.8085105,0.0,57.224262,2.4037197,0.61253846,,420.0,"MULTILINESTRING ((12.421395 41.808994, 12.421654 41.809261, 12.421903 41.809493, 12.422129 41.809677, 12.42264 41.810062, 12.42293 41.810253, 12.423001 41.810303, 12.423156 41.810395, 12.423164 41.810399, 12.423318 41.810506, 12.423487 41.810609, 12.423558 41.810659, 12.423724 41.810777, 12.425079 41.811659, 12.425173 41.81173, 12.425244 41.811794, 12.426456 41.812627))"
2025-09-23 07:00:00,all,49510,648.0,648.0,0.0,1.7894737,0.0,56.4579,8.628544,0.110200696,,420.0,"MULTILINESTRING ((12.422935 41.809651, 12.423031 41.80974, 12.42313 41.809791, 12.423207 41.809855, 12.423301 41.809922, 12.423593 41.810134, 12.423807 41.810315))"
2025-09-23 07:00:00,all,55248,0.0,0.0,0.0,0.0,0.0,59.3,0.0,0.04119663,,420.0,"MULTILINESTRING ((12.440904 41.799347, 12.441248 41.799608))"
2025-09-23 07:00:00,all,49700,1440.0,1356.0,0.0,4.4411764,0.0,100.972626,6.5290008,0.13473414,,420.0,"MULTILINESTRING ((12.423635 41.806744, 12.421798 41.807288, 12.421489 41.807371, 12.421189 41.807449, 12.421087 41.807473))"
2025-09-23 07:00:00,all,48369,3048.0,2964.0,14.0,9.42,0.36,82.20822,10.655254,0.21541859,,420.0,"MULTILINESTRING ((12.418586 41.807601, 12.420035 41.807402, 12.42015 41.807383, 12.420211 41.807372, 12.42028 41.807362, 12.4204 41.807343, 12.421161 41.807217, 12.42205 41.807024))"
2025-09-23 07:00:00,all,48657,576.0,540.0,4.0,1.86,0.16,36.401424,11.416798,0.2693087,,420.0,"MULTILINESTRING ((12.420002 41.806101, 12.42016 41.806652, 12.420198 41.806785, 12.420251 41.806942, 12.420326 41.807099, 12.420405 41.807282, 12.420465 41.807406, 12.420521 41.807517))"
2025-09-23 07:00:00,all,48658,492.0,468.0,10.0,2.38,0.46,30.826218,10.236711,0.45476156,,420.0,"MULTILINESTRING ((12.420002 41.806101, 12.420432 41.806833, 12.420583 41.806919, 12.420717 41.806991, 12.420874 41.807068, 12.421274 41.80709, 12.421965 41.806991, 12.42205 41.807024))"
2025-09-23 07:00:00,all,48939,1356.0,1356.0,0.0,0.0,0.0,105.0,0.0,0.021735428,,420.0,"MULTILINESTRING ((12.421087 41.807473, 12.420641 41.80755))"
2025-09-23 07:00:00,all,48620,216.0,216.0,0.0,0.0,0.0,60.7,0.0,0.053400986,,420.0,"MULTILINESTRING ((12.419857 41.805627, 12.419941 41.805877, 12.419966 41.805976, 12.420002 41.806101))"
2025-09-23 07:00:00,all,48582,300.0,288.0,3.0,1.6666666,0.14285715,44.90087,7.146484,0.15612525,,420.0,"MULTILINESTRING ((12.419948 41.806547, 12.420026 41.806773, 12.420253 41.807285, 12.420281 41.80734, 12.420364 41.807507, 12.420385 41.807546))"
2025-09-23 07:00:00,all,48807,1356.0,1356.0,0.0,0.0,0.0,105.0,0.0,0.07245543,,420.0,"MULTILINESTRING ((12.420641 41.80755, 12.420537 41.807569, 12.420369 41.807596, 12.420307 41.807607, 12.420099 41.807638, 12.419606 41.807716, 12.419351 41.807753, 12.419146 41.807777))"
2025-09-23 07:00:00,all,49481,504.0,504.0,0.0,0.0,0.0,50.9,0.0,0.012180353,,420.0,"MULTILINESTRING ((12.422831 41.8096, 12.422935 41.809651))"
2025-09-23 07:00:00,all,49777,396.0,360.0,0.0,1.3428571,0.0,45.1702,11.016598,0.16191295,,420.0,"MULTILINESTRING ((12.423807 41.810315, 12.423882 41.810483, 12.423896 41.810629, 12.423859 41.810685, 12.423724 41.810777, 12.423713 41.810797, 12.423658 41.810842, 12.423579 41.810904, 12.423459 41.810974, 12.423298 41.810988, 12.42307 41.81097))"
2025-09-23 07:00:00,all,49972,36.0,36.0,0.0,0.8333333,0.0,50.101227,6.579345,0.15168372,,420.0,"MULTILINESTRING ((12.424675 41.810929, 12.424815 41.811123, 12.424927 41.811294, 12.425052 41.811489, 12.425251 41.811677, 12.425386 41.811762, 12.425514 41.811866))"
2025-09-23 07:00:00,all,49973,216.0,216.0,0.0,1.32,0.0,49.174133,7.915093,0.20348503,,420.0,"MULTILINESTRING ((12.424675 41.810929, 12.42612 41.811971))"
2025-09-23 07:00:00,all,49776,252.0,252.0,0.0,0.0,0.0,60.7,0.0,0.041036244,,420.0,"MULTILINESTRING ((12.423807 41.810315, 12.42419 41.810555))"
2025-09-23 07:00:00,all,50181,36.0,36.0,0.0,0.8,0.0,50.138546,6.9310274,0.13812487,,420.0,"MULTILINESTRING ((12.425514 41.811866, 12.425893 41.812152, 12.426199 41.812376, 12.426456 41.812627))"
2025-09-23 07:00:00,all,51678,120.0,120.0,0.0,0.0,0.0,57.9,0.0,0.09831088,,420.0,"MULTILINESTRING ((12.430945 41.80743, 12.431523 41.807397, 12.432082 41.807354))"
2025-09-23 07:00:00,all,52250,120.0,120.0,0.0,0.0,0.0,57.9,0.0,0.08815958,,420.0,"MULTILINESTRING ((12.432998 41.807253, 12.434 41.807096))"
2025-09-23 07:00:00,all,51907,0.0,0.0,0.0,0.0,0.0,50.1,0.0,0.06569701,,420.0,"MULTILINESTRING ((12.431781 41.80777, 12.431823 41.807638, 12.431846 41.807546, 12.4319 41.80748, 12.431972 41.807413, 12.432082 41.807354))"
2025-09-23 07:00:00,all,52022,120.0,120.0,0.0,0.0,0.0,57.9,0.0,0.0077025904,,420.0,"MULTILINESTRING ((12.432147 41.807345, 12.432235 41.807333))"
2025-09-23 07:00:00,all,52023,0.0,0.0,0.0,0.0,0.0,50.9,0.0,0.10499882,,420.0,"MULTILINESTRING ((12.432147 41.807345, 12.432147 41.807294, 12.432205 41.80727, 12.432233 41.807255, 12.432252 41.807243, 12.432278 41.807221, 12.432305 41.807191, 12.432329 41.807155, 12.432353 41.807124, 12.432389 41.80708, 12.432422 41.807041, 12.43245 41.80701, 12.432486 41.806957, 12.432517 41.806903, 12.43256 41.806813, 12.432604 41.806702, 12.432665 41.806724))"
2025-09-23 07:00:00,all,52001,120.0,120.0,0.0,0.0,0.0,57.9,0.0,0.005693264,,420.0,"MULTILINESTRING ((12.432082 41.807354, 12.432147 41.807345))"
2025-09-23 07:00:00,all,52055,120.0,120.0,0.0,0.0,0.0,57.9,0.0,0.060992744,,420.0,"MULTILINESTRING ((12.432235 41.807333, 12.432663 41.807293, 12.432935 41.807254))"
2025-09-23 07:00:00,all,52056,0.0,0.0,0.0,0.0,0.0,57.9,0.0,0.075989634,,420.0,"MULTILINESTRING ((12.432235 41.807333, 12.432384 41.80722, 12.432443 41.807162, 12.432502 41.807078, 12.432653 41.806764))"
2025-09-23 07:00:00,all,52160,0.0,0.0,0.0,0.0,0.0,57.9,0.0,0.06675441,,420.0,"MULTILINESTRING ((12.432653 41.806764, 12.432649 41.806921, 12.432666 41.807047, 12.432688 41.807094, 12.432734 41.807141, 12.432773 41.807166, 12.432836 41.807198, 12.432935 41.807254))"
2025-09-23 07:00:00,all,52231,120.0,120.0,0.0,0.0,0.0,57.9,0.0,0.005426943,,420.0,"MULTILINESTRING ((12.432935 41.807254, 12.432998 41.807253))"
2025-09-23 07:00:00,all,52490,120.0,120.0,0.0,0.0,0.0,57.9,0.0,0.051323317,,420.0,"MULTILINESTRING ((12.434 41.807096, 12.434574 41.806976))"
2025-09-23 07:00:00,all,59226,0.0,0.0,0.0,0.0,0.0,50.9,0.0,0.06163968,,420.0,"MULTILINESTRING ((12.450175 41.799536, 12.450289 41.799999))"
2025-09-23 07:00:00,all,52721,168.0,168.0,0.0,0.0,0.0,47.5,0.0,0.056007158,,420.0,"MULTILINESTRING ((12.434739 41.806924, 12.4349 41.806912, 12.435004 41.806924, 12.435119 41.806949, 12.435251 41.806997))"
2025-09-23 07:00:00,all,52634,180.0,180.0,0.0,0.0,0.0,57.9,0.0,0.015417616,,420.0,"MULTILINESTRING ((12.434574 41.806976, 12.434739 41.806924))"
2025-09-23 07:00:00,all,55406,0.0,0.0,0.0,0.0,0.0,59.3,0.0,0.17414369,,420.0,"MULTILINESTRING ((12.441248 41.799608, 12.442325 41.80031, 12.442801 41.800633))"
2025-09-23 07:00:00,all,55946,2520.0,2448.0,1.0,6.179487,0.051282052,92.21477,10.66974,0.1256701,,420.0,"MULTILINESTRING ((12.442671 41.802167, 12.444399 41.801981, 12.444528 41.801967, 12.444594 41.801956, 12.444762 41.801932, 12.444966 41.801894))"
2025-09-23 07:00:00,all,56085,24.0,24.0,0.0,0.8,0.0,57.729755,2.462493,0.16882491,,420.0,"MULTILINESTRING ((12.442898 41.800564, 12.444385 41.801514))"
2025-09-23 07:00:00,all,57253,552.0,516.0,1.0,4.1714287,0.028571429,53.753582,6.8492146,0.33992454,,420.0,"MULTILINESTRING ((12.44612 41.802625, 12.448844 41.804459))"
2025-09-23 07:00:00,all,58018,1020.0,936.0,0.0,7.6595745,0.0,54.09886,9.674038,0.43906617,,420.0,"MULTILINESTRING ((12.447161 41.803601, 12.450241 41.80569, 12.450365 41.805772, 12.450695 41.805991))"
2025-09-23 07:00:00,all,58576,0.0,0.0,0.0,0.0,0.0,50.9,0.0,0.03291277,,420.0,"MULTILINESTRING ((12.448844 41.804459, 12.448864 41.804444, 12.448892 41.804422, 12.448967 41.80439, 12.449062 41.804321, 12.449106 41.804306))"
2025-09-23 07:00:00,all,55556,0.0,0.0,0.0,0.0,0.0,57.9,0.0,0.111293264,,420.0,"MULTILINESTRING ((12.44192 41.799932, 12.442381 41.800232, 12.442898 41.800564))"
2025-09-23 07:00:00,all,53396,0.0,0.0,0.0,0.0,0.0,50.9,0.0,0.005236149,,420.0,"MULTILINESTRING ((12.43673 41.803487, 12.436779 41.803471))"
2025-09-23 07:00:00,all,55481,0.0,0.0,0.0,0.0,0.0,57.9,0.0,0.050943002,,420.0,"MULTILINESTRING ((12.441472 41.799643, 12.44192 41.799932))"
2025-09-23 07:00:00,all,54556,2832.0,2724.0,0.0,7.45,0.0,94.319664,11.523428,0.13708891,,420.0,"MULTILINESTRING ((12.439419 41.802542, 12.440456 41.802413, 12.441981 41.802243))"
2025-09-23 07:00:00,all,55661,2724.0,2724.0,0.0,0.0,0.0,105.0,0.0,0.033121143,,420.0,"MULTILINESTRING ((12.441981 41.802243, 12.442671 41.802167))"
2025-09-23 07:00:00,all,55947,204.0,204.0,0.0,0.95238096,0.0,47.661366,9.941762,0.12059578,,420.0,"MULTILINESTRING ((12.442671 41.802167, 12.442847 41.802059, 12.442934 41.801987, 12.442993 41.801904, 12.443039 41.801793, 12.44306 41.801675, 12.443071 41.801563, 12.443042 41.801411))"
2025-09-23 07:00:00,all,52909,216.0,216.0,3.0,6.3103447,0.44827586,34.62462,8.38125,1.3071566,,420.0,"MULTILINESTRING ((12.435411 41.807466, 12.435443 41.807602, 12.435485 41.807695, 12.435538 41.807784, 12.435697 41.807904, 12.43653 41.808326, 12.437198 41.808618, 12.437314 41.808661, 12.437647 41.808783, 12.438094 41.808973, 12.438498 41.809184, 12.438933 41.809474, 12.439273 41.809766, 12.439646 41.810162, 12.439813 41.810411, 12.439943 41.810643, 12.440004 41.810859, 12.440103 41.811104, 12.440258 41.811516, 12.440336 41.811735, 12.440459 41.81197, 12.440571 41.81217, 12.440653 41.812276, 12.440818 41.812515))"
2025-09-23 07:00:00,all,54265,0.0,0.0,0.0,0.0,0.0,50.9,0.0,0.30825853,,420.0,"MULTILINESTRING ((12.438726 41.805324, 12.439687 41.805582, 12.439559 41.806173, 12.438308 41.805845))"
2025-09-23 07:00:00,all,55449,72.0,72.0,0.0,0.8888889,0.0,49.566696,7.65261,0.14060448,,420.0,"MULTILINESTRING ((12.441423 41.804991, 12.441771 41.80509, 12.441922 41.805152, 12.441949 41.805198, 12.441959 41.805299, 12.441987 41.80567, 12.441977 41.805785))"
2025-09-23 07:00:00,all,54068,0.0,0.0,0.0,0.0,0.0,50.9,0.0,0.082570136,,420.0,"MULTILINESTRING ((12.438308 41.805845, 12.438571 41.805429, 12.438629 41.805351, 12.438653 41.805333, 12.438689 41.805325, 12.438726 41.805324))"
2025-09-23 07:00:00,all,55274,216.0,216.0,0.0,1.8181819,0.0,44.912964,16.267464,0.1493128,,420.0,"MULTILINESTRING ((12.441028 41.805936, 12.441062 41.805636, 12.441121 41.805427, 12.441176 41.805353, 12.441252 41.805261, 12.441423 41.804991))"
2025-09-23 07:00:00,all,55663,0.0,0.0,0.0,0.0,0.0,47.468,0.0,0.039509144,,420.0,"MULTILINESTRING ((12.441982 41.809733, 12.442028 41.809746, 12.442137 41.809746, 12.442351 41.809715))"
2025-09-23 07:00:00,all,57689,0.0,0.0,0.0,0.0,0.0,50.9,0.0,0.11205618,,420.0,"MULTILINESTRING ((12.446472 41.801549, 12.447468 41.801485, 12.447612 41.80148))"
2025-09-23 07:00:00,all,57716,2856.0,2856.0,0.0,0.0,0.0,105.0,0.0,0.053490285,,420.0,"MULTILINESTRING ((12.446515 41.80167, 12.447634 41.801574))"
2025-09-23 07:00:00,all,57411,0.0,0.0,0.0,0.0,0.0,43.1,0.0,0.06528863,,420.0,"MULTILINESTRING ((12.445901 41.798173, 12.445348 41.798257))"
2025-09-23 07:00:00,all,56981,888.0,840.0,7.0,2.1555555,0.37777779,35.289406,8.698378,0.21365052,,420.0,"MULTILINESTRING ((12.444966 41.801894, 12.445068 41.801957, 12.44612 41.802625))"
2025-09-23 07:00:00,all,56904,1056.0,1020.0,10.0,5.18,0.3,45.881645,9.444079,0.35901546,,420.0,"MULTILINESTRING ((12.444711 41.801943, 12.444864 41.802048, 12.445304 41.802348, 12.447161 41.803601))"
2025-09-23 07:00:00,all,56982,2856.0,2856.0,0.0,0.5,0.0,104.93713,1.2707126,0.074993476,,420.0,"MULTILINESTRING ((12.444966 41.801894, 12.445642 41.801781, 12.445731 41.801769, 12.445844 41.801755, 12.446515 41.80167))"
2025-09-23 07:00:00,all,57189,0.0,0.0,0.0,0.0,0.0,50.9,0.0,0.10732219,,420.0,"MULTILINESTRING ((12.445384 41.801626, 12.44544 41.801623, 12.445753 41.801626, 12.446472 41.801549))"
2025-09-23 07:00:00,all,57254,288.0,276.0,0.0,1.5416666,0.0,48.8581,5.8892817,0.32147175,,420.0,"MULTILINESTRING ((12.44612 41.802625, 12.446227 41.802673, 12.446279 41.802692, 12.446373 41.802737, 12.446454 41.802724, 12.446584 41.802753, 12.446678 41.802757, 12.446801 41.802748, 12.446929 41.802719, 12.447025 41.80269, 12.447092 41.802649, 12.447173 41.802592, 12.447227 41.802538, 12.447267 41.802485, 12.447278 41.802455, 12.447302 41.802407, 12.447317 41.80233, 12.447312 41.802269, 12.447296 41.802195, 12.447269 41.802141, 12.447218 41.802078, 12.447154 41.802025, 12.446992 41.801979, 12.446621 41.801898, 12.446153 41.801904, 12.446052 41.801858))"
2025-09-23 07:00:00,all,56682,0.0,0.0,0.0,0.0,0.0,50.9,0.0,0.09912377,,420.0,"MULTILINESTRING ((12.444385 41.801514, 12.444739 41.801566, 12.445116 41.801615, 12.445384 41.801626))"
2025-09-23 07:00:00,all,56683,1296.0,1296.0,0.0,0.0,0.0,57.9,0.0,0.066458024,,420.0,"MULTILINESTRING ((12.444385 41.801514, 12.444966 41.801894))"
2025-09-23 07:00:00,all,59292,0.0,0.0,0.0,0.0,0.0,50.9,0.0,0.013301375,,420.0,"MULTILINESTRING ((12.450289 41.799999, 12.450313 41.800099))"
2025-09-23 07:00:00,all,59293,0.0,0.0,0.0,0.0,0.0,50.9,0.0,0.027963065,,420.0,"MULTILINESTRING ((12.450289 41.799999, 12.450571 41.799966))"
2025-09-23 07:00:00,all,58372,2592.0,2532.0,0.0,4.76,0.0,97.472786,8.870402,0.11010581,,420.0,"MULTILINESTRING ((12.448109 41.801529, 12.448545 41.801415, 12.450222 41.801256))"
2025-09-23 07:00:00,all,58931,0.0,0.0,0.0,0.0,0.0,50.9,0.0,0.022440473,,420.0,"MULTILINESTRING ((12.449504 41.803626, 12.449731 41.803649))"
2025-09-23 07:00:00,all,58932,0.0,0.0,0.0,0.0,0.0,50.9,0.0,0.016966207,,420.0,"MULTILINESTRING ((12.449504 41.803626, 12.449637 41.803709))"
2025-09-23 07:00:00,all,58975,0.0,0.0,0.0,0.0,0.0,50.9,0.0,0.03011434,,420.0,"MULTILINESTRING ((12.449637 41.803709, 12.449521 41.803922))"
2025-09-23 07:00:00,all,58209,2592.0,2592.0,0.0,0.5,0.0,104.38541,5.450898,0.01757487,,420.0,"MULTILINESTRING ((12.447745 41.801569, 12.448109 41.801529))"
2025-09-23 07:00:00,all,58174,2592.0,2592.0,0.0,0.0,0.0,105.0,0.0,0.005281143,,420.0,"MULTILINESTRING ((12.447634 41.801574, 12.447745 41.801569))"
2025-09-23 07:00:00,all,58944,60.0,60.0,0.0,0.0,0.0,50.9,0.0,0.017982319,,420.0,"MULTILINESTRING ((12.449521 41.803922, 12.449354 41.803979))"
2025-09-23 07:00:00,all,58766,0.0,0.0,0.0,0.0,0.0,50.9,0.0,0.037240077,,420.0,"MULTILINESTRING ((12.449125 41.803604, 12.449504 41.803626))"
2025-09-23 07:00:00,all,58864,0.0,0.0,0.0,0.0,0.0,50.9,0.0,0.025527699,,420.0,"MULTILINESTRING ((12.449361 41.803789, 12.449504 41.803626))"
2025-09-23 07:00:00,all,59459,2532.0,2532.0,0.0,0.5,0.0,103.74438,8.869494,0.010867673,,420.0,"MULTILINESTRING ((12.450222 41.801256, 12.450446 41.801233))"
2025-09-23 07:00:00,all,56802,0.0,0.0,0.0,0.0,0.0,40.5,0.0,0.057431113,,420.0,"MULTILINESTRING ((12.4445 41.808328, 12.444495 41.808351, 12.444486 41.808381, 12.444476 41.8084, 12.444448 41.808426, 12.444427 41.808448, 12.444376 41.808481, 12.444316 41.808504, 12.444242 41.808522, 12.444203 41.80853, 12.44417 41.808532))"
2025-09-23 07:00:00,all,56855,96.0,96.0,0.0,1.5,0.0,46.287918,7.378331,0.13176095,,420.0,"MULTILINESTRING ((12.444625 41.808386, 12.445457 41.808773, 12.445664 41.808869))"
2025-09-23 07:00:00,all,57306,60.0,60.0,0.0,1.0,0.0,46.34199,9.363997,0.13826597,,420.0,"MULTILINESTRING ((12.445664 41.808869, 12.446089 41.808416, 12.446208 41.808237, 12.446351 41.808058))"
2025-09-23 07:00:00,all,57848,0.0,0.0,0.0,0.0,0.0,50.9,0.0,0.07965501,,420.0,"MULTILINESTRING ((12.44682 41.805, 12.447587 41.805202))"
2025-09-23 07:00:00,all,57857,0.0,0.0,0.0,0.0,0.0,44.3,0.0,0.116022125,,420.0,"MULTILINESTRING ((12.446838 41.812095, 12.44768 41.81254))"
2025-09-23 07:00:00,all,57860,60.0,60.0,0.0,1.0833334,0.0,46.380344,5.956996,0.23526216,,420.0,"MULTILINESTRING ((12.446839 41.80765, 12.447035 41.807517, 12.447387 41.807302, 12.448552 41.806632))"
2025-09-23 07:00:00,all,57978,84.0,84.0,0.0,1.7692307,0.0,43.26963,7.0295444,0.34899998,,420.0,"MULTILINESTRING ((12.44709 41.809806, 12.447301 41.809965, 12.4474 41.810034, 12.447466 41.810063, 12.447552 41.810083, 12.447625 41.81008, 12.447688 41.810059, 12.447736 41.810034, 12.447763 41.810008, 12.447789 41.809965, 12.447797 41.809917, 12.447781 41.80985, 12.447752 41.809788, 12.447676 41.809666, 12.447571 41.80953, 12.44749 41.809377, 12.447453 41.809241, 12.447452 41.809136, 12.447486 41.809048, 12.447559 41.808951, 12.447644 41.80888, 12.447811 41.808804, 12.447984 41.808746, 12.448133 41.808709))"
2025-09-23 07:00:00,all,58041,0.0,0.0,0.0,0.0,0.0,50.9,0.0,0.09028409,,420.0,"MULTILINESTRING ((12.447261 41.804557, 12.447587 41.805202))"
2025-09-23 07:00:00,all,56755,96.0,96.0,0.0,0.0,0.0,47.5,0.0,0.008848421,,420.0,"MULTILINESTRING ((12.444429 41.808294, 12.4445 41.808328))"
2025-09-23 07:00:00,all,56759,0.0,0.0,0.0,0.0,0.0,47.5,0.0,0.025887156,,420.0,"MULTILINESTRING ((12.444433 41.808151, 12.444442 41.808187, 12.444454 41.808221, 12.444466 41.808262, 12.444483 41.808296, 12.44449 41.808309, 12.4445 41.808328))"
2025-09-23 07:00:00,all,56856,0.0,0.0,0.0,0.0,0.0,40.5,0.0,0.066939265,,420.0,"MULTILINESTRING ((12.444625 41.808386, 12.444668 41.808187, 12.444427 41.808089))"
2025-09-23 07:00:00,all,56546,108.0,108.0,0.0,0.0,0.0,47.5,0.0,0.026727159,,420.0,"MULTILINESTRING ((12.443894 41.808097, 12.444001 41.808111, 12.444123 41.808171))"
2025-09-23 07:00:00,all,56385,72.0,72.0,0.0,0.0,0.0,47.5,0.0,0.03509937,,420.0,"MULTILINESTRING ((12.443507 41.808085, 12.443747 41.808088, 12.443841 41.808094))"
2025-09-23 07:00:00,all,56519,36.0,36.0,0.0,0.0,0.0,47.5,0.0,0.040365472,,420.0,"MULTILINESTRING ((12.443827 41.808356, 12.443809 41.808328, 12.443797 41.808308, 12.443791 41.808282, 12.443791 41.808254, 12.443801 41.808217, 12.443811 41.808189, 12.443824 41.808161, 12.443849 41.80813, 12.443865 41.808113, 12.443894 41.808097))"
2025-09-23 07:00:00,all,56526,72.0,72.0,0.0,0.0,0.0,47.5,0.0,0.005579368,,420.0,"MULTILINESTRING ((12.443841 41.808094, 12.443894 41.808097))"
2025-09-23 07:00:00,all,56637,132.0,132.0,0.0,0.0,0.0,47.5,0.0,0.02430821,,420.0,"MULTILINESTRING ((12.444123 41.808171, 12.444327 41.808253))"
2025-09-23 07:00:00,all,56711,96.0,96.0,0.0,0.0,0.0,47.5,0.0,0.012154105,,420.0,"MULTILINESTRING ((12.444327 41.808253, 12.444429 41.808294))"
2025-09-23 07:00:00,all,56710,36.0,36.0,0.0,0.0,0.0,47.5,0.0,0.018318316,,420.0,"MULTILINESTRING ((12.444327 41.808253, 12.444348 41.808241, 12.444368 41.808223, 12.444388 41.808202, 12.444412 41.808182, 12.444433 41.808151))"
2025-09-23 07:00:00,all,57043,0.0,0.0,0.0,0.0,0.0,43.1,0.0,0.081395365,,420.0,"MULTILINESTRING ((12.445 41.807017, 12.445034 41.806882, 12.445134 41.80671, 12.445273 41.806537))"
2025-09-23 07:00:00,all,56803,96.0,96.0,0.0,0.0,0.0,47.5,0.0,0.015438316,,420.0,"MULTILINESTRING ((12.4445 41.808328, 12.444565 41.808358, 12.444625 41.808386))"
2025-09-23 07:00:00,all,57612,0.0,0.0,0.0,0.0,0.0,47.3,0.0,0.077382244,,420.0,"MULTILINESTRING ((12.446351 41.808058, 12.446385 41.808015, 12.446553 41.807864, 12.446761 41.807702, 12.446839 41.80765))"
2025-09-23 07:00:00,all,57216,0.0,0.0,0.0,0.0,0.0,43.3,0.0,0.05853395,,420.0,"MULTILINESTRING ((12.445457 41.809071, 12.445539 41.809024, 12.445611 41.808997, 12.445705 41.808981, 12.44576 41.808983, 12.445928 41.809017))"
2025-09-23 07:00:00,all,57217,36.0,36.0,0.0,0.0,0.0,43.3,0.0,0.039177366,,420.0,"MULTILINESTRING ((12.445457 41.809071, 12.445491 41.809039, 12.445664 41.808869))"
2025-09-23 07:00:00,all,57178,144.0,144.0,0.0,0.0,0.0,47.5,0.0,0.090239994,,420.0,"MULTILINESTRING ((12.445365 41.809156, 12.444611 41.808847))"
2025-09-23 07:00:00,all,57072,24.0,24.0,0.0,0.0,0.0,50.268,0.0,0.03787658,,420.0,"MULTILINESTRING ((12.445088 41.809446, 12.445214 41.809297, 12.445248 41.809266, 12.445306 41.809212))"
2025-09-23 07:00:00,all,57231,156.0,156.0,0.0,0.0,0.0,50.268,0.0,0.03213416,,420.0,"MULTILINESTRING ((12.445483 41.809397, 12.445437 41.809382, 12.445386 41.809358, 12.44535 41.809314, 12.445328 41.809285, 12.445319 41.809251, 12.445306 41.809212))"
2025-09-23 07:00:00,all,57179,36.0,36.0,0.0,0.0,0.0,43.3,0.0,0.008911316,,420.0,"MULTILINESTRING ((12.445365 41.809156, 12.445412 41.80911))"
2025-09-23 07:00:00,all,57154,180.0,180.0,0.0,0.0,0.0,50.268,0.0,0.009453329,,420.0,"MULTILINESTRING ((12.445306 41.809212, 12.445365 41.809156))"
2025-09-23 07:00:00,all,57197,36.0,36.0,0.0,0.0,0.0,43.3,0.0,0.007930255,,420.0,"MULTILINESTRING ((12.445412 41.80911, 12.445457 41.809071))"
2025-09-23 07:00:00,all,57103,108.0,108.0,0.0,0.0,0.0,50.268,0.0,0.017438529,,420.0,"MULTILINESTRING ((12.44515 41.809626, 12.445081 41.809611, 12.44505 41.80959, 12.445041 41.809544))"
2025-09-23 07:00:00,all,57695,84.0,84.0,0.0,0.0,0.0,44.7,0.0,0.095684566,,420.0,"MULTILINESTRING ((12.446481 41.809354, 12.446607 41.809446, 12.44709 41.809806))"
2025-09-23 07:00:00,all,57423,216.0,216.0,0.0,0.0,0.0,43.3,0.0,0.053878058,,420.0,"MULTILINESTRING ((12.445928 41.809017, 12.446017 41.809072, 12.446073 41.809106, 12.446293 41.809236))"
2025-09-23 07:00:00,all,57307,72.0,72.0,0.0,0.0,0.0,45.9,0.0,0.027572548,,420.0,"MULTILINESTRING ((12.445664 41.808869, 12.445867 41.808984))"
2025-09-23 07:00:00,all,57393,216.0,216.0,0.0,0.0,0.0,43.3,0.0,0.008668822,,420.0,"MULTILINESTRING ((12.445867 41.808984, 12.445928 41.809017))"
2025-09-23 07:00:00,all,57591,84.0,84.0,0.0,0.0,0.0,44.7,0.0,0.027371813,,420.0,"MULTILINESTRING ((12.446293 41.809236, 12.446481 41.809354))"
2025-09-23 07:00:00,all,57592,132.0,132.0,0.0,0.0,0.0,43.3,0.0,0.03891963,,420.0,"MULTILINESTRING ((12.446293 41.809236, 12.446303 41.809278, 12.446291 41.809324, 12.446272 41.809345, 12.446238 41.809374, 12.446192 41.809401, 12.446122 41.80942))"
2025-09-23 07:00:00,all,57801,0.0,0.0,0.0,0.0,0.0,44.3,0.0,0.015144921,,420.0,"MULTILINESTRING ((12.446728 41.812037, 12.446838 41.812095))"
2025-09-23 07:00:00,all,57795,0.0,0.0,0.0,0.0,0.0,39.1,0.0,0.009702814,,420.0,"MULTILINESTRING ((12.446707 41.812148, 12.446645 41.812115))"
2025-09-23 07:00:00,all,58551,156.0,156.0,0.0,0.0,0.0,47.3,0.0,0.060906976,,420.0,"MULTILINESTRING ((12.448552 41.806632, 12.449 41.806359))"
2025-09-23 07:00:00,all,58705,96.0,96.0,0.0,0.0,0.0,47.3,0.0,0.08522029,,420.0,"MULTILINESTRING ((12.449 41.806359, 12.449398 41.806191, 12.449705 41.806063))"
2025-09-23 07:00:00,all,58752,576.0,540.0,0.0,2.7878788,0.0,54.137093,7.2759795,0.21232872,,420.0,"MULTILINESTRING ((12.449054 41.804596, 12.450036 41.805274, 12.450488 41.805696, 12.450633 41.805845))"
2025-09-23 07:00:00,all,58704,60.0,60.0,0.0,0.0,0.0,43.1,0.0,0.09014618,,420.0,"MULTILINESTRING ((12.449 41.806359, 12.44929 41.806145, 12.449398 41.80609, 12.449509 41.806026, 12.449556 41.805959))"
2025-09-23 07:00:00,all,58911,60.0,60.0,0.0,0.0,0.0,43.1,0.0,0.068312295,,420.0,"MULTILINESTRING ((12.449556 41.805959, 12.449595 41.805889, 12.449616 41.805841, 12.449621 41.805768, 12.449612 41.80564, 12.449549 41.805536))"
2025-09-23 07:00:00,all,59025,96.0,96.0,0.0,0.0,0.0,47.3,0.0,0.04903636,,420.0,"MULTILINESTRING ((12.449705 41.806063, 12.449786 41.806026, 12.449846 41.806004, 12.449877 41.805992, 12.449942 41.805968, 12.449999 41.805955, 12.450134 41.80594))"
2025-09-23 07:00:00,all,59026,0.0,0.0,0.0,0.0,0.0,43.1,0.0,0.041349888,,420.0,"MULTILINESTRING ((12.449705 41.806063, 12.44979 41.806088, 12.449822 41.8061, 12.449869 41.806122, 12.449903 41.806143, 12.449942 41.806181, 12.449971 41.806226))"
2025-09-23 07:00:00,all,59530,540.0,540.0,0.0,0.0,0.0,57.9,0.0,0.017632125,,420.0,"MULTILINESTRING ((12.450633 41.805845, 12.450695 41.805991))"
2025-09-23 07:00:00,all,58373,84.0,84.0,0.0,1.5,0.0,42.329586,11.937828,0.17810379,,420.0,"MULTILINESTRING ((12.448133 41.808709, 12.448258 41.808678, 12.448524 41.808642, 12.448825 41.808604, 12.449012 41.808578, 12.449233 41.808553, 12.449456 41.808544, 12.449623 41.808556))"
2025-09-23 07:00:00,all,58972,84.0,84.0,0.0,0.0,0.0,44.7,0.0,0.063387915,,420.0,"MULTILINESTRING ((12.449623 41.808556, 12.449857 41.808583, 12.450179 41.808642))"
2025-09-23 07:00:00,all,50652,216.0,204.0,0.0,1.5454545,0.0,48.35363,9.352674,0.2050419,,420.0,"MULTILINESTRING ((12.427037 41.812688, 12.427323 41.812911, 12.428324 41.813697, 12.42835 41.813788))"
2025-09-23 07:00:00,all,59072,0.0,0.0,0.0,0.0,0.0,47.468,0.0,0.0070038764,,420.0,"MULTILINESTRING ((12.449798 41.813715, 12.44976 41.813756))"
2025-09-23 07:00:00,all,58480,0.0,0.0,0.0,0.0,0.0,50.9,0.0,0.02313595,,420.0,"MULTILINESTRING ((12.448382 41.821118, 12.448613 41.821155))"
2025-09-23 07:00:00,all,55386,48.0,48.0,0.0,1.3,0.0,42.395054,5.48389,0.33549857,,420.0,"MULTILINESTRING ((12.441261 41.819808, 12.441616 41.820117, 12.441911 41.820327, 12.442489 41.820779, 12.443158 41.821399))"
2025-09-23 07:00:00,all,55885,192.0,192.0,0.0,1.8888888,0.0,50.876534,8.922058,0.12483752,,420.0,"MULTILINESTRING ((12.442526 41.813594, 12.442757 41.813687, 12.443264 41.81393, 12.443439 41.814028, 12.443585 41.81412))"
2025-09-23 07:00:00,all,55893,60.0,60.0,0.0,0.8888889,0.0,46.179802,7.8298264,0.14750084,,420.0,"MULTILINESTRING ((12.442531 41.8183, 12.44351 41.817587))"
2025-09-23 07:00:00,all,56300,0.0,0.0,0.0,0.0,0.0,47.468,0.0,0.0900809,,420.0,"MULTILINESTRING ((12.443322 41.818849, 12.443401 41.818881, 12.443482 41.818938, 12.443541 41.818999, 12.443579 41.819074, 12.443543 41.81914, 12.443491 41.819202, 12.443435 41.819241, 12.443396 41.819262, 12.443273 41.819296))"
2025-09-23 07:00:00,all,56305,252.0,252.0,0.0,0.0,0.0,51.5,0.0,0.043625243,,420.0,"MULTILINESTRING ((12.443334 41.82068, 12.443645 41.820924))"
2025-09-23 07:00:00,all,57642,0.0,0.0,0.0,0.0,0.0,47.468,0.0,0.23480998,,420.0,"MULTILINESTRING ((12.446395 41.820018, 12.44601 41.820184, 12.445968 41.82024, 12.445965 41.82034, 12.44598 41.820436, 12.446033 41.820612, 12.44611 41.82076, 12.446239 41.820927, 12.446317 41.820988, 12.446881 41.821178))"
2025-09-23 07:00:00,all,53842,156.0,156.0,0.0,0.0,0.0,50.1,0.0,0.059263475,,420.0,"MULTILINESTRING ((12.437753 41.816803, 12.437728 41.816754, 12.43771 41.816701, 12.437705 41.816659, 12.437711 41.8166, 12.437719 41.816548, 12.437735 41.816513, 12.437763 41.816465, 12.437845 41.816392))"
2025-09-23 07:00:00,all,54120,300.0,300.0,0.0,0.0,0.0,50.1,0.0,0.048032336,,420.0,"MULTILINESTRING ((12.438433 41.81643, 12.438468 41.816481, 12.438492 41.81653, 12.4385 41.816569, 12.438506 41.816613, 12.438508 41.816666, 12.4385 41.816701, 12.438488 41.81673, 12.438462 41.816775))"
2025-09-23 07:00:00,all,54886,0.0,0.0,0.0,0.0,0.0,43.1,0.0,0.25345895,,420.0,"MULTILINESTRING ((12.440181 41.817426, 12.440575 41.817141, 12.440519 41.817029, 12.44049 41.816938, 12.440488 41.81686, 12.440489 41.816784, 12.440525 41.816716, 12.440594 41.816661, 12.440696 41.816601, 12.44081 41.816571, 12.440945 41.816555, 12.441262 41.816559, 12.44134 41.816567, 12.441425 41.816566, 12.441508 41.81655))"
2025-09-23 07:00:00,all,53879,240.0,240.0,0.0,0.0,0.0,50.1,0.0,0.06415449,,420.0,"MULTILINESTRING ((12.437845 41.816392, 12.437956 41.81635, 12.438006 41.816338, 12.438095 41.816327, 12.438174 41.816329, 12.438224 41.816335, 12.438266 41.816344, 12.438308 41.816358, 12.438356 41.81638, 12.438433 41.81643))"
2025-09-23 07:00:00,all,53468,36.0,36.0,0.0,0.0,0.0,47.3,0.0,0.09982072,,420.0,"MULTILINESTRING ((12.436912 41.817472, 12.437561 41.816956))"
2025-09-23 07:00:00,all,53394,36.0,36.0,0.0,0.8,0.0,54.047512,8.127191,0.10927608,,420.0,"MULTILINESTRING ((12.436723 41.817713, 12.43658 41.817973, 12.436569 41.81803, 12.436561 41.818096, 12.436568 41.818149, 12.436589 41.818189, 12.43664 41.818238, 12.436947 41.818465))"
2025-09-23 07:00:00,all,53381,36.0,36.0,0.0,0.0,0.0,47.3,0.0,0.034824103,,420.0,"MULTILINESTRING ((12.436687 41.817653, 12.436912 41.817472))"
2025-09-23 07:00:00,all,53479,36.0,36.0,0.0,0.0,0.0,55.1,0.0,0.026944466,,420.0,"MULTILINESTRING ((12.436947 41.818465, 12.437047 41.818538, 12.43707 41.818655))"
2025-09-23 07:00:00,all,52896,0.0,0.0,0.0,0.0,0.0,50.9,0.0,0.10797288,,420.0,"MULTILINESTRING ((12.435339 41.818944, 12.435525 41.819016, 12.435623 41.81907, 12.435884 41.819259, 12.436104 41.819453, 12.43607 41.819497))"
2025-09-23 07:00:00,all,54140,156.0,156.0,0.0,0.0,0.0,50.1,0.0,0.0755006,,420.0,"MULTILINESTRING ((12.438462 41.816775, 12.438426 41.816813, 12.438305 41.81689, 12.438251 41.816911, 12.4382 41.816923, 12.438147 41.816931, 12.438088 41.816932, 12.438015 41.816932, 12.437948 41.816922, 12.437887 41.816903, 12.437855 41.816885, 12.437809 41.816853))"
2025-09-23 07:00:00,all,53767,36.0,36.0,0.0,0.0,0.0,47.3,0.0,0.029566173,,420.0,"MULTILINESTRING ((12.437561 41.816956, 12.437753 41.816803))"
2025-09-23 07:00:00,all,53859,120.0,120.0,0.0,0.0,0.0,43.1,0.0,0.010085847,,420.0,"MULTILINESTRING ((12.437809 41.816853, 12.437753 41.816803))"
2025-09-23 07:00:00,all,55337,36.0,36.0,0.0,0.0,0.0,50.268,0.0,0.042670086,,420.0,"MULTILINESTRING ((12.441183 41.812921, 12.441442 41.812664))"
2025-09-23 07:00:00,all,55320,36.0,36.0,0.0,0.0,0.0,55.868,0.0,0.02502864,,420.0,"MULTILINESTRING ((12.441149 41.813128, 12.441145 41.813077, 12.441151 41.813034, 12.441183 41.812921))"
2025-09-23 07:00:00,all,55314,216.0,216.0,0.0,0.0,0.0,47.468,0.0,0.007996124,,420.0,"MULTILINESTRING ((12.44114 41.812874, 12.441183 41.812921))"
2025-09-23 07:00:00,all,55522,276.0,264.0,0.0,2.0833333,0.0,53.88323,10.671721,0.10869059,,420.0,"MULTILINESTRING ((12.441588 41.81308, 12.441611 41.813112, 12.441647 41.813149, 12.441684 41.813181, 12.441846 41.813277, 12.442332 41.813515, 12.442526 41.813594))"
2025-09-23 07:00:00,all,55457,60.0,60.0,0.0,0.0,0.0,50.268,0.0,0.057319164,,420.0,"MULTILINESTRING ((12.441442 41.812664, 12.44146 41.812763, 12.44147 41.812812, 12.441478 41.812845, 12.441497 41.812898, 12.441532 41.812979, 12.441588 41.81308))"
2025-09-23 07:00:00,all,55824,108.0,108.0,0.0,0.0,0.0,47.468,0.0,0.09729207,,420.0,"MULTILINESTRING ((12.442374 41.813793, 12.44229 41.813807, 12.442145 41.81384, 12.441975 41.813884, 12.441797 41.813938, 12.441692 41.813975, 12.44161 41.814025, 12.44155 41.81408))"
2025-09-23 07:00:00,all,55477,0.0,0.0,0.0,0.0,0.0,47.468,0.0,0.04542597,,420.0,"MULTILINESTRING ((12.441508 41.81655, 12.441583 41.816501, 12.441785 41.816303))"
2025-09-23 07:00:00,all,55249,240.0,240.0,0.0,0.0,0.0,51.5,0.0,0.021419419,,420.0,"MULTILINESTRING ((12.440968 41.818747, 12.441119 41.818868))"
2025-09-23 07:00:00,all,55405,240.0,240.0,15.0,0.0,9.620689,51.499313,0.0,0.072215326,,420.0,"MULTILINESTRING ((12.441314 41.81902, 12.441841 41.819415))"
2025-09-23 07:00:00,all,54647,240.0,240.0,0.0,2.4705882,0.0,47.68581,7.4988565,0.20727046,,420.0,"MULTILINESTRING ((12.439612 41.817665, 12.440968 41.818747))"
2025-09-23 07:00:00,all,54600,240.0,240.0,0.0,0.0,0.0,50.1,0.0,0.01258563,,420.0,"MULTILINESTRING ((12.439503 41.817617, 12.439612 41.817665))"
2025-09-23 07:00:00,all,55997,60.0,60.0,0.0,0.0,0.0,43.1,0.0,0.03937448,,420.0,"MULTILINESTRING ((12.442745 41.818498, 12.442627 41.818392, 12.442531 41.8183))"
2025-09-23 07:00:00,all,55312,240.0,240.0,0.0,0.0,0.0,51.5,0.0,0.02726097,,420.0,"MULTILINESTRING ((12.441119 41.818868, 12.441314 41.81902))"
2025-09-23 07:00:00,all,55074,12.0,12.0,0.0,0.0,0.0,43.1,0.0,0.09890534,,420.0,"MULTILINESTRING ((12.440578 41.820265, 12.440623 41.820272, 12.441145 41.820625, 12.441191 41.820696))"
2025-09-23 07:00:00,all,56028,60.0,60.0,0.0,0.5,0.0,41.818726,18.329117,0.039138924,,420.0,"MULTILINESTRING ((12.442823 41.818734, 12.442817 41.818655, 12.442793 41.818583, 12.442745 41.818498))"
2025-09-23 07:00:00,all,55612,252.0,252.0,10.0,3.5,2.3333333,9.864584,20.175003,0.5275904,,420.0,"MULTILINESTRING ((12.441841 41.819415, 12.442525 41.820005))"
2025-09-23 07:00:00,all,56116,0.0,0.0,0.0,0.0,0.0,43.1,0.0,0.05422413,,420.0,"MULTILINESTRING ((12.443012 41.819088, 12.443055 41.819012, 12.443095 41.818953, 12.443146 41.818913, 12.443211 41.818884, 12.443322 41.818849))"
2025-09-23 07:00:00,all,55882,252.0,252.0,0.0,3.2857144,0.0,48.43215,16.31583,0.12474068,,420.0,"MULTILINESTRING ((12.442525 41.820005, 12.443334 41.82068))"
2025-09-23 07:00:00,all,58938,0.0,0.0,0.0,0.0,0.0,50.9,0.0,0.07876267,,420.0,"MULTILINESTRING ((12.449536 41.821604, 12.450127 41.822012))"
2025-09-23 07:00:00,all,55295,0.0,0.0,0.0,0.0,0.0,47.468,0.0,0.080299996,,420.0,"MULTILINESTRING ((12.441061 41.821679, 12.441123 41.821697, 12.441314 41.821866, 12.441322 41.821872, 12.441544 41.822045, 12.441555 41.822097))"
2025-09-23 07:00:00,all,54814,0.0,0.0,0.0,0.0,0.0,50.9,0.0,0.100594886,,420.0,"MULTILINESTRING ((12.439979 41.82084, 12.440066 41.820863, 12.440252 41.821016, 12.440572 41.821238, 12.440687 41.821314, 12.440707 41.821363))"
2025-09-23 07:00:00,all,55429,84.0,84.0,0.0,0.0,0.0,50.9,0.0,0.02284951,,420.0,"MULTILINESTRING ((12.441377 41.823276, 12.441359 41.82345))"
2025-09-23 07:00:00,all,55507,12.0,12.0,0.0,0.6666667,0.0,47.043026,6.226166,0.13656646,,420.0,"MULTILINESTRING ((12.441562 41.820978, 12.441646 41.821005, 12.441823 41.821155, 12.441994 41.821276, 12.442251 41.821464, 12.4424 41.821579, 12.442428 41.821667))"
2025-09-23 07:00:00,all,57977,192.0,192.0,0.0,2.0,0.0,48.395657,8.744469,0.14177884,,420.0,"MULTILINESTRING ((12.447085 41.816311, 12.448139 41.816974))"
2025-09-23 07:00:00,all,58098,0.0,0.0,0.0,0.0,0.0,43.1,0.0,0.07258887,,420.0,"MULTILINESTRING ((12.447417 41.816422, 12.447903 41.816719))"
2025-09-23 07:00:00,all,58472,0.0,0.0,0.0,0.0,0.0,47.468,0.0,0.15127918,,420.0,"MULTILINESTRING ((12.448364 41.819309, 12.447133 41.8197, 12.447043 41.819739))"
2025-09-23 07:00:00,all,56416,192.0,192.0,0.0,2.0,0.0,50.859943,9.934927,0.11874374,,420.0,"MULTILINESTRING ((12.443585 41.81412, 12.44385 41.814273, 12.444256 41.814525, 12.444521 41.814695))"
2025-09-23 07:00:00,all,57039,192.0,192.0,0.0,0.0,0.0,50.1,0.0,0.06803832,,420.0,"MULTILINESTRING ((12.444996 41.814999, 12.445091 41.81506, 12.445515 41.815332))"
2025-09-23 07:00:00,all,57062,0.0,0.0,0.0,0.0,0.0,43.1,0.0,0.086316474,,420.0,"MULTILINESTRING ((12.445042 41.814934, 12.445086 41.814963, 12.445509 41.815235, 12.445515 41.815332))"
2025-09-23 07:00:00,all,56998,0.0,0.0,0.0,0.0,0.0,43.1,0.0,0.08289606,,420.0,"MULTILINESTRING ((12.444922 41.815133, 12.444709 41.81501, 12.444489 41.814888, 12.444468 41.814759))"
2025-09-23 07:00:00,all,56808,192.0,192.0,0.0,0.0,0.0,50.1,0.0,0.062204793,,420.0,"MULTILINESTRING ((12.444521 41.814695, 12.444817 41.814884, 12.444996 41.814999))"
2025-09-23 07:00:00,all,56809,0.0,0.0,0.0,0.0,0.0,43.1,0.0,0.074394435,,420.0,"MULTILINESTRING ((12.444521 41.814695, 12.444655 41.814687, 12.444857 41.814814, 12.445042 41.814934))"
2025-09-23 07:00:00,all,57298,0.0,0.0,0.0,0.0,0.0,50.1,0.0,0.088798806,,420.0,"MULTILINESTRING ((12.445646 41.81541, 12.445708 41.815392, 12.445789 41.815381, 12.445888 41.815404, 12.445973 41.815433, 12.446052 41.815477, 12.44611 41.815526, 12.446168 41.815611, 12.446206 41.815669, 12.446221 41.815701, 12.446235 41.815776))"
2025-09-23 07:00:00,all,57299,180.0,180.0,0.0,0.0,0.0,50.1,0.0,0.07619401,,420.0,"MULTILINESTRING ((12.445646 41.81541, 12.446235 41.815776))"
2025-09-23 07:00:00,all,57505,24.0,24.0,0.0,0.0,0.0,52.9,0.0,0.085880525,,420.0,"MULTILINESTRING ((12.446107 41.814872, 12.446832 41.815285))"
2025-09-23 07:00:00,all,57655,0.0,0.0,0.0,0.0,0.0,43.1,0.0,0.047685385,,420.0,"MULTILINESTRING ((12.446407 41.815884, 12.446493 41.815857, 12.44674 41.816008))"
2025-09-23 07:00:00,all,57656,192.0,192.0,0.0,0.0,0.0,50.1,0.0,0.07310779,,420.0,"MULTILINESTRING ((12.446407 41.815884, 12.446969 41.816238))"
2025-09-23 07:00:00,all,57828,0.0,0.0,0.0,0.0,0.0,43.1,0.0,0.079724826,,420.0,"MULTILINESTRING ((12.446793 41.81629, 12.446361 41.816034, 12.446372 41.815931))"
2025-09-23 07:00:00,all,57280,24.0,24.0,0.0,0.0,0.0,52.9,0.0,0.08050434,,420.0,"MULTILINESTRING ((12.445587 41.815379, 12.446107 41.814872))"
2025-09-23 07:00:00,all,57279,180.0,180.0,0.0,0.0,0.0,50.1,0.0,0.007174851,,420.0,"MULTILINESTRING ((12.445587 41.815379, 12.445646 41.81541))"
2025-09-23 07:00:00,all,57256,192.0,192.0,0.0,0.0,0.0,50.1,0.0,0.009508982,,420.0,"MULTILINESTRING ((12.445515 41.815332, 12.445587 41.815379))"
2025-09-23 07:00:00,all,57268,12.0,12.0,0.0,0.0,0.0,52.9,0.0,0.0067088846,,420.0,"MULTILINESTRING ((12.44554 41.815419, 12.445587 41.815379))"
2025-09-23 07:00:00,all,57566,180.0,180.0,0.0,0.0,0.0,50.1,0.0,0.0060634734,,420.0,"MULTILINESTRING ((12.446235 41.815776, 12.446282 41.815805))"
2025-09-23 07:00:00,all,57585,192.0,192.0,0.0,0.0,0.0,50.1,0.0,0.016283832,,420.0,"MULTILINESTRING ((12.446282 41.815805, 12.446407 41.815884))"
2025-09-23 07:00:00,all,57913,192.0,192.0,0.0,0.0,0.0,50.1,0.0,0.015083833,,420.0,"MULTILINESTRING ((12.446969 41.816238, 12.447085 41.816311))"
2025-09-23 07:00:00,all,57939,0.0,0.0,0.0,0.0,0.0,43.1,0.0,0.060449656,,420.0,"MULTILINESTRING ((12.447012 41.816174, 12.447417 41.816422))"
2025-09-23 07:00:00,all,57808,0.0,0.0,0.0,0.0,0.0,43.1,0.0,0.040603712,,420.0,"MULTILINESTRING ((12.44674 41.816008, 12.447012 41.816174))"
2025-09-23 07:00:00,all,56785,72.0,72.0,0.0,1.0,0.0,51.913666,7.436437,0.15541919,,420.0,"MULTILINESTRING ((12.444472 41.819952, 12.444591 41.819843, 12.444799 41.819692, 12.44499 41.819566, 12.445066 41.819523, 12.445396 41.819351, 12.445707 41.819177))"
2025-09-23 07:00:00,all,57320,72.0,72.0,0.0,0.0,0.0,53.068,0.0,0.09843333,,420.0,"MULTILINESTRING ((12.445707 41.819177, 12.445835 41.819106, 12.445961 41.819027, 12.446425 41.818721, 12.446498 41.818664))"
2025-09-23 07:00:00,all,57861,60.0,60.0,0.0,0.0,0.0,46.068,0.0,0.020554833,,420.0,"MULTILINESTRING ((12.446839 41.818643, 12.446842 41.818669, 12.446841 41.818692, 12.446836 41.818724, 12.446827 41.81875, 12.446812 41.818782))"
2025-09-23 07:00:00,all,56825,0.0,0.0,0.0,0.0,0.0,47.468,0.0,0.014077274,,420.0,"MULTILINESTRING ((12.444551 41.820033, 12.444472 41.819952))"
2025-09-23 07:00:00,all,56744,72.0,72.0,0.0,0.0,0.0,53.068,0.0,0.026397828,,420.0,"MULTILINESTRING ((12.444397 41.820149, 12.4444 41.820103, 12.4444 41.82007, 12.444408 41.820045, 12.444418 41.820019, 12.444441 41.819986, 12.444472 41.819952))"
2025-09-23 07:00:00,all,57725,12.0,12.0,0.0,0.0,0.0,53.068,0.0,0.026307378,,420.0,"MULTILINESTRING ((12.446529 41.818594, 12.446546 41.818549, 12.446554 41.818516, 12.446557 41.818471, 12.446554 41.818439, 12.44654 41.818388))"
2025-09-23 07:00:00,all,58761,0.0,0.0,0.0,0.0,0.0,50.9,0.0,0.0515611,,420.0,"MULTILINESTRING ((12.449142 41.821343, 12.449271 41.821422, 12.449536 41.821604))"
2025-09-23 07:00:00,all,57726,60.0,60.0,0.0,0.0,0.0,47.468,0.0,0.02809893,,420.0,"MULTILINESTRING ((12.446529 41.818594, 12.446551 41.818571, 12.446577 41.81855, 12.446612 41.818533, 12.446651 41.818523, 12.446687 41.818521, 12.446719 41.818525, 12.446734 41.81853, 12.446755 41.818538))"
2025-09-23 07:00:00,all,57708,72.0,72.0,0.0,0.0,0.0,53.068,0.0,0.009286952,,420.0,"MULTILINESTRING ((12.446498 41.818664, 12.446505 41.818641, 12.446516 41.818616, 12.446529 41.818594))"
2025-09-23 07:00:00,all,57862,84.0,84.0,0.0,0.0,0.0,47.468,0.0,0.027373388,,420.0,"MULTILINESTRING ((12.446839 41.818643, 12.446956 41.818693, 12.446977 41.818696, 12.446998 41.818699, 12.447081 41.818702))"
2025-09-23 07:00:00,all,57732,84.0,84.0,0.0,0.0,0.0,53.068,0.0,0.027617773,,420.0,"MULTILINESTRING ((12.44654 41.818388, 12.446755 41.818538))"
2025-09-23 07:00:00,all,57817,144.0,144.0,0.0,0.0,0.0,53.068,0.0,0.0063450667,,420.0,"MULTILINESTRING ((12.446755 41.818538, 12.446801 41.818575))"
2025-09-23 07:00:00,all,57837,144.0,144.0,0.0,0.0,0.0,46.068,0.0,0.01072024,,420.0,"MULTILINESTRING ((12.446801 41.818575, 12.446814 41.81859, 12.446825 41.818612, 12.446839 41.818643))"
2025-09-23 07:00:00,all,57951,0.0,0.0,0.0,0.0,0.0,47.468,0.0,0.07852027,,420.0,"MULTILINESTRING ((12.447043 41.819739, 12.446395 41.820018))"
2025-09-23 07:00:00,all,57351,0.0,0.0,0.0,0.0,0.0,47.468,0.0,0.01694152,,420.0,"MULTILINESTRING ((12.44578 41.819267, 12.445742 41.819257, 12.445724 41.819246, 12.445709 41.819232, 12.445706 41.819221, 12.445706 41.819203, 12.445707 41.819177))"
2025-09-23 07:00:00,all,57845,60.0,60.0,0.0,0.0,0.0,46.068,0.0,0.01218286,,420.0,"MULTILINESTRING ((12.446812 41.818782, 12.446791 41.818803, 12.446775 41.818817, 12.446734 41.818842))"
2025-09-23 07:00:00,all,57805,204.0,204.0,0.0,0.0,0.0,46.068,0.0,0.0067817136,,420.0,"MULTILINESTRING ((12.446734 41.818842, 12.446705 41.818852, 12.446675 41.818857))"
2025-09-23 07:00:00,all,58837,0.0,0.0,0.0,0.0,0.0,46.068,0.0,0.06562126,,420.0,"MULTILINESTRING ((12.449339 41.813415, 12.449834 41.813677))"
2025-09-23 07:00:00,all,59048,0.0,0.0,0.0,0.0,0.0,46.068,0.0,0.06501823,,420.0,"MULTILINESTRING ((12.44976 41.813756, 12.449269 41.813497))"
2025-09-23 07:00:00,all,58501,0.0,0.0,0.0,0.0,0.0,46.068,0.0,0.05834462,,420.0,"MULTILINESTRING ((12.448439 41.812941, 12.44888 41.813173))"
2025-09-23 07:00:00,all,58638,0.0,0.0,0.0,0.0,0.0,46.068,0.0,0.058777027,,420.0,"MULTILINESTRING ((12.448808 41.813254, 12.448364 41.81302))"
2025-09-23 07:00:00,all,58340,0.0,0.0,0.0,0.0,0.0,43.1,0.0,0.007499304,,420.0,"MULTILINESTRING ((12.448047 41.812792, 12.448077 41.812749))"
2025-09-23 07:00:00,all,58474,0.0,0.0,0.0,0.0,0.0,41.7,0.0,0.05104748,,420.0,"MULTILINESTRING ((12.448364 41.81302, 12.448015 41.812836))"
2025-09-23 07:00:00,all,58329,0.0,0.0,0.0,0.0,0.0,41.7,0.0,0.05871223,,420.0,"MULTILINESTRING ((12.448015 41.812836, 12.447613 41.812625))"
2025-09-23 07:00:00,all,58351,0.0,0.0,0.0,0.0,0.0,46.068,0.0,0.048022922,,420.0,"MULTILINESTRING ((12.448077 41.812749, 12.448439 41.812941))"
2025-09-23 07:00:00,all,58667,0.0,0.0,0.0,0.0,0.0,46.068,0.0,0.06077103,,420.0,"MULTILINESTRING ((12.44888 41.813173, 12.449339 41.813415))"
2025-09-23 07:00:00,all,58807,0.0,0.0,0.0,0.0,0.0,46.068,0.0,0.061030217,,420.0,"MULTILINESTRING ((12.449269 41.813497, 12.448808 41.813254))"
2025-09-23 07:00:00,all,59087,0.0,0.0,0.0,0.0,0.0,46.068,0.0,0.06475775,,420.0,"MULTILINESTRING ((12.449834 41.813677, 12.450323 41.813935))"
2025-09-23 07:00:00,all,59272,0.0,0.0,0.0,0.0,0.0,46.068,0.0,0.0666671,,420.0,"MULTILINESTRING ((12.450264 41.814021, 12.44976 41.813756))"
2025-09-23 07:00:00,all,59316,0.0,0.0,0.0,0.0,0.0,46.068,0.0,0.011617608,,420.0,"MULTILINESTRING ((12.450323 41.813935, 12.450411 41.813981))"
2025-09-23 07:00:00,all,59331,0.0,0.0,0.0,0.0,0.0,46.068,0.0,0.010056004,,420.0,"MULTILINESTRING ((12.45034 41.814061, 12.450264 41.814021))"
2025-09-23 07:00:00,all,58830,192.0,192.0,0.0,2.5454545,0.0,48.39747,8.386503,0.18814084,,420.0,"MULTILINESTRING ((12.44932 41.817683, 12.449495 41.817782, 12.450783 41.818501))"
2025-09-23 07:00:00,all,59124,0.0,0.0,0.0,0.0,0.0,47.468,0.0,0.11693226,,420.0,"MULTILINESTRING ((12.449893 41.819473, 12.449245 41.819178, 12.449182 41.819153, 12.449076 41.81915, 12.448901 41.819172))"
2025-09-23 07:00:00,all,58376,192.0,192.0,0.0,2.8,0.0,47.56616,11.123294,0.15876245,,420.0,"MULTILINESTRING ((12.448139 41.816974, 12.448251 41.817042, 12.448414 41.817148, 12.448745 41.817356, 12.44932 41.817683))"
2025-09-23 07:00:00,all,58400,0.0,0.0,0.0,0.0,0.0,43.1,0.0,0.09225105,,420.0,"MULTILINESTRING ((12.448206 41.816904, 12.448372 41.817002, 12.44854 41.817106, 12.448823 41.817282))"
2025-09-23 07:00:00,all,58803,0.0,0.0,0.0,0.0,0.0,43.1,0.0,0.18199907,,420.0,"MULTILINESTRING ((12.44925 41.817736, 12.449084 41.817739, 12.44814 41.817172, 12.448106 41.817027))"
2025-09-23 07:00:00,all,58287,0.0,0.0,0.0,0.0,0.0,43.1,0.0,0.045239445,,420.0,"MULTILINESTRING ((12.447903 41.816719, 12.448206 41.816904))"
2025-09-23 07:00:00,all,58375,0.0,0.0,0.0,0.0,0.0,43.1,0.0,0.013311369,,420.0,"MULTILINESTRING ((12.448139 41.816974, 12.448206 41.816904))"
2025-09-23 07:00:00,all,58645,0.0,0.0,0.0,0.0,0.0,43.1,0.0,0.08907425,,420.0,"MULTILINESTRING ((12.448823 41.817282, 12.449316 41.817583, 12.44932 41.817683))"
2025-09-23 07:00:00,all,58674,0.0,0.0,0.0,0.0,0.0,47.468,0.0,0.05960184,,420.0,"MULTILINESTRING ((12.448901 41.819172, 12.448433 41.819288, 12.448364 41.819309))"
2025-09-23 07:00:00,all,59595,192.0,192.0,0.0,0.0,0.0,50.1,0.0,0.008535329,,420.0,"MULTILINESTRING ((12.450783 41.818501, 12.450854 41.818537))"
2025-09-23 07:00:00,all,57882,0.0,0.0,0.0,0.0,0.0,45.7,0.0,0.16391684,,420.0,"MULTILINESTRING ((12.446881 41.821178, 12.448156 41.821116, 12.448382 41.821118))"
2025-09-23 07:00:00,all,56438,264.0,264.0,0.0,0.0,0.0,52.7,0.0,0.021442885,,420.0,"MULTILINESTRING ((12.443645 41.820924, 12.443724 41.82098, 12.443743 41.821067))"
2025-09-23 07:00:00,all,58886,96.0,96.0,0.0,1.0909091,0.0,49.12499,9.187996,0.14501622,,420.0,"MULTILINESTRING ((12.449443 41.823141, 12.450487 41.822411))"
2025-09-23 07:00:00,all,58571,0.0,0.0,0.0,0.0,0.0,50.9,0.0,0.05773438,,420.0,"MULTILINESTRING ((12.448613 41.821155, 12.448655 41.821161, 12.448881 41.821228, 12.448972 41.821265, 12.449097 41.821316, 12.449142 41.821343))"
2025-09-23 07:00:00,all,59487,312.0,312.0,15.0,0.0,7.5,50.899582,0.0,0.09136224,,420.0,"MULTILINESTRING ((12.450594 41.822335, 12.451266 41.822819))"
2025-09-23 07:00:00,all,59414,300.0,300.0,0.0,0.0,0.0,50.9,0.0,0.014450687,,420.0,"MULTILINESTRING ((12.450487 41.822411, 12.450594 41.822335))"
2025-09-23 07:00:00,all,59215,0.0,0.0,0.0,0.0,0.0,50.9,0.0,0.062291548,,420.0,"MULTILINESTRING ((12.450127 41.822012, 12.450594 41.822335))"
2025-09-23 07:00:00,all,76248,108.0,108.0,0.0,0.9166667,0.0,49.925056,8.004564,0.13762788,,420.0,"MULTILINESTRING ((12.483259 41.809123, 12.483389 41.809141, 12.483474 41.809166, 12.483539 41.809181, 12.483648 41.809207, 12.483733 41.809213, 12.483835 41.809181, 12.48398 41.809107, 12.484208 41.809001, 12.48439 41.808899, 12.484459 41.80884))"
2025-09-23 07:00:00,all,76719,108.0,108.0,0.0,0.0,0.0,43.1,0.0,0.052847333,,420.0,"MULTILINESTRING ((12.484221 41.810877, 12.484467 41.811165))"
2025-09-23 07:00:00,all,76779,792.0,768.0,0.0,2.9756098,0.0,52.011745,9.324598,0.18406266,,420.0,"MULTILINESTRING ((12.484327 41.806347, 12.484483 41.806732, 12.48462 41.807139, 12.48473 41.807748))"
2025-09-23 07:00:00,all,76875,0.0,0.0,0.0,0.0,0.0,47.468,0.0,0.03697607,,420.0,"MULTILINESTRING ((12.48454 41.808362, 12.484241 41.808501))"
2025-09-23 07:00:00,all,76876,360.0,360.0,0.0,0.0,0.0,57.268,0.0,0.08197457,,420.0,"MULTILINESTRING ((12.48454 41.808362, 12.484371 41.807669))"
2025-09-23 07:00:00,all,214275,0.0,0.0,0.0,0.0,0.0,47.468,0.0,0.0545458,,420.0,"MULTILINESTRING ((12.484459 41.80884, 12.484471 41.808791, 12.484446 41.808748, 12.484393 41.80869, 12.484321 41.808615, 12.484277 41.808564, 12.484241 41.808501))"
2025-09-23 07:00:00,all,63706,2676.0,2244.0,0.0,31.375,0.0,97.95929,8.634152,0.74190515,,420.0,"MULTILINESTRING ((12.461293 41.799865, 12.463258 41.799609, 12.475676 41.798101))"
2025-09-23 07:00:00,all,65842,108.0,96.0,0.0,1.8695652,0.0,46.32755,4.6028905,0.52604383,,420.0,"MULTILINESTRING ((12.465845 41.811849, 12.465994 41.811816, 12.466383 41.811657, 12.469967 41.809894))"
2025-09-23 07:00:00,all,72956,0.0,0.0,0.0,0.0,0.0,50.9,0.0,0.38723102,,420.0,"MULTILINESTRING ((12.477318 41.79794, 12.477397 41.797848, 12.478528 41.797424, 12.479188 41.797004, 12.479344 41.796866, 12.479519 41.796701, 12.479824 41.796392, 12.480027 41.796167, 12.480187 41.795999))"
2025-09-23 07:00:00,all,62014,0.0,0.0,0.0,0.0,0.0,43.1,0.0,0.053171694,,420.0,"MULTILINESTRING ((12.45704 41.806516, 12.457205 41.806598, 12.457446 41.806674))"
2025-09-23 07:00:00,all,61038,1260.0,1224.0,5.0,5.195652,0.36956522,40.25072,11.407243,0.34065977,,420.0,"MULTILINESTRING ((12.454525 41.803726, 12.455615 41.805615))"
2025-09-23 07:00:00,all,61928,2784.0,2676.0,0.0,8.98,0.0,97.04348,9.2631,0.19979455,,420.0,"MULTILINESTRING ((12.457466 41.800379, 12.461293 41.799865))"
2025-09-23 07:00:00,all,60525,0.0,0.0,0.0,0.0,0.0,52.3,0.0,0.47831127,,420.0,"MULTILINESTRING ((12.45329 41.798701, 12.453373 41.798795, 12.453557 41.798986, 12.453745 41.799144, 12.453958 41.799303, 12.454187 41.799437, 12.454986 41.79986, 12.455251 41.800012, 12.455749 41.80025, 12.455986 41.800346, 12.45622 41.800389, 12.457089 41.800311, 12.457466 41.800379))"
2025-09-23 07:00:00,all,60620,1272.0,1224.0,19.0,4.22,1.12,27.76328,4.3404346,0.42231464,,420.0,"MULTILINESTRING ((12.453543 41.800032, 12.453563 41.800142, 12.45367 41.800717, 12.453692 41.800816, 12.453709 41.800894, 12.453753 41.80109, 12.453865 41.801686, 12.453881 41.801773))"
2025-09-23 07:00:00,all,61161,252.0,252.0,0.0,1.1052631,0.0,104.576935,1.705061,0.12397093,,420.0,"MULTILINESTRING ((12.454893 41.800658, 12.457466 41.800379))"
2025-09-23 07:00:00,all,60499,0.0,0.0,0.0,0.0,0.0,57.9,0.0,0.05650777,,420.0,"MULTILINESTRING ((12.453197 41.798215, 12.45329 41.798701))"
2025-09-23 07:00:00,all,60524,0.0,0.0,0.0,0.0,0.0,57.9,0.0,0.15473679,,420.0,"MULTILINESTRING ((12.45329 41.798701, 12.453543 41.800032))"
2025-09-23 07:00:00,all,60204,456.0,432.0,0.0,1.3870968,0.0,104.237305,2.2326148,0.11920646,,420.0,"MULTILINESTRING ((12.452431 41.800942, 12.453595 41.800826, 12.453692 41.800816, 12.453944 41.80079, 12.454752 41.800677, 12.454893 41.800658))"
2025-09-23 07:00:00,all,60220,276.0,264.0,0.0,1.8684211,0.0,49.876385,6.9872074,0.32168248,,420.0,"MULTILINESTRING ((12.452487 41.801044, 12.452342 41.801148, 12.452255 41.801208, 12.452169 41.801279, 12.452109 41.801369, 12.452078 41.801461, 12.452091 41.801568, 12.452133 41.801635, 12.452205 41.801708, 12.452302 41.801787, 12.452467 41.801891, 12.452678 41.802003, 12.452937 41.802143, 12.453003 41.802176, 12.453107 41.802194, 12.453223 41.802198, 12.453338 41.802172, 12.453403 41.802141, 12.453474 41.802098, 12.453552 41.802032, 12.453613 41.801962, 12.453669 41.801878, 12.45372 41.801806, 12.453779 41.8017))"
2025-09-23 07:00:00,all,60760,540.0,528.0,5.0,1.7894737,0.42105263,40.49825,1.9139165,0.27801943,,420.0,"MULTILINESTRING ((12.453881 41.801773, 12.454035 41.802387, 12.454312 41.803246, 12.454388 41.803418))"
2025-09-23 07:00:00,all,60761,684.0,624.0,0.0,4.375,0.0,43.865566,15.28016,0.3916315,,420.0,"MULTILINESTRING ((12.453881 41.801773, 12.453956 41.801827, 12.454045 41.801886, 12.454161 41.801956, 12.45431 41.802018, 12.454423 41.802052, 12.454591 41.802078, 12.454741 41.802076, 12.454836 41.802063, 12.454929 41.802031, 12.455041 41.801979, 12.455136 41.801909, 12.45532 41.801721, 12.455424 41.801583, 12.455457 41.801503, 12.455478 41.8014, 12.455484 41.801314, 12.455464 41.801169, 12.455401 41.801082, 12.455312 41.800994, 12.455109 41.800876, 12.454967 41.800819, 12.454767 41.800764))"
2025-09-23 07:00:00,all,60986,528.0,528.0,0.0,0.0,0.0,57.9,0.0,0.03736166,,420.0,"MULTILINESTRING ((12.454388 41.803418, 12.454525 41.803726))"
2025-09-23 07:00:00,all,60609,12.0,12.0,1.0,0.0,0.5,43.29996,0.0,0.057839774,,420.0,"MULTILINESTRING ((12.453526 41.80843, 12.453555 41.808416, 12.453594 41.808406, 12.453638 41.808399, 12.45369 41.808406, 12.453735 41.808425, 12.453772 41.808451, 12.453786 41.808484, 12.453798 41.808536, 12.453794 41.808584, 12.453784 41.808617))"
2025-09-23 07:00:00,all,60939,1392.0,1272.0,4.0,7.97561,0.12195122,45.82512,15.730946,0.3322165,,420.0,"MULTILINESTRING ((12.454285 41.808415, 12.456103 41.809613, 12.45634 41.809767, 12.456582 41.80992))"
2025-09-23 07:00:00,all,61307,312.0,312.0,0.0,0.0,0.0,50.268,0.0,0.0673872,,420.0,"MULTILINESTRING ((12.455336 41.807354, 12.455882 41.807111, 12.455916 41.80709))"
2025-09-23 07:00:00,all,61308,120.0,120.0,0.0,1.25,0.0,49.423607,7.57016,0.20045725,,420.0,"MULTILINESTRING ((12.455336 41.807354, 12.455518 41.80716, 12.45559 41.80705, 12.455641 41.806952, 12.455677 41.806888, 12.45572 41.806789, 12.455751 41.806709, 12.45577 41.806613, 12.455771 41.806503, 12.455724 41.805946))"
2025-09-23 07:00:00,all,61411,1224.0,1224.0,0.0,0.0,0.0,57.9,0.0,0.03873057,,420.0,"MULTILINESTRING ((12.455615 41.805615, 12.455805 41.80592))"
2025-09-23 07:00:00,all,61412,0.0,0.0,0.0,0.0,0.0,50.9,0.0,0.10479725,,420.0,"MULTILINESTRING ((12.455615 41.805615, 12.455856 41.805754, 12.45601 41.80584, 12.456143 41.805886, 12.456278 41.80592, 12.456405 41.805941, 12.456558 41.805956))"
2025-09-23 07:00:00,all,61702,816.0,792.0,3.0,4.837209,0.11627907,49.788765,8.645261,0.33777377,,420.0,"MULTILINESTRING ((12.456448 41.806952, 12.457815 41.809259))"
2025-09-23 07:00:00,all,60794,240.0,240.0,0.0,0.0,0.0,53.7,0.0,0.02236648,,420.0,"MULTILINESTRING ((12.453917 41.807937, 12.453997 41.807875, 12.454098 41.807819))"
2025-09-23 07:00:00,all,60559,1392.0,1392.0,0.0,1.0,0.0,58.455666,10.055102,0.051039707,,420.0,"MULTILINESTRING ((12.453384 41.8078, 12.453817 41.808109))"
2025-09-23 07:00:00,all,60608,252.0,252.0,0.0,0.0,0.0,53.7,0.0,0.07215195,,420.0,"MULTILINESTRING ((12.453526 41.80843, 12.453683 41.808302, 12.453748 41.808168, 12.453781 41.808141, 12.453856 41.808037, 12.453896 41.807961, 12.453917 41.807937))"
2025-09-23 07:00:00,all,59966,1452.0,1392.0,2.0,6.0,0.11627907,44.37044,16.37862,0.24794075,,420.0,"MULTILINESTRING ((12.45174 41.806699, 12.453384 41.8078))"
2025-09-23 07:00:00,all,60862,456.0,432.0,0.0,1.9032258,0.0,41.04477,16.502722,0.1685886,,420.0,"MULTILINESTRING ((12.454098 41.807819, 12.454347 41.807719, 12.454721 41.807604, 12.454979 41.807505, 12.45513 41.807452, 12.455336 41.807354))"
2025-09-23 07:00:00,all,60716,1392.0,1392.0,0.0,0.0,0.0,59.3,0.0,0.052258685,,420.0,"MULTILINESTRING ((12.453817 41.808109, 12.454285 41.808415))"
2025-09-23 07:00:00,all,60785,216.0,216.0,0.0,0.0,0.0,50.9,0.0,0.025013752,,420.0,"MULTILINESTRING ((12.453878 41.807722, 12.454098 41.807819))"
2025-09-23 07:00:00,all,60793,12.0,12.0,0.0,0.0,0.0,50.9,0.0,0.02878821,,420.0,"MULTILINESTRING ((12.453917 41.807937, 12.453903 41.80787, 12.45391 41.807827, 12.453899 41.807792, 12.453899 41.807765, 12.453878 41.807722))"
2025-09-23 07:00:00,all,60091,84.0,84.0,0.0,1.5,0.0,42.586258,13.378284,0.15796927,,420.0,"MULTILINESTRING ((12.452084 41.809035, 12.452234 41.809034, 12.452432 41.809014, 12.452695 41.808956, 12.452903 41.80889, 12.453349 41.808722))"
2025-09-23 07:00:00,all,60536,84.0,84.0,0.0,0.0,0.0,44.7,0.0,0.024707383,,420.0,"MULTILINESTRING ((12.453349 41.808722, 12.453379 41.808696, 12.453479 41.808588))"
2025-09-23 07:00:00,all,60711,768.0,768.0,0.0,0.8333333,0.0,33.82938,144.0507,0.010260313,,420.0,"MULTILINESTRING ((12.453784 41.808617, 12.453754 41.808664))"
2025-09-23 07:00:00,all,61558,1224.0,1224.0,0.0,0.0,0.0,57.9,0.0,0.059592746,,420.0,"MULTILINESTRING ((12.456091 41.80638, 12.456387 41.806848))"
2025-09-23 07:00:00,all,61469,1224.0,1224.0,0.0,0.0,0.0,57.9,0.0,0.05839378,,420.0,"MULTILINESTRING ((12.455805 41.80592, 12.456091 41.80638))"
2025-09-23 07:00:00,all,61799,0.0,0.0,0.0,0.0,0.0,43.1,0.0,0.06590952,,420.0,"MULTILINESTRING ((12.456627 41.806806, 12.456729 41.806739, 12.456795 41.806707, 12.456879 41.806648, 12.456975 41.806583, 12.45704 41.806516))"
2025-09-23 07:00:00,all,61553,132.0,132.0,0.0,0.0,0.0,50.268,0.0,0.016840534,,420.0,"MULTILINESTRING ((12.456068 41.807, 12.456206 41.806926))"
2025-09-23 07:00:00,all,61605,132.0,132.0,0.0,0.0,0.0,53.7,0.0,0.01940894,,420.0,"MULTILINESTRING ((12.456206 41.806926, 12.456297 41.806887, 12.456335 41.806868, 12.456387 41.806848))"
2025-09-23 07:00:00,all,61641,600.0,600.0,0.0,0.0,0.0,53.7,0.0,0.0056089386,,420.0,"MULTILINESTRING ((12.456305 41.806977, 12.456253 41.807))"
2025-09-23 07:00:00,all,61507,132.0,132.0,0.0,0.0,0.0,50.268,0.0,0.01922774,,420.0,"MULTILINESTRING ((12.455916 41.80709, 12.456068 41.807))"
2025-09-23 07:00:00,all,61677,1296.0,1296.0,0.0,0.0,0.0,50.1,0.0,0.009397605,,420.0,"MULTILINESTRING ((12.456387 41.806848, 12.456424 41.806913))"
2025-09-23 07:00:00,all,61678,60.0,60.0,0.0,0.0,0.0,45.9,0.0,0.013533332,,420.0,"MULTILINESTRING ((12.456387 41.806848, 12.456423 41.806838, 12.45646 41.806831, 12.456508 41.80683))"
2025-09-23 07:00:00,all,61694,600.0,600.0,0.0,0.0,0.0,53.7,0.0,0.0136391055,,420.0,"MULTILINESTRING ((12.456424 41.806913, 12.456395 41.806931, 12.456355 41.806949, 12.45634 41.806958, 12.456305 41.806977))"
2025-09-23 07:00:00,all,61742,120.0,120.0,0.0,0.0,0.0,45.9,0.0,0.015179085,,420.0,"MULTILINESTRING ((12.456508 41.80683, 12.456468 41.806876, 12.456438 41.806904, 12.456424 41.806913))"
2025-09-23 07:00:00,all,61693,816.0,816.0,0.0,0.0,0.0,57.9,0.0,0.004941969,,420.0,"MULTILINESTRING ((12.456424 41.806913, 12.456448 41.806952))"
2025-09-23 07:00:00,all,62013,0.0,0.0,0.0,0.0,0.0,43.1,0.0,0.031794433,,420.0,"MULTILINESTRING ((12.45704 41.806516, 12.457098 41.806717))"
2025-09-23 07:00:00,all,62220,1236.0,1212.0,2.0,3.8888888,0.083333336,44.57832,16.348125,0.1605592,,420.0,"MULTILINESTRING ((12.45759 41.810398, 12.458028 41.810614, 12.458165 41.810676, 12.458272 41.810718, 12.458449 41.810791, 12.458557 41.810842, 12.458839 41.810919))"
2025-09-23 07:00:00,all,62303,420.0,384.0,0.0,2.4705882,0.0,55.283722,6.078605,0.22055678,,420.0,"MULTILINESTRING ((12.457815 41.809259, 12.458363 41.810232, 12.458839 41.810919))"
2025-09-23 07:00:00,all,61798,1272.0,1236.0,3.0,3.3888888,0.083333336,42.84877,17.100761,0.13902617,,420.0,"MULTILINESTRING ((12.456582 41.80992, 12.45677 41.81002, 12.456952 41.810105, 12.457243 41.81025, 12.457476 41.810341, 12.45759 41.810398))"
2025-09-23 07:00:00,all,62804,840.0,840.0,0.0,0.0,0.0,59.3,0.0,0.03547892,,420.0,"MULTILINESTRING ((12.458839 41.810919, 12.459236 41.811026))"
2025-09-23 07:00:00,all,66556,0.0,0.0,0.0,0.0,0.0,43.1,0.0,0.014363806,,420.0,"MULTILINESTRING ((12.467181 41.804818, 12.467271 41.804882))"
2025-09-23 07:00:00,all,65843,0.0,0.0,0.0,0.0,0.0,47.3,0.0,0.055419452,,420.0,"MULTILINESTRING ((12.465845 41.811849, 12.466048 41.811872, 12.466177 41.811976, 12.466256 41.812054))"
2025-09-23 07:00:00,all,65596,108.0,108.0,0.0,1.0,0.0,44.44301,12.423903,0.10866502,,420.0,"MULTILINESTRING ((12.465348 41.812329, 12.465341 41.812111, 12.465428 41.811974, 12.465475 41.811923, 12.465539 41.811888, 12.465694 41.811855, 12.465845 41.811849))"
2025-09-23 07:00:00,all,65911,0.0,0.0,0.0,0.0,0.0,47.3,0.0,0.028504439,,420.0,"MULTILINESTRING ((12.466159 41.812435, 12.466321 41.812597))"
2025-09-23 07:00:00,all,65899,84.0,84.0,0.0,0.0,0.0,47.3,0.0,0.0571129,,420.0,"MULTILINESTRING ((12.466256 41.812054, 12.466267 41.812221, 12.466267 41.812312, 12.466159 41.812435))"
2025-09-23 07:00:00,all,70729,120.0,108.0,0.0,1.5,0.0,46.28688,3.8211694,0.50884825,,420.0,"MULTILINESTRING ((12.474449 41.807714, 12.474974 41.807427, 12.475242 41.807159, 12.475409 41.80692, 12.475648 41.806642, 12.475835 41.806543, 12.476012 41.806457, 12.476241 41.806375, 12.476485 41.806339, 12.476734 41.806322, 12.477112 41.806382, 12.477781 41.806589, 12.47826 41.806742))"
2025-09-23 07:00:00,all,71952,2328.0,2328.0,0.0,0.5,0.0,104.805275,2.5945184,0.03677563,,420.0,"MULTILINESTRING ((12.476145 41.798044, 12.476915 41.797994))"
2025-09-23 07:00:00,all,75625,888.0,840.0,0.0,2.3823528,0.0,51.88353,10.585412,0.13013378,,420.0,"MULTILINESTRING ((12.482265 41.803631, 12.48238 41.803802, 12.48286 41.804294, 12.483053 41.80445))"
2025-09-23 07:00:00,all,64723,0.0,0.0,0.0,0.0,0.0,47.468,0.0,0.027334204,,420.0,"MULTILINESTRING ((12.463536 41.820584, 12.463281 41.820545))"
2025-09-23 07:00:00,all,76040,348.0,348.0,0.0,1.7058823,0.0,53.999836,8.511368,0.111347005,,420.0,"MULTILINESTRING ((12.482897 41.804594, 12.482795 41.804481, 12.48247 41.804162, 12.482233 41.80392, 12.482178 41.80387))"
2025-09-23 07:00:00,all,214274,0.0,0.0,0.0,0.0,0.0,47.468,0.0,0.040773157,,420.0,"MULTILINESTRING ((12.48423 41.807755, 12.484167 41.807743, 12.48411 41.807723, 12.484066 41.807644, 12.484022 41.80754))"
2025-09-23 07:00:00,all,71720,2328.0,2328.0,0.0,0.0,0.0,105.0,0.0,0.022566287,,420.0,"MULTILINESTRING ((12.475676 41.798101, 12.476145 41.798044))"
2025-09-23 07:00:00,all,69112,120.0,120.0,0.0,0.9285714,0.0,45.0293,9.4868355,0.13042174,,420.0,"MULTILINESTRING ((12.47128 41.809221, 12.472259 41.808731))"
2025-09-23 07:00:00,all,70024,120.0,120.0,0.0,0.0,0.0,47.3,0.0,0.09424694,,420.0,"MULTILINESTRING ((12.472722 41.808497, 12.473489 41.808152))"
2025-09-23 07:00:00,all,68307,204.0,204.0,0.0,0.0,0.0,47.3,0.0,0.009229599,,420.0,"MULTILINESTRING ((12.470118 41.809763, 12.470125 41.809729, 12.470136 41.809699))"
2025-09-23 07:00:00,all,68017,204.0,204.0,0.0,0.0,0.0,43.1,0.0,0.013436659,,420.0,"MULTILINESTRING ((12.469697 41.812163, 12.469617 41.8121))"
2025-09-23 07:00:00,all,68583,120.0,120.0,0.0,0.0,0.0,47.3,0.0,0.061457504,,420.0,"MULTILINESTRING ((12.470375 41.809583, 12.470488 41.809572, 12.470554 41.809562, 12.470634 41.80955, 12.470902 41.809419))"
2025-09-23 07:00:00,all,68942,120.0,120.0,0.0,0.0,0.0,47.3,0.0,0.027550528,,420.0,"MULTILINESTRING ((12.471004 41.80936, 12.471221 41.809251))"
2025-09-23 07:00:00,all,68889,120.0,120.0,0.0,0.0,0.0,47.3,0.0,0.013590698,,420.0,"MULTILINESTRING ((12.470902 41.809419, 12.471004 41.80936))"
2025-09-23 07:00:00,all,68584,84.0,84.0,0.0,0.0,0.0,47.3,0.0,0.043812685,,420.0,"MULTILINESTRING ((12.470375 41.809583, 12.47051 41.80959, 12.470562 41.809602, 12.470586 41.809627, 12.470616 41.809654, 12.470639 41.80969, 12.470639 41.809728, 12.470635 41.809753))"
2025-09-23 07:00:00,all,68348,204.0,204.0,0.0,0.0,0.0,47.3,0.0,0.0307611,,420.0,"MULTILINESTRING ((12.470136 41.809699, 12.470274 41.809605, 12.470375 41.809583))"
2025-09-23 07:00:00,all,68470,144.0,144.0,0.0,0.0,0.0,41.7,0.0,0.04251079,,420.0,"MULTILINESTRING ((12.470608 41.809812, 12.4706 41.809877, 12.470591 41.809911, 12.470596 41.809959, 12.470611 41.810023, 12.470624 41.810056, 12.47063 41.810074))"
2025-09-23 07:00:00,all,69172,0.0,0.0,0.0,0.0,0.0,41.7,0.0,0.029696403,,420.0,"MULTILINESTRING ((12.471419 41.809375, 12.47128 41.809221))"
2025-09-23 07:00:00,all,69076,120.0,120.0,0.0,0.0,0.0,47.3,0.0,0.0075183935,,420.0,"MULTILINESTRING ((12.471221 41.809251, 12.47128 41.809221))"
2025-09-23 07:00:00,all,68961,72.0,72.0,0.0,0.0,0.0,43.1,0.0,0.026168909,,420.0,"MULTILINESTRING ((12.471192 41.810913, 12.471224 41.810867, 12.471244 41.810848, 12.471278 41.810826, 12.471353 41.810806))"
2025-09-23 07:00:00,all,68965,132.0,132.0,0.0,0.0,0.0,44.5,0.0,0.014901574,,420.0,"MULTILINESTRING ((12.471229 41.81077, 12.471353 41.810806))"
2025-09-23 07:00:00,all,68973,192.0,192.0,0.0,0.0,0.0,44.5,0.0,0.032445844,,420.0,"MULTILINESTRING ((12.471425 41.811039, 12.47138 41.811041, 12.47135 41.811041, 12.471318 41.811041, 12.471295 41.811036, 12.47127 41.811026, 12.471245 41.811013, 12.471231 41.811002, 12.471214 41.810975, 12.471195 41.810949))"
2025-09-23 07:00:00,all,68962,192.0,192.0,0.0,0.0,0.0,44.5,0.0,0.021813035,,420.0,"MULTILINESTRING ((12.471192 41.810913, 12.471229 41.81077))"
2025-09-23 07:00:00,all,68817,204.0,204.0,0.0,0.0,0.0,43.1,0.0,0.06846821,,420.0,"MULTILINESTRING ((12.471103 41.811449, 12.470915 41.811453, 12.470796 41.811485, 12.47056 41.811594))"
2025-09-23 07:00:00,all,68818,72.0,72.0,0.0,0.0,0.0,43.1,0.0,0.035778657,,420.0,"MULTILINESTRING ((12.471103 41.811449, 12.471048 41.811426, 12.471024 41.811409, 12.471014 41.811386, 12.471007 41.81136, 12.471008 41.811333, 12.471006 41.811326, 12.471011 41.811309, 12.471019 41.811291, 12.471047 41.811259))"
2025-09-23 07:00:00,all,68850,0.0,0.0,0.0,0.0,0.0,43.1,0.0,0.027981438,,420.0,"MULTILINESTRING ((12.471084 41.811234, 12.471147 41.811223, 12.471202 41.811233, 12.471235 41.811242, 12.471267 41.811274, 12.471292 41.811289))"
2025-09-23 07:00:00,all,68801,72.0,72.0,0.0,0.0,0.0,43.1,0.0,0.0057689096,,420.0,"MULTILINESTRING ((12.471047 41.811259, 12.471084 41.811234))"
2025-09-23 07:00:00,all,68941,264.0,264.0,0.0,0.0,0.0,44.5,0.0,0.005402697,,420.0,"MULTILINESTRING ((12.471195 41.810949, 12.471192 41.810913))"
2025-09-23 07:00:00,all,68885,72.0,72.0,0.0,0.0,0.0,43.1,0.0,0.050825987,,420.0,"MULTILINESTRING ((12.47161 41.811528, 12.471181 41.811457))"
2025-09-23 07:00:00,all,68894,204.0,204.0,0.0,0.0,0.0,43.1,0.0,0.025980975,,420.0,"MULTILINESTRING ((12.471304 41.811336, 12.471297 41.811379, 12.471282 41.811411, 12.471252 41.811432, 12.471218 41.811451, 12.471181 41.811457))"
2025-09-23 07:00:00,all,68856,276.0,276.0,0.0,0.0,0.0,43.1,0.0,0.009107193,,420.0,"MULTILINESTRING ((12.471181 41.811457, 12.471103 41.811449))"
2025-09-23 07:00:00,all,69022,204.0,204.0,0.0,0.0,0.0,44.5,0.0,0.014448538,,420.0,"MULTILINESTRING ((12.471353 41.810806, 12.471476 41.810835))"
2025-09-23 07:00:00,all,69048,0.0,0.0,0.0,0.0,0.0,43.1,0.0,0.02814153,,420.0,"MULTILINESTRING ((12.471476 41.810835, 12.471478 41.811017))"
2025-09-23 07:00:00,all,70427,120.0,120.0,0.0,0.9230769,0.0,44.79865,10.397938,0.118898675,,420.0,"MULTILINESTRING ((12.473489 41.808152, 12.474402 41.807737))"
2025-09-23 07:00:00,all,70691,0.0,0.0,0.0,0.0,0.0,41.7,0.0,0.0339741,,420.0,"MULTILINESTRING ((12.474402 41.807737, 12.474417 41.807782, 12.474435 41.807815, 12.474462 41.807853, 12.474491 41.807873, 12.474561 41.807898))"
2025-09-23 07:00:00,all,70800,0.0,0.0,0.0,0.0,0.0,41.7,0.0,0.036782734,,420.0,"MULTILINESTRING ((12.474615 41.807872, 12.474574 41.807864, 12.474539 41.807859, 12.474489 41.807835, 12.474461 41.807794, 12.474447 41.807753, 12.474449 41.807714))"
2025-09-23 07:00:00,all,70692,120.0,120.0,0.0,0.0,0.0,47.3,0.0,0.0059200847,,420.0,"MULTILINESTRING ((12.474402 41.807737, 12.474449 41.807714))"
2025-09-23 07:00:00,all,75965,0.0,0.0,0.0,0.0,0.0,47.468,0.0,0.018510155,,420.0,"MULTILINESTRING ((12.482766 41.80508, 12.482839 41.80496))"
2025-09-23 07:00:00,all,69884,120.0,120.0,0.0,0.0,0.0,47.3,0.0,0.022831714,,420.0,"MULTILINESTRING ((12.472491 41.808614, 12.472672 41.808525))"
2025-09-23 07:00:00,all,69742,120.0,120.0,0.0,0.0,0.0,47.3,0.0,0.029492602,,420.0,"MULTILINESTRING ((12.472259 41.808731, 12.472491 41.808614))"
2025-09-23 07:00:00,all,69980,120.0,120.0,0.0,0.0,0.0,47.3,0.0,0.0065835095,,420.0,"MULTILINESTRING ((12.472672 41.808525, 12.472722 41.808497))"
2025-09-23 07:00:00,all,70592,96.0,96.0,0.0,0.0,0.0,43.1,0.0,0.048850585,,420.0,"MULTILINESTRING ((12.473899 41.812326, 12.473942 41.812392, 12.473983 41.812449, 12.473989 41.812465, 12.47407 41.812512, 12.474168 41.812554))"
2025-09-23 07:00:00,all,74363,108.0,108.0,0.0,1.0,0.0,45.222622,9.488566,0.13982823,,420.0,"MULTILINESTRING ((12.480438 41.80752, 12.480826 41.807688, 12.480995 41.80777, 12.481166 41.807862, 12.48126 41.807942, 12.48138 41.808039, 12.481437 41.80809))"
2025-09-23 07:00:00,all,73797,0.0,0.0,0.0,0.0,0.0,50.9,0.0,0.31782198,,420.0,"MULTILINESTRING ((12.480135 41.797723, 12.479411 41.797913, 12.479371 41.797975, 12.479332 41.798053, 12.479314 41.798147, 12.479345 41.798243, 12.479433 41.798364, 12.479539 41.798424, 12.479698 41.798479, 12.479925 41.798533, 12.480104 41.798553, 12.480235 41.798544, 12.480347 41.798522, 12.480467 41.798464, 12.48057 41.798399, 12.480629 41.798338, 12.480726 41.797988))"
2025-09-23 07:00:00,all,73979,684.0,684.0,0.0,0.0,0.0,105.0,0.0,0.060429145,,420.0,"MULTILINESTRING ((12.480084 41.797612, 12.480488 41.797575, 12.481043 41.797499, 12.481336 41.797447))"
2025-09-23 07:00:00,all,74892,516.0,516.0,0.0,2.5,0.0,51.759087,10.419098,0.13907355,,420.0,"MULTILINESTRING ((12.480988 41.800754, 12.480935 41.800045, 12.480927 41.799675))"
2025-09-23 07:00:00,all,74924,1176.0,1152.0,1.0,2.6744187,0.023255814,49.68819,11.461545,0.14098883,,420.0,"MULTILINESTRING ((12.481066 41.79966, 12.481083 41.799883, 12.481157 41.800709))"
2025-09-23 07:00:00,all,72955,480.0,468.0,0.0,1.1142857,0.0,104.32134,2.0357382,0.10493769,,420.0,"MULTILINESTRING ((12.477318 41.79794, 12.479486 41.797682))"
2025-09-23 07:00:00,all,72571,2328.0,2328.0,0.0,0.0,0.0,105.0,0.0,0.012419428,,420.0,"MULTILINESTRING ((12.476915 41.797994, 12.477174 41.797967))"
2025-09-23 07:00:00,all,72914,2328.0,2328.0,0.0,0.0,0.0,105.0,0.0,0.007050286,,420.0,"MULTILINESTRING ((12.477174 41.797967, 12.477318 41.79794))"
2025-09-23 07:00:00,all,73781,468.0,468.0,0.0,0.0,0.0,105.0,0.0,0.028746286,,420.0,"MULTILINESTRING ((12.479486 41.797682, 12.480084 41.797612))"
2025-09-23 07:00:00,all,74779,396.0,384.0,8.0,1.8367347,0.3469388,34.569054,7.631685,0.41991434,,420.0,"MULTILINESTRING ((12.480899 41.79821, 12.480987 41.798347, 12.481083 41.798407, 12.481184 41.798448, 12.481325 41.798477, 12.481498 41.798482, 12.481618 41.798455, 12.481722 41.798403, 12.481817 41.798334, 12.48194 41.79824, 12.48204 41.798151, 12.482115 41.798063, 12.482154 41.797996, 12.482131 41.79792, 12.48211 41.797856, 12.482027 41.797754, 12.481825 41.797603, 12.481343 41.797598, 12.481267 41.797585))"
2025-09-23 07:00:00,all,75346,216.0,216.0,0.0,0.95652175,0.0,104.6437,1.5121032,0.120901115,,420.0,"MULTILINESTRING ((12.481336 41.797447, 12.483836 41.797124))"
2025-09-23 07:00:00,all,75202,984.0,972.0,0.0,2.5405405,0.0,50.44767,12.398445,0.12185379,,420.0,"MULTILINESTRING ((12.481513 41.80182, 12.481607 41.802074, 12.481729 41.802408, 12.481837 41.80271))"
2025-09-23 07:00:00,all,75359,480.0,480.0,0.0,2.0454545,0.0,53.93268,8.57561,0.13267651,,420.0,"MULTILINESTRING ((12.481687 41.802765, 12.481623 41.802613, 12.481511 41.802335, 12.481374 41.802016, 12.481284 41.801735))"
2025-09-23 07:00:00,all,74792,0.0,0.0,0.0,0.0,0.0,41.7,0.0,0.03387626,,420.0,"MULTILINESTRING ((12.480873 41.801492, 12.480796 41.801288))"
2025-09-23 07:00:00,all,74994,168.0,168.0,0.0,0.0,0.0,43.1,0.0,0.048462182,,420.0,"MULTILINESTRING ((12.481187 41.800904, 12.481268 41.800965, 12.481325 41.801006, 12.481396 41.801065, 12.481486 41.801123))"
2025-09-23 07:00:00,all,75056,984.0,984.0,0.0,0.0,0.0,57.268,0.0,0.04587169,,420.0,"MULTILINESTRING ((12.481256 41.801128, 12.481314 41.801293, 12.481396 41.801508))"
2025-09-23 07:00:00,all,75113,468.0,468.0,0.0,0.0,0.0,57.268,0.0,0.051094502,,420.0,"MULTILINESTRING ((12.481241 41.80161, 12.481199 41.80154, 12.481156 41.801457, 12.481072 41.801191))"
2025-09-23 07:00:00,all,75147,468.0,468.0,0.0,0.0,0.0,57.268,0.0,0.015020954,,420.0,"MULTILINESTRING ((12.481284 41.801735, 12.481241 41.80161))"
2025-09-23 07:00:00,all,74942,516.0,516.0,0.0,0.0,0.0,57.268,0.0,0.026085772,,420.0,"MULTILINESTRING ((12.481011 41.800976, 12.480986 41.800896, 12.480988 41.800754))"
2025-09-23 07:00:00,all,74945,1152.0,1152.0,0.0,0.0,0.0,52.9,0.0,0.02473724,,420.0,"MULTILINESTRING ((12.481157 41.800709, 12.481167 41.800798, 12.481187 41.800904))"
2025-09-23 07:00:00,all,74984,516.0,516.0,0.0,0.0,0.0,52.9,0.0,0.027710017,,420.0,"MULTILINESTRING ((12.481072 41.801191, 12.481055 41.801111, 12.481011 41.800976))"
2025-09-23 07:00:00,all,74995,984.0,984.0,0.0,0.0,0.0,52.9,0.0,0.029040454,,420.0,"MULTILINESTRING ((12.481187 41.800904, 12.481228 41.801071, 12.481256 41.801128))"
2025-09-23 07:00:00,all,75155,984.0,984.0,0.0,0.0,0.0,57.268,0.0,0.037723683,,420.0,"MULTILINESTRING ((12.481396 41.801508, 12.481475 41.801734, 12.481513 41.80182))"
2025-09-23 07:00:00,all,75534,888.0,888.0,0.0,0.0,0.0,57.268,0.0,0.047529157,,420.0,"MULTILINESTRING ((12.482055 41.803254, 12.482265 41.803631))"
2025-09-23 07:00:00,all,75403,480.0,480.0,0.0,0.0,0.0,57.268,0.0,0.025118738,,420.0,"MULTILINESTRING ((12.481764 41.802973, 12.481725 41.802874, 12.481687 41.802765))"
2025-09-23 07:00:00,all,75417,972.0,972.0,0.0,0.5,0.0,52.05396,10.956263,0.02630117,,420.0,"MULTILINESTRING ((12.481837 41.80271, 12.481868 41.802786, 12.48191 41.802908))"
2025-09-23 07:00:00,all,75480,480.0,480.0,0.0,0.0,0.0,57.268,0.0,0.04298526,,420.0,"MULTILINESTRING ((12.481905 41.803327, 12.481764 41.802973))"
2025-09-23 07:00:00,all,75456,972.0,972.0,0.0,0.0,0.0,52.9,0.0,0.045680527,,420.0,"MULTILINESTRING ((12.48191 41.802908, 12.482055 41.803254))"
2025-09-23 07:00:00,all,74300,108.0,108.0,0.0,0.0,0.0,47.3,0.0,0.0136553915,,420.0,"MULTILINESTRING ((12.48032 41.80748, 12.480438 41.80752))"
2025-09-23 07:00:00,all,75180,108.0,108.0,0.0,0.93333334,0.0,44.820335,9.79569,0.12754925,,420.0,"MULTILINESTRING ((12.481437 41.80809, 12.48178 41.808388, 12.481917 41.80853, 12.481999 41.808607, 12.482192 41.808732))"
2025-09-23 07:00:00,all,72987,108.0,108.0,0.0,0.0,0.0,47.3,0.0,0.07936237,,420.0,"MULTILINESTRING ((12.47826 41.806742, 12.47892 41.807013))"
2025-09-23 07:00:00,all,72962,0.0,0.0,0.0,0.0,0.0,43.1,0.0,0.026888633,,420.0,"MULTILINESTRING ((12.478186 41.806853, 12.478164 41.806824, 12.47815 41.806807, 12.478156 41.806784, 12.478168 41.806765, 12.47819 41.80675, 12.47821 41.806743, 12.47826 41.806742))"
2025-09-23 07:00:00,all,73582,108.0,108.0,0.0,0.0,0.0,47.3,0.0,0.09675857,,420.0,"MULTILINESTRING ((12.479246 41.807116, 12.479686 41.80725, 12.479835 41.8073, 12.480091 41.807384))"
2025-09-23 07:00:00,all,75860,0.0,0.0,0.0,0.0,0.0,47.468,0.0,0.15196301,,420.0,"MULTILINESTRING ((12.482597 41.806155, 12.482766 41.80508))"
2025-09-23 07:00:00,all,73474,108.0,108.0,0.0,0.0,0.0,47.3,0.0,0.025297675,,420.0,"MULTILINESTRING ((12.479025 41.807046, 12.479246 41.807116))"
2025-09-23 07:00:00,all,73405,0.0,0.0,0.0,0.0,0.0,41.7,0.0,0.029002877,,420.0,"MULTILINESTRING ((12.478949 41.807213, 12.478951 41.807165, 12.478966 41.807114, 12.478989 41.807083, 12.479025 41.807046))"
2025-09-23 07:00:00,all,73380,108.0,108.0,0.0,0.0,0.0,47.3,0.0,0.012005075,,420.0,"MULTILINESTRING ((12.47892 41.807013, 12.479025 41.807046))"
2025-09-23 07:00:00,all,74159,108.0,108.0,0.0,0.0,0.0,47.3,0.0,0.027671035,,420.0,"MULTILINESTRING ((12.480091 41.807384, 12.48032 41.80748))"
2025-09-23 07:00:00,all,76783,360.0,360.0,1.0,2.3043478,0.04347826,51.179256,8.214206,0.16455337,,420.0,"MULTILINESTRING ((12.484371 41.807669, 12.484306 41.807276, 12.484266 41.807164, 12.48401 41.806437))"
2025-09-23 07:00:00,all,74309,0.0,0.0,0.0,0.0,0.0,41.7,0.0,0.04005755,,420.0,"MULTILINESTRING ((12.480342 41.807749, 12.480337 41.807683, 12.480355 41.807612, 12.480377 41.807573, 12.480438 41.80752))"
2025-09-23 07:00:00,all,76091,840.0,792.0,0.0,3.6888888,0.0,52.812756,8.55458,0.24495104,,420.0,"MULTILINESTRING ((12.483053 41.80445, 12.483314 41.804759, 12.48345 41.804887, 12.483624 41.805078, 12.483729 41.805218, 12.483949 41.805578, 12.484118 41.805869, 12.484254 41.806159))"
2025-09-23 07:00:00,all,76598,360.0,348.0,0.0,2.52,0.0,54.92767,6.252667,0.22012295,,420.0,"MULTILINESTRING ((12.483907 41.806232, 12.483592 41.805534, 12.483339 41.805105, 12.482897 41.804594))"
2025-09-23 07:00:00,all,214273,0.0,0.0,0.0,0.0,0.0,47.468,0.0,0.019326704,,420.0,"MULTILINESTRING ((12.48423 41.807755, 12.484302 41.807724, 12.484343 41.807694, 12.484371 41.807669))"
2025-09-23 07:00:00,all,75966,0.0,0.0,0.0,0.0,0.0,47.468,0.0,0.01737381,,420.0,"MULTILINESTRING ((12.482766 41.80508, 12.482919 41.805033))"
2025-09-23 07:00:00,all,76627,360.0,360.0,0.0,0.0,0.0,57.268,0.0,0.025485436,,420.0,"MULTILINESTRING ((12.48401 41.806437, 12.483907 41.806232))"
2025-09-23 07:00:00,all,76628,0.0,0.0,0.0,0.0,0.0,46.068,0.0,0.040341236,,420.0,"MULTILINESTRING ((12.48401 41.806437, 12.484109 41.806359, 12.484169 41.806338, 12.48423 41.806328, 12.484327 41.806347))"
2025-09-23 07:00:00,all,76736,792.0,792.0,0.0,0.0,0.0,57.268,0.0,0.022782356,,420.0,"MULTILINESTRING ((12.484254 41.806159, 12.484327 41.806347))"
2025-09-23 07:00:00,all,214276,108.0,108.0,0.0,0.0,0.0,51.668,0.0,0.02597391,,420.0,"MULTILINESTRING ((12.484459 41.80884, 12.484503 41.808799, 12.484551 41.808764, 12.484577 41.808719, 12.484605 41.808674))"
2025-09-23 07:00:00,all,76679,0.0,0.0,0.0,0.0,0.0,47.468,0.0,0.028835848,,420.0,"MULTILINESTRING ((12.484084 41.807925, 12.484104 41.807873, 12.484147 41.807826, 12.48423 41.807755))"
2025-09-23 07:00:00,all,75640,0.0,0.0,0.0,0.0,0.0,47.468,0.0,0.10365257,,420.0,"MULTILINESTRING ((12.482188 41.810844, 12.483006 41.810431))"
2025-09-23 07:00:00,all,76507,108.0,108.0,0.0,0.0,0.0,43.1,0.0,0.090534575,,420.0,"MULTILINESTRING ((12.483769 41.810399, 12.484221 41.810877))"
2025-09-23 07:00:00,all,74437,0.0,0.0,0.0,0.0,0.0,43.1,0.0,0.08936659,,420.0,"MULTILINESTRING ((12.480537 41.809761, 12.481189 41.809451))"
2025-09-23 07:00:00,all,75012,0.0,0.0,0.0,0.0,0.0,43.1,0.0,0.08566636,,420.0,"MULTILINESTRING ((12.481189 41.809451, 12.481828 41.809171))"
2025-09-23 07:00:00,all,75428,0.0,0.0,0.0,0.0,0.0,43.1,0.0,0.047541995,,420.0,"MULTILINESTRING ((12.481861 41.809151, 12.481899 41.809129, 12.481991 41.809053, 12.482029 41.809019, 12.482132 41.808921))"
2025-09-23 07:00:00,all,75404,0.0,0.0,0.0,0.0,0.0,43.1,0.0,0.004911369,,420.0,"MULTILINESTRING ((12.481828 41.809171, 12.481861 41.809151))"
2025-09-23 07:00:00,all,75623,108.0,108.0,0.0,0.0,0.0,47.3,0.0,0.010943341,,420.0,"MULTILINESTRING ((12.482192 41.808732, 12.482281 41.808772))"
2025-09-23 07:00:00,all,75763,0.0,0.0,0.0,0.0,0.0,43.1,0.0,0.06978237,,420.0,"MULTILINESTRING ((12.482403 41.809755, 12.482438 41.809654, 12.482471 41.80954, 12.482504 41.809311))"
2025-09-23 07:00:00,all,75875,0.0,0.0,0.0,0.0,0.0,47.3,0.0,0.08976913,,420.0,"MULTILINESTRING ((12.482692 41.809525, 12.482672 41.809404, 12.482684 41.809338, 12.482712 41.809272, 12.482757 41.809224, 12.482826 41.809183, 12.4829 41.809145, 12.482996 41.809118, 12.483144 41.809111))"
2025-09-23 07:00:00,all,76249,0.0,0.0,0.0,0.0,0.0,47.3,0.0,0.06809556,,420.0,"MULTILINESTRING ((12.483259 41.809123, 12.483316 41.809158, 12.483364 41.809184, 12.483419 41.809231, 12.483457 41.809278, 12.48348 41.809335, 12.483486 41.809421, 12.483468 41.809541))"
2025-09-23 07:00:00,all,76290,108.0,108.0,0.0,0.0,0.0,44.5,0.0,0.03493483,,420.0,"MULTILINESTRING ((12.483358 41.80996, 12.483537 41.810151))"
2025-09-23 07:00:00,all,76190,108.0,108.0,0.0,0.0,0.0,47.3,0.0,0.012239747,,420.0,"MULTILINESTRING ((12.483144 41.809111, 12.483259 41.809123))"
2025-09-23 07:00:00,all,76283,108.0,108.0,0.0,0.0,0.0,47.3,0.0,0.022484144,,420.0,"MULTILINESTRING ((12.483336 41.809802, 12.483337 41.809876, 12.483347 41.809928, 12.483358 41.80996))"
2025-09-23 07:00:00,all,76094,0.0,0.0,0.0,0.0,0.0,43.1,0.0,0.04126079,,420.0,"MULTILINESTRING ((12.483006 41.810431, 12.483301 41.810281))"
2025-09-23 07:00:00,all,76392,108.0,108.0,0.0,0.0,0.0,43.1,0.0,0.04680557,,420.0,"MULTILINESTRING ((12.483537 41.810151, 12.483769 41.810399))"
2025-09-23 07:00:00,all,76925,0.0,0.0,0.0,0.0,0.0,43.1,0.0,0.1974738,,420.0,"MULTILINESTRING ((12.484555 41.800268, 12.485109 41.801476))"
2025-09-23 07:00:00,all,77301,0.0,0.0,0.0,0.0,0.0,43.1,0.0,0.05063527,,420.0,"MULTILINESTRING ((12.485109 41.801476, 12.484694 41.80158))"
2025-09-23 07:00:00,all,77250,768.0,768.0,0.0,0.0,0.0,57.268,0.0,0.015317454,,420.0,"MULTILINESTRING ((12.484953 41.808558, 12.484988 41.808687))"
2025-09-23 07:00:00,all,78802,0.0,0.0,0.0,0.0,0.0,43.1,0.0,0.08195499,,420.0,"MULTILINESTRING ((12.488127 41.812267, 12.488642 41.811903))"
2025-09-23 07:00:00,all,77056,768.0,768.0,0.0,0.0,0.0,57.268,0.0,0.07744953,,420.0,"MULTILINESTRING ((12.48473 41.807748, 12.484902 41.808401))"
2025-09-23 07:00:00,all,77223,768.0,768.0,0.0,0.0,0.0,57.268,0.0,0.018802121,,420.0,"MULTILINESTRING ((12.484902 41.808401, 12.484953 41.808558))"
2025-09-23 07:00:00,all,77650,576.0,576.0,0.0,0.0,0.0,57.268,0.0,0.01708179,,420.0,"MULTILINESTRING ((12.485781 41.810522, 12.485894 41.810642))"
2025-09-23 07:00:00,all,77268,576.0,576.0,0.0,0.0,0.0,57.268,0.0,0.09943982,,420.0,"MULTILINESTRING ((12.484988 41.808687, 12.485175 41.80953))"
2025-09-23 07:00:00,all,77283,252.0,252.0,0.0,0.0,0.0,57.268,0.0,0.020889152,,420.0,"MULTILINESTRING ((12.484725 41.80916, 12.484666 41.808986))"
2025-09-23 07:00:00,all,77436,576.0,576.0,0.0,0.0,0.0,57.268,0.0,0.03304044,,420.0,"MULTILINESTRING ((12.485572 41.810285, 12.485781 41.810522))"
2025-09-23 07:00:00,all,214277,0.0,0.0,0.0,0.0,0.0,47.468,0.0,0.08365088,,420.0,"MULTILINESTRING ((12.484241 41.808501, 12.484119 41.80829, 12.484084 41.807925))"
2025-09-23 07:00:00,all,76928,360.0,360.0,0.0,0.0,0.0,57.268,0.0,0.036745127,,420.0,"MULTILINESTRING ((12.484605 41.808674, 12.48454 41.808362))"
2025-09-23 07:00:00,all,77002,252.0,252.0,0.0,0.0,0.0,57.268,0.0,0.03669379,,420.0,"MULTILINESTRING ((12.484666 41.808986, 12.484605 41.808674))"
2025-09-23 07:00:00,all,77381,576.0,576.0,0.0,0.0,0.0,57.268,0.0,0.09527729,,420.0,"MULTILINESTRING ((12.485175 41.80953, 12.485299 41.809913, 12.485359 41.810009, 12.485572 41.810285))"
2025-09-23 07:00:00,all,76992,108.0,108.0,0.0,0.0,0.0,43.1,0.0,0.08093596,,420.0,"MULTILINESTRING ((12.484651 41.811379, 12.48503 41.811819))"
2025-09-23 07:00:00,all,77808,0.0,0.0,0.0,0.0,0.0,47.468,0.0,0.1042593,,420.0,"MULTILINESTRING ((12.486069 41.811622, 12.486075 41.811509, 12.486067 41.811445, 12.486044 41.81135, 12.486002 41.811247, 12.485938 41.811124, 12.485807 41.810917))"
2025-09-23 07:00:00,all,77924,576.0,576.0,0.0,0.0,0.0,52.9,0.0,0.073720604,,420.0,"MULTILINESTRING ((12.48636 41.811493, 12.486368 41.811557, 12.48636 41.811747, 12.486366 41.811924, 12.486359 41.811992, 12.486372 41.812077))"
2025-09-23 07:00:00,all,76869,108.0,108.0,0.0,0.0,0.0,43.1,0.0,0.024299305,,420.0,"MULTILINESTRING ((12.484467 41.811165, 12.484581 41.811297))"
2025-09-23 07:00:00,all,77253,108.0,108.0,0.0,0.0,0.0,43.1,0.0,0.039807428,,420.0,"MULTILINESTRING ((12.48503 41.811819, 12.485087 41.811879, 12.485145 41.811947, 12.48521 41.812038))"
2025-09-23 07:00:00,all,77710,576.0,576.0,0.0,0.0,0.0,57.268,0.0,0.027565133,,420.0,"MULTILINESTRING ((12.485894 41.810642, 12.485975 41.810758, 12.486018 41.810859))"
2025-09-23 07:00:00,all,77795,576.0,576.0,4.0,0.0,2.3333333,57.267838,0.0,0.080612786,,420.0,"MULTILINESTRING ((12.486018 41.810859, 12.486116 41.810985, 12.486241 41.811133, 12.486305 41.81127, 12.48636 41.811493))"
2025-09-23 07:00:00,all,77489,0.0,0.0,0.0,0.0,0.0,47.468,0.0,0.033505097,,420.0,"MULTILINESTRING ((12.48547 41.811606, 12.485624 41.811815))"
2025-09-23 07:00:00,all,78665,0.0,0.0,0.0,0.0,0.0,43.1,0.0,0.045413457,,420.0,"MULTILINESTRING ((12.487842 41.812469, 12.488127 41.812267))"
2025-09-23 07:00:00,all,71929,0.0,0.0,0.0,0.0,0.0,55.868,0.0,0.15110081,,420.0,"MULTILINESTRING ((12.47609 41.845928, 12.476279 41.845706, 12.476406 41.845549, 12.476565 41.845275, 12.476765 41.844824, 12.476784 41.84478))"
2025-09-23 07:00:00,all,72416,360.0,360.0,0.0,1.6666666,0.0,61.99193,3.2968502,0.1630964,,420.0,"MULTILINESTRING ((12.477069 41.844703, 12.477472 41.845, 12.478541 41.845747))"
2025-09-23 07:00:00,all,72803,0.0,0.0,0.0,0.0,0.0,61.468,0.0,0.16786979,,420.0,"MULTILINESTRING ((12.477787 41.844558, 12.47807 41.844736, 12.4782 41.844842, 12.478243 41.844912, 12.478272 41.844945, 12.478294 41.844977, 12.478335 41.845028, 12.478376 41.845091, 12.478399 41.845135, 12.478447 41.845226, 12.478509 41.845403, 12.478541 41.845489, 12.47857 41.845557, 12.478635 41.845635, 12.478691 41.84571, 12.478736 41.845752, 12.478781 41.845802, 12.478848 41.845844))"
2025-09-23 07:00:00,all,73667,168.0,168.0,0.0,0.0,0.0,57.268,0.0,0.09407767,,420.0,"MULTILINESTRING ((12.479355 41.845482, 12.479914 41.84479))"
2025-09-23 07:00:00,all,74148,0.0,0.0,0.0,0.0,0.0,54.468,0.0,0.16326064,,420.0,"MULTILINESTRING ((12.480064 41.844927, 12.481346 41.845856))"
2025-09-23 07:00:00,all,76173,0.0,0.0,0.0,0.0,0.0,48.1,0.0,0.22609647,,420.0,"MULTILINESTRING ((12.483117 41.819348, 12.485078 41.820063))"
2025-09-23 07:00:00,all,75936,0.0,0.0,0.0,0.0,0.0,45.7,0.0,0.08227877,,420.0,"MULTILINESTRING ((12.482705 41.845066, 12.483264 41.845445))"
2025-09-23 07:00:00,all,75993,0.0,0.0,0.0,0.0,0.0,45.9,0.0,0.22690849,,420.0,"MULTILINESTRING ((12.482828 41.837958, 12.484439 41.837887, 12.484915 41.837892))"
2025-09-23 07:00:00,all,64727,0.0,0.0,0.0,0.0,0.0,47.468,0.0,0.048304122,,420.0,"MULTILINESTRING ((12.463553 41.820495, 12.463744 41.820182))"
2025-09-23 07:00:00,all,76252,0.0,0.0,0.0,0.0,0.0,45.7,0.0,0.022039825,,420.0,"MULTILINESTRING ((12.483264 41.845445, 12.483419 41.845348))"
2025-09-23 07:00:00,all,76487,48.0,48.0,0.0,1.0,0.0,46.95282,11.110741,0.1150129,,420.0,"MULTILINESTRING ((12.483725 41.813351, 12.484613 41.812887))"
2025-09-23 07:00:00,all,76580,0.0,0.0,0.0,0.0,0.0,43.1,0.0,0.27775964,,420.0,"MULTILINESTRING ((12.483911 41.823945, 12.484069 41.82369, 12.48423 41.823532, 12.48426 41.823502, 12.484484 41.823339, 12.484707 41.823213, 12.484988 41.822994, 12.485197 41.822765, 12.485292 41.822628, 12.485335 41.822532))"
2025-09-23 07:00:00,all,76815,228.0,228.0,0.0,0.0,0.0,57.268,0.0,0.01647412,,420.0,"MULTILINESTRING ((12.484337 41.815542, 12.484394 41.815407))"
2025-09-23 07:00:00,all,65980,576.0,528.0,4.0,4.34375,1.6875,13.930756,20.857954,0.9361129,,420.0,"MULTILINESTRING ((12.466139 41.82244, 12.466799 41.822645, 12.467086 41.822728, 12.467291 41.822788, 12.467643 41.822926, 12.467741 41.822986, 12.467827 41.823099, 12.467917 41.823233, 12.467998 41.823358, 12.468076 41.823492, 12.468058 41.823562))"
2025-09-23 07:00:00,all,66875,0.0,0.0,0.0,0.0,0.0,50.9,0.0,0.07584164,,420.0,"MULTILINESTRING ((12.467686 41.816718, 12.468233 41.816308))"
2025-09-23 07:00:00,all,66651,0.0,0.0,0.0,0.0,0.0,47.3,0.0,0.44392896,,420.0,"MULTILINESTRING ((12.467305 41.813442, 12.46768 41.813703, 12.467751 41.813761, 12.467863 41.813844, 12.46796 41.813884, 12.468048 41.813927, 12.468142 41.813944, 12.468253 41.813978, 12.468406 41.814001, 12.468699 41.814045, 12.470283 41.814225, 12.4704 41.814224, 12.47068 41.814149, 12.471132 41.813938))"
2025-09-23 07:00:00,all,66879,12.0,12.0,0.0,0.6666667,0.0,44.187183,5.3216257,0.17010589,,420.0,"MULTILINESTRING ((12.467691 41.818584, 12.467883 41.818207, 12.467943 41.818081, 12.468092 41.817732, 12.468201 41.817523))"
2025-09-23 07:00:00,all,66785,24.0,24.0,0.0,0.0,0.0,43.1,0.0,0.08389977,,420.0,"MULTILINESTRING ((12.467546 41.835879, 12.468221 41.83568))"
2025-09-23 07:00:00,all,66827,780.0,720.0,4.0,4.0,0.11764706,61.71719,4.870621,0.26632872,,420.0,"MULTILINESTRING ((12.467602 41.823736, 12.468786 41.826038))"
2025-09-23 07:00:00,all,66862,300.0,300.0,0.0,0.0,0.0,52.7,0.0,0.046338897,,420.0,"MULTILINESTRING ((12.467667 41.81929, 12.468127 41.819416))"
2025-09-23 07:00:00,all,66912,0.0,0.0,0.0,0.0,0.0,43.1,0.0,0.07997958,,420.0,"MULTILINESTRING ((12.467757 41.833812, 12.468052 41.833731, 12.468228 41.833683, 12.468397 41.833748))"
2025-09-23 07:00:00,all,66975,780.0,744.0,1.0,3.4651163,0.046511628,52.331966,7.821469,0.25404853,,420.0,"MULTILINESTRING ((12.46788 41.843077, 12.468356 41.842937, 12.468453 41.842909, 12.468788 41.842804, 12.469607 41.842548, 12.470103 41.842393, 12.470346 41.842316))"
2025-09-23 07:00:00,all,67220,0.0,0.0,0.0,0.0,0.0,43.1,0.0,0.11113504,,420.0,"MULTILINESTRING ((12.468341 41.829707, 12.467441 41.829959))"
2025-09-23 07:00:00,all,67475,0.0,0.0,0.0,0.0,0.0,43.1,0.0,0.19019723,,420.0,"MULTILINESTRING ((12.468803 41.816753, 12.468134 41.817181, 12.467686 41.816718))"
2025-09-23 07:00:00,all,67561,840.0,792.0,1.0,5.4871793,0.025641026,64.37177,5.3641043,0.3178822,,420.0,"MULTILINESTRING ((12.468953 41.826364, 12.46952 41.827423, 12.469583 41.82754, 12.469762 41.827874, 12.469795 41.827936, 12.469835 41.828061, 12.46984 41.828159, 12.469834 41.828254, 12.469802 41.828331, 12.469708 41.828482, 12.469175 41.829185))"
2025-09-23 07:00:00,all,69562,0.0,0.0,0.0,0.0,0.0,43.1,0.0,0.20869143,,420.0,"MULTILINESTRING ((12.47204 41.828538, 12.472704 41.829793))"
2025-09-23 07:00:00,all,73504,408.0,408.0,0.0,0.0,0.0,57.268,0.0,0.050379965,,420.0,"MULTILINESTRING ((12.478897 41.827516, 12.478955 41.827695, 12.479022 41.827899, 12.479044 41.827934))"
2025-09-23 07:00:00,all,60804,0.0,0.0,0.0,0.0,0.0,43.1,0.0,0.19528538,,420.0,"MULTILINESTRING ((12.453945 41.820179, 12.453973 41.820127, 12.455195 41.820772, 12.455133 41.820847))"
2025-09-23 07:00:00,all,62865,60.0,36.0,0.0,1.375,0.0,46.520504,5.9484925,0.2981279,,420.0,"MULTILINESTRING ((12.459045 41.825085, 12.459341 41.825113, 12.459452 41.82514, 12.459537 41.825186, 12.459683 41.825292, 12.459788 41.82539, 12.459893 41.825508, 12.459988 41.825644, 12.460051 41.825793, 12.460073 41.825904, 12.460086 41.826048, 12.460062 41.826352, 12.459963 41.826748))"
2025-09-23 07:00:00,all,64753,0.0,0.0,0.0,0.0,0.0,47.468,0.0,0.083175614,,420.0,"MULTILINESTRING ((12.463607 41.820561, 12.46372 41.820682, 12.463807 41.820831, 12.463944 41.821094))"
2025-09-23 07:00:00,all,64866,0.0,0.0,0.0,0.0,0.0,47.468,0.0,0.08309219,,420.0,"MULTILINESTRING ((12.463879 41.821114, 12.463681 41.820749, 12.463616 41.820663, 12.463583 41.820628, 12.463536 41.820584))"
2025-09-23 07:00:00,all,64881,480.0,432.0,0.0,2.4,0.0,65.7266,4.3949285,0.16616835,,420.0,"MULTILINESTRING ((12.463932 41.820056, 12.464604 41.821358, 12.464662 41.821463, 12.464724 41.821584))"
2025-09-23 07:00:00,all,65201,684.0,612.0,5.0,3.1875,0.5625,14.656605,34.485874,0.39271033,,420.0,"MULTILINESTRING ((12.464608 41.820387, 12.464994 41.821201))"
2025-09-23 07:00:00,all,60127,0.0,0.0,0.0,0.0,0.0,43.1,0.0,0.1713355,,420.0,"MULTILINESTRING ((12.452184 41.820726, 12.45269 41.820186, 12.453035 41.819819))"
2025-09-23 07:00:00,all,62430,0.0,0.0,0.0,0.0,0.0,47.468,0.0,0.10117132,,420.0,"MULTILINESTRING ((12.458138 41.825328, 12.459045 41.825085))"
2025-09-23 07:00:00,all,60110,0.0,0.0,0.0,0.0,0.0,43.1,0.0,0.008157773,,420.0,"MULTILINESTRING ((12.452138 41.820766, 12.452184 41.820726))"
2025-09-23 07:00:00,all,60651,36.0,36.0,0.0,0.0,0.0,51.5,0.0,0.08013437,,420.0,"MULTILINESTRING ((12.453647 41.820158, 12.453597 41.820184, 12.453547 41.820196, 12.453483 41.820194, 12.453432 41.820189, 12.453346 41.820154, 12.45325 41.820093, 12.453205 41.820054, 12.453163 41.820002, 12.453131 41.819944, 12.453082 41.819845))"
2025-09-23 07:00:00,all,60637,48.0,48.0,0.0,1.0,0.0,44.50201,8.918697,0.1511716,,420.0,"MULTILINESTRING ((12.453596 41.824678, 12.453786 41.824531, 12.454652 41.825009))"
2025-09-23 07:00:00,all,61232,192.0,192.0,0.0,4.2777777,0.0,51.753464,5.196308,0.47720516,,420.0,"MULTILINESTRING ((12.455133 41.820847, 12.455326 41.821001, 12.455466 41.821148, 12.455601 41.821356, 12.455668 41.821519, 12.455728 41.821763, 12.455741 41.821929, 12.455739 41.821984, 12.455715 41.822679, 12.45573 41.822873, 12.455753 41.823045, 12.455793 41.823168, 12.455843 41.823257, 12.455918 41.823371, 12.456403 41.824064, 12.456582 41.8242, 12.456636 41.824241))"
2025-09-23 07:00:00,all,60357,0.0,0.0,0.0,0.0,0.0,43.1,0.0,0.008621346,,420.0,"MULTILINESTRING ((12.452858 41.821107, 12.452814 41.821152))"
2025-09-23 07:00:00,all,60161,108.0,108.0,3.0,2.0,1.0,10.122414,27.277315,0.43460584,,420.0,"MULTILINESTRING ((12.452294 41.823592, 12.452911 41.824064))"
2025-09-23 07:00:00,all,59984,108.0,108.0,0.0,0.0,0.0,43.1,0.0,0.0763768,,420.0,"MULTILINESTRING ((12.451828 41.823242, 12.452294 41.823592))"
2025-09-23 07:00:00,all,60351,0.0,0.0,0.0,0.0,0.0,43.1,0.0,0.01541485,,420.0,"MULTILINESTRING ((12.452828 41.824142, 12.452911 41.824064))"
2025-09-23 07:00:00,all,60858,0.0,0.0,0.0,0.0,0.0,43.1,0.0,0.008683991,,420.0,"MULTILINESTRING ((12.454083 41.821806, 12.454044 41.821854))"
2025-09-23 07:00:00,all,65245,432.0,432.0,0.0,0.0,0.0,52.7,0.0,0.013159013,,420.0,"MULTILINESTRING ((12.464711 41.818478, 12.464842 41.818513))"
2025-09-23 07:00:00,all,61435,0.0,0.0,0.0,0.0,0.0,43.1,0.0,0.13299954,,420.0,"MULTILINESTRING ((12.455698 41.823651, 12.455532 41.82355, 12.455355 41.82345, 12.455253 41.82338, 12.455125 41.823286, 12.455016 41.823187, 12.454902 41.823042))"
2025-09-23 07:00:00,all,60634,84.0,84.0,0.0,0.0,0.0,45.7,0.0,0.01860525,,420.0,"MULTILINESTRING ((12.453593 41.828176, 12.453731 41.828251))"
2025-09-23 07:00:00,all,60641,204.0,204.0,0.0,0.0,0.0,55.5,0.0,0.061670274,,420.0,"MULTILINESTRING ((12.453598 41.828084, 12.453603 41.82804, 12.453616 41.828, 12.453638 41.827966, 12.453672 41.827927, 12.453744 41.827863, 12.453912 41.827652, 12.45393 41.827646))"
2025-09-23 07:00:00,all,60459,132.0,132.0,0.0,0.0,0.0,49.9,0.0,0.031389978,,420.0,"MULTILINESTRING ((12.453104 41.827974, 12.453381 41.828085))"
2025-09-23 07:00:00,all,60546,48.0,48.0,0.0,0.0,0.0,49.9,0.0,0.021883767,,420.0,"MULTILINESTRING ((12.453381 41.828085, 12.453442 41.828094, 12.453499 41.828094, 12.453598 41.828084))"
2025-09-23 07:00:00,all,60547,84.0,84.0,0.0,0.0,0.0,45.7,0.0,0.026659956,,420.0,"MULTILINESTRING ((12.453381 41.828085, 12.453593 41.828176))"
2025-09-23 07:00:00,all,60633,156.0,156.0,0.0,0.0,0.0,55.5,0.0,0.011064866,,420.0,"MULTILINESTRING ((12.453593 41.828176, 12.453593 41.828132, 12.453598 41.828084))"
2025-09-23 07:00:00,all,61071,48.0,48.0,0.0,0.0,0.0,45.7,0.0,0.040589932,,420.0,"MULTILINESTRING ((12.454652 41.825009, 12.454798 41.82508, 12.454822 41.825227))"
2025-09-23 07:00:00,all,60790,96.0,96.0,0.0,0.0,0.0,55.5,0.0,0.057655133,,420.0,"MULTILINESTRING ((12.45393 41.827646, 12.453931 41.827666, 12.453787 41.827887, 12.453738 41.828024, 12.453727 41.828096))"
2025-09-23 07:00:00,all,60688,168.0,168.0,0.0,0.0,0.0,55.5,0.0,0.03460324,,420.0,"MULTILINESTRING ((12.453731 41.828251, 12.453849 41.828448, 12.453894 41.828513))"
2025-09-23 07:00:00,all,60687,96.0,96.0,0.0,0.0,0.0,55.5,0.0,0.01869946,,420.0,"MULTILINESTRING ((12.453727 41.828096, 12.453719 41.828152, 12.453731 41.828251))"
2025-09-23 07:00:00,all,60767,168.0,168.0,0.0,0.0,0.0,55.5,0.0,0.030716756,,420.0,"MULTILINESTRING ((12.453894 41.828513, 12.454048 41.828713, 12.454049 41.828738))"
2025-09-23 07:00:00,all,61804,180.0,180.0,0.0,0.0,0.0,55.5,0.0,0.042237837,,420.0,"MULTILINESTRING ((12.456636 41.824241, 12.457092 41.824155))"
2025-09-23 07:00:00,all,63857,0.0,0.0,0.0,0.0,0.0,49.5,0.0,0.013281212,,420.0,"MULTILINESTRING ((12.461624 41.816184, 12.461648 41.816087))"
2025-09-23 07:00:00,all,63887,228.0,204.0,0.0,1.5714285,0.0,45.36611,10.404744,0.19974822,,420.0,"MULTILINESTRING ((12.461745 41.815699, 12.46199 41.816183, 12.462391 41.81697))"
2025-09-23 07:00:00,all,63992,1644.0,1644.0,0.0,0.0,0.0,74.7,0.0,0.07260161,,420.0,"MULTILINESTRING ((12.461951 41.816349, 12.462357 41.817104))"
2025-09-23 07:00:00,all,63996,528.0,528.0,0.0,0.0,0.0,49.5,0.0,0.09070666,,420.0,"MULTILINESTRING ((12.461957 41.81681, 12.461624 41.816184))"
2025-09-23 07:00:00,all,64635,1152.0,1128.0,0.0,3.7575758,0.0,62.716015,8.589825,0.13950026,,420.0,"MULTILINESTRING ((12.463294 41.818833, 12.463932 41.820056))"
2025-09-23 07:00:00,all,64751,444.0,432.0,0.0,1.5,0.0,50.40647,7.069603,0.12627903,,420.0,"MULTILINESTRING ((12.463421 41.81819, 12.463947 41.818272, 12.464643 41.818459))"
2025-09-23 07:00:00,all,63516,684.0,660.0,0.0,2.357143,0.0,53.204285,10.532081,0.12619622,,420.0,"MULTILINESTRING ((12.460738 41.81408, 12.461256 41.81501))"
2025-09-23 07:00:00,all,63618,1044.0,1044.0,0.0,0.0,0.0,53.7,0.0,0.08557765,,420.0,"MULTILINESTRING ((12.461017 41.814344, 12.461256 41.81501))"
2025-09-23 07:00:00,all,63619,0.0,0.0,0.0,0.0,0.0,49.5,0.0,0.13614666,,420.0,"MULTILINESTRING ((12.461017 41.814344, 12.461532 41.815279))"
2025-09-23 07:00:00,all,63661,1704.0,1644.0,2.0,5.9714284,0.057142857,61.153744,12.485205,0.15654676,,420.0,"MULTILINESTRING ((12.461256 41.81501, 12.461455 41.815405, 12.461628 41.815715, 12.461673 41.815805, 12.46189 41.816226, 12.461922 41.81629, 12.461951 41.816349))"
2025-09-23 07:00:00,all,217887,36.0,36.0,0.0,1.1428572,0.0,46.69035,6.0556746,0.24252334,,420.0,"MULTILINESTRING ((12.460653 41.81505, 12.460236 41.815175, 12.459785 41.815317, 12.459203 41.815463, 12.458513 41.815614))"
2025-09-23 07:00:00,all,63178,696.0,684.0,0.0,3.580645,0.0,52.87927,10.275981,0.19768503,,420.0,"MULTILINESTRING ((12.459821 41.81267, 12.459881 41.812748, 12.460177 41.813243, 12.460738 41.81408))"
2025-09-23 07:00:00,all,64021,0.0,0.0,0.0,0.0,0.0,45.7,0.0,0.053231947,,420.0,"MULTILINESTRING ((12.462063 41.820076, 12.461997 41.819959, 12.462009 41.819842, 12.462118 41.819753))"
2025-09-23 07:00:00,all,63515,1044.0,1044.0,0.0,0.0,0.0,45.9,0.0,0.08563007,,420.0,"MULTILINESTRING ((12.460623 41.813661, 12.46094 41.814201))"
2025-09-23 07:00:00,all,214294,48.0,48.0,0.0,0.0,0.0,50.1,0.0,0.019279042,,420.0,"MULTILINESTRING ((12.484799 41.812786, 12.484859 41.812737, 12.484925 41.812676))"
2025-09-23 07:00:00,all,64240,0.0,0.0,0.0,0.0,0.0,49.5,0.0,0.024155153,,420.0,"MULTILINESTRING ((12.46256 41.817502, 12.46271 41.817642))"
2025-09-23 07:00:00,all,63597,1044.0,1044.0,0.0,0.0,0.0,45.9,0.0,0.022383006,,420.0,"MULTILINESTRING ((12.46094 41.814201, 12.461017 41.814344))"
2025-09-23 07:00:00,all,63799,228.0,228.0,0.0,0.0,0.0,49.5,0.0,0.060477577,,420.0,"MULTILINESTRING ((12.461532 41.815279, 12.461745 41.815699))"
2025-09-23 07:00:00,all,64040,228.0,228.0,0.0,0.0,0.0,44.3,0.0,0.044301126,,420.0,"MULTILINESTRING ((12.462053 41.818805, 12.462126 41.818698, 12.462204 41.818609, 12.462238 41.818546))"
2025-09-23 07:00:00,all,62725,0.0,0.0,0.0,0.0,0.0,47.468,0.0,0.031344905,,420.0,"MULTILINESTRING ((12.458687 41.830863, 12.458792 41.831072))"
2025-09-23 07:00:00,all,64162,0.0,0.0,0.0,0.0,0.0,45.7,0.0,0.06749015,,420.0,"MULTILINESTRING ((12.462337 41.81877, 12.462384 41.818784, 12.462447 41.818833, 12.462789 41.819082))"
2025-09-23 07:00:00,all,64353,0.0,0.0,0.0,0.0,0.0,45.7,0.0,0.06924289,,420.0,"MULTILINESTRING ((12.462741 41.819125, 12.462452 41.818913, 12.462343 41.818812, 12.462337 41.81877))"
2025-09-23 07:00:00,all,64543,1152.0,1152.0,0.0,0.0,0.0,67.068,0.0,0.037093397,,420.0,"MULTILINESTRING ((12.46311 41.818486, 12.463294 41.818833))"
2025-09-23 07:00:00,all,64179,0.0,0.0,0.0,0.0,0.0,49.5,0.0,0.057523634,,420.0,"MULTILINESTRING ((12.462377 41.818145, 12.462397 41.818054, 12.462444 41.817746, 12.462442 41.817721))"
2025-09-23 07:00:00,all,64241,1848.0,1848.0,0.0,0.0,0.0,74.7,0.0,0.049510844,,420.0,"MULTILINESTRING ((12.46256 41.817502, 12.462624 41.817611, 12.462665 41.817695, 12.462855 41.818011))"
2025-09-23 07:00:00,all,64315,0.0,0.0,0.0,0.0,0.0,49.5,0.0,0.051003635,,420.0,"MULTILINESTRING ((12.46271 41.817642, 12.462765 41.8177, 12.462845 41.817779, 12.462968 41.817887, 12.46303 41.817935))"
2025-09-23 07:00:00,all,64332,108.0,108.0,0.0,0.0,0.0,57.9,0.0,0.021034196,,420.0,"MULTILINESTRING ((12.462716 41.818212, 12.462857 41.818163, 12.462945 41.818172))"
2025-09-23 07:00:00,all,64411,1848.0,1848.0,0.0,0.0,0.0,74.7,0.0,0.0155686755,,420.0,"MULTILINESTRING ((12.462855 41.818011, 12.462945 41.818172))"
2025-09-23 07:00:00,all,64127,528.0,528.0,0.0,0.0,0.0,49.5,0.0,0.08374303,,420.0,"MULTILINESTRING ((12.462267 41.817387, 12.46208 41.817035, 12.462018 41.816933, 12.461957 41.81681))"
2025-09-23 07:00:00,all,64165,1848.0,1848.0,0.0,0.0,0.0,74.7,0.0,0.029796788,,420.0,"MULTILINESTRING ((12.462357 41.817104, 12.4624 41.817198, 12.462485 41.817353, 12.462512 41.817417))"
2025-09-23 07:00:00,all,64167,0.0,0.0,0.0,0.0,0.0,49.5,0.0,0.09600606,,420.0,"MULTILINESTRING ((12.462391 41.81697, 12.46271 41.817642))"
2025-09-23 07:00:00,all,64189,528.0,528.0,0.0,0.0,0.0,49.5,0.0,0.013595151,,420.0,"MULTILINESTRING ((12.462404 41.817511, 12.462303 41.817444))"
2025-09-23 07:00:00,all,64194,0.0,0.0,0.0,0.0,0.0,49.5,0.0,0.039866667,,420.0,"MULTILINESTRING ((12.462442 41.817721, 12.462402 41.817656, 12.462303 41.817444))"
2025-09-23 07:00:00,all,64168,204.0,204.0,0.0,0.0,0.0,49.5,0.0,0.018362425,,420.0,"MULTILINESTRING ((12.462391 41.81697, 12.462357 41.817104))"
2025-09-23 07:00:00,all,64149,528.0,528.0,0.0,0.0,0.0,49.5,0.0,0.008487273,,420.0,"MULTILINESTRING ((12.462303 41.817444, 12.462267 41.817387))"
2025-09-23 07:00:00,all,64222,1848.0,1848.0,0.0,0.0,0.0,74.7,0.0,0.008233735,,420.0,"MULTILINESTRING ((12.462512 41.817417, 12.462525 41.817442, 12.46256 41.817502))"
2025-09-23 07:00:00,all,64135,0.0,0.0,0.0,0.0,0.0,49.5,0.0,0.0424097,,420.0,"MULTILINESTRING ((12.462285 41.818452, 12.462334 41.818323, 12.46237 41.818177, 12.462377 41.818145))"
2025-09-23 07:00:00,all,64136,228.0,228.0,0.0,0.0,0.0,57.9,0.0,0.030909844,,420.0,"MULTILINESTRING ((12.462285 41.818452, 12.46244 41.818335, 12.462469 41.818308, 12.462548 41.818272))"
2025-09-23 07:00:00,all,64219,228.0,228.0,0.0,0.0,0.0,57.9,0.0,0.01612228,,420.0,"MULTILINESTRING ((12.462548 41.818272, 12.462604 41.818244, 12.462716 41.818212))"
2025-09-23 07:00:00,all,64110,228.0,228.0,0.0,0.0,0.0,44.3,0.0,0.015097517,,420.0,"MULTILINESTRING ((12.462238 41.818546, 12.462285 41.818452))"
2025-09-23 07:00:00,all,64170,0.0,0.0,0.0,0.0,0.0,44.3,0.0,0.041708805,,420.0,"MULTILINESTRING ((12.462363 41.818704, 12.462314 41.818674, 12.462289 41.818638, 12.462269 41.818596, 12.462271 41.818568, 12.462271 41.81853, 12.462285 41.818452))"
2025-09-23 07:00:00,all,64451,444.0,444.0,0.0,0.0,0.0,57.9,0.0,0.041051812,,420.0,"MULTILINESTRING ((12.462945 41.818172, 12.463219 41.818178, 12.463342 41.818184, 12.463421 41.81819))"
2025-09-23 07:00:00,all,64452,1512.0,1512.0,0.0,0.5,0.0,71.591385,4.4475284,0.031406574,,420.0,"MULTILINESTRING ((12.462945 41.818172, 12.46311 41.818486))"
2025-09-23 07:00:00,all,64489,0.0,0.0,0.0,0.0,0.0,49.5,0.0,0.052269094,,420.0,"MULTILINESTRING ((12.46303 41.817935, 12.46313 41.818007, 12.46329 41.81811, 12.463421 41.81819))"
2025-09-23 07:00:00,all,64374,0.0,0.0,0.0,0.0,0.0,47.468,0.0,0.12336354,,420.0,"MULTILINESTRING ((12.462789 41.819082, 12.462969 41.819211, 12.463137 41.819361, 12.463193 41.819443, 12.463223 41.819536, 12.463227 41.819683, 12.463218 41.819804, 12.463203 41.819843))"
2025-09-23 07:00:00,all,64592,0.0,0.0,0.0,0.0,0.0,47.468,0.0,0.11840482,,420.0,"MULTILINESTRING ((12.463203 41.819843, 12.463167 41.819805, 12.463169 41.819688, 12.463169 41.819573, 12.463144 41.819474, 12.463103 41.819412, 12.462996 41.819318, 12.462865 41.819215, 12.462741 41.819125))"
2025-09-23 07:00:00,all,64594,0.0,0.0,0.0,0.0,0.0,47.468,0.0,0.06258237,,420.0,"MULTILINESTRING ((12.463214 41.819911, 12.463243 41.819956, 12.463304 41.820157, 12.46333 41.820299, 12.463315 41.820344))"
2025-09-23 07:00:00,all,64641,0.0,0.0,0.0,0.0,0.0,47.468,0.0,0.028591894,,420.0,"MULTILINESTRING ((12.463313 41.820397, 12.46336 41.820443, 12.463407 41.820476, 12.463455 41.820507, 12.463517 41.820526))"
2025-09-23 07:00:00,all,64642,0.0,0.0,0.0,0.0,0.0,47.468,0.0,0.063396394,,420.0,"MULTILINESTRING ((12.463315 41.820344, 12.463288 41.820307, 12.463245 41.820161, 12.463189 41.819937, 12.463214 41.819911))"
2025-09-23 07:00:00,all,64722,0.0,0.0,0.0,0.0,0.0,47.468,0.0,0.008384175,,420.0,"MULTILINESTRING ((12.463536 41.820584, 12.463517 41.820526))"
2025-09-23 07:00:00,all,64707,0.0,0.0,0.0,0.0,0.0,47.468,0.0,0.0057651475,,420.0,"MULTILINESTRING ((12.463517 41.820526, 12.463553 41.820495))"
2025-09-23 07:00:00,all,64728,0.0,0.0,0.0,0.0,0.0,47.468,0.0,0.010864162,,420.0,"MULTILINESTRING ((12.463553 41.820495, 12.463607 41.820561))"
2025-09-23 07:00:00,all,66599,0.0,0.0,0.0,0.0,0.0,47.3,0.0,0.01511797,,420.0,"MULTILINESTRING ((12.467229 41.813351, 12.467305 41.813442))"
2025-09-23 07:00:00,all,62489,0.0,0.0,0.0,0.0,0.0,47.468,0.0,0.09043861,,420.0,"MULTILINESTRING ((12.458291 41.830076, 12.458594 41.830679))"
2025-09-23 07:00:00,all,65043,0.0,0.0,0.0,0.0,0.0,45.7,0.0,0.09079169,,420.0,"MULTILINESTRING ((12.464306 41.819176, 12.464393 41.81905, 12.464661 41.818613))"
2025-09-23 07:00:00,all,65292,432.0,408.0,0.0,2.5,0.0,50.69542,6.22696,0.23758359,,420.0,"MULTILINESTRING ((12.464842 41.818513, 12.464957 41.818545, 12.466569 41.819001, 12.466888 41.819076, 12.467109 41.819137))"
2025-09-23 07:00:00,all,66781,240.0,240.0,0.0,0.0,0.0,44.5,0.0,0.047626518,,420.0,"MULTILINESTRING ((12.467539 41.818881, 12.467691 41.818584))"
2025-09-23 07:00:00,all,63513,0.0,0.0,0.0,0.0,0.0,43.1,0.0,0.025967054,,420.0,"MULTILINESTRING ((12.460782 41.825003, 12.460812 41.824946, 12.460935 41.824892))"
2025-09-23 07:00:00,all,65199,432.0,432.0,0.0,0.0,0.0,52.7,0.0,0.0068664136,,420.0,"MULTILINESTRING ((12.464643 41.818459, 12.464711 41.818478))"
2025-09-23 07:00:00,all,65025,0.0,0.0,0.0,0.0,0.0,47.468,0.0,0.09359105,,420.0,"MULTILINESTRING ((12.464278 41.819835, 12.464227 41.819584, 12.46424 41.819486, 12.46425 41.819395, 12.464306 41.819176))"
2025-09-23 07:00:00,all,65106,0.0,0.0,0.0,0.0,0.0,47.468,0.0,0.017277746,,420.0,"MULTILINESTRING ((12.464416 41.820065, 12.464554 41.820132))"
2025-09-23 07:00:00,all,65151,0.0,0.0,0.0,0.0,0.0,47.468,0.0,0.0126628475,,420.0,"MULTILINESTRING ((12.464493 41.82039, 12.464501 41.8203))"
2025-09-23 07:00:00,all,65159,684.0,684.0,0.0,0.0,0.0,47.468,0.0,0.016597709,,420.0,"MULTILINESTRING ((12.464501 41.8203, 12.464608 41.820387))"
2025-09-23 07:00:00,all,64880,648.0,648.0,0.0,0.0,0.0,47.468,0.0,0.039569817,,420.0,"MULTILINESTRING ((12.463932 41.820056, 12.464225 41.820086, 12.464306 41.820084))"
2025-09-23 07:00:00,all,65017,648.0,648.0,0.0,0.0,0.0,47.468,0.0,0.011856409,,420.0,"MULTILINESTRING ((12.464306 41.820084, 12.464416 41.820065))"
2025-09-23 07:00:00,all,64927,0.0,0.0,0.0,0.0,0.0,47.468,0.0,0.042496,,420.0,"MULTILINESTRING ((12.464057 41.821455, 12.463917 41.821171))"
2025-09-23 07:00:00,all,65163,0.0,0.0,0.0,0.0,0.0,47.468,0.0,0.012016939,,420.0,"MULTILINESTRING ((12.464554 41.820132, 12.464517 41.820213))"
2025-09-23 07:00:00,all,66745,300.0,300.0,0.0,0.0,0.0,50.1,0.0,0.020469462,,420.0,"MULTILINESTRING ((12.467472 41.819241, 12.467667 41.81929))"
2025-09-23 07:00:00,all,66756,240.0,240.0,0.0,0.0,0.0,44.5,0.0,0.046523593,,420.0,"MULTILINESTRING ((12.4675 41.819175, 12.467453 41.819051, 12.467473 41.819011, 12.467539 41.818881))"
2025-09-23 07:00:00,all,66511,408.0,408.0,0.0,0.0,0.0,50.1,0.0,0.038677845,,420.0,"MULTILINESTRING ((12.467109 41.819137, 12.467472 41.819241))"
2025-09-23 07:00:00,all,63574,0.0,0.0,0.0,0.0,0.0,43.1,0.0,0.022017634,,420.0,"MULTILINESTRING ((12.460935 41.824892, 12.460936 41.824985, 12.460906 41.825029))"
2025-09-23 07:00:00,all,64841,0.0,0.0,0.0,0.0,0.0,47.468,0.0,0.12703422,,420.0,"MULTILINESTRING ((12.463842 41.823155, 12.463992 41.823125, 12.464119 41.823088, 12.46421 41.823057, 12.464292 41.823014, 12.464364 41.822962, 12.464415 41.822896, 12.464453 41.822822, 12.464465 41.822742, 12.464452 41.822654, 12.46443 41.822569, 12.464416 41.822519))"
2025-09-23 07:00:00,all,64873,0.0,0.0,0.0,0.0,0.0,47.468,0.0,0.008942868,,420.0,"MULTILINESTRING ((12.463917 41.821171, 12.463879 41.821114))"
2025-09-23 07:00:00,all,64538,0.0,0.0,0.0,0.0,0.0,47.468,0.0,0.119815454,,420.0,"MULTILINESTRING ((12.463142 41.824225, 12.46324 41.824158, 12.463466 41.824013, 12.463578 41.823924, 12.463637 41.823871, 12.463682 41.823801, 12.463709 41.823722, 12.46371 41.823541))"
2025-09-23 07:00:00,all,63500,0.0,0.0,0.0,0.0,0.0,43.1,0.0,0.022238981,,420.0,"MULTILINESTRING ((12.460738 41.825142, 12.460755 41.825053, 12.460782 41.825003))"
2025-09-23 07:00:00,all,64247,0.0,0.0,0.0,0.0,0.0,45.7,0.0,0.019763239,,420.0,"MULTILINESTRING ((12.462601 41.820868, 12.46259 41.820874, 12.462578 41.820888, 12.462576 41.820902, 12.462578 41.820917, 12.462586 41.820928, 12.462598 41.820935, 12.462612 41.820938, 12.462627 41.820936, 12.462639 41.82093, 12.462647 41.820922, 12.462652 41.82091))"
2025-09-23 07:00:00,all,64274,0.0,0.0,0.0,0.0,0.0,45.7,0.0,0.010389059,,420.0,"MULTILINESTRING ((12.462652 41.82091, 12.462653 41.820898, 12.462651 41.820886, 12.462643 41.820876, 12.462629 41.820866, 12.462601 41.820868))"
2025-09-23 07:00:00,all,64327,0.0,0.0,0.0,0.0,0.0,47.468,0.0,0.05328432,,420.0,"MULTILINESTRING ((12.462747 41.824359, 12.462777 41.824285, 12.462824 41.824245, 12.462856 41.824226, 12.462947 41.824208, 12.463052 41.824208, 12.463142 41.824225))"
2025-09-23 07:00:00,all,64792,0.0,0.0,0.0,0.0,0.0,47.468,0.0,0.027281117,,420.0,"MULTILINESTRING ((12.46371 41.823541, 12.463695 41.823347))"
2025-09-23 07:00:00,all,64831,0.0,0.0,0.0,0.0,0.0,47.468,0.0,0.006014157,,420.0,"MULTILINESTRING ((12.463809 41.82319, 12.463842 41.823155))"
2025-09-23 07:00:00,all,64851,0.0,0.0,0.0,0.0,0.0,47.468,0.0,0.005473161,,420.0,"MULTILINESTRING ((12.463859 41.823201, 12.463809 41.82319))"
2025-09-23 07:00:00,all,64781,0.0,0.0,0.0,0.0,0.0,47.468,0.0,0.004961237,,420.0,"MULTILINESTRING ((12.463695 41.823347, 12.463722 41.823318))"
2025-09-23 07:00:00,all,64397,0.0,0.0,0.0,0.0,0.0,43.1,0.0,0.593013,,420.0,"MULTILINESTRING ((12.46286 41.826601, 12.463159 41.826726, 12.463364 41.826819, 12.463478 41.826873, 12.463529 41.826915, 12.463541 41.826966, 12.463541 41.827058, 12.463529 41.827187, 12.46355 41.827271, 12.463576 41.827335, 12.463585 41.827385, 12.463577 41.827443, 12.463527 41.827486, 12.463454 41.827525, 12.463371 41.827544, 12.463268 41.827584, 12.463169 41.827633, 12.463087 41.827716, 12.463051 41.827775, 12.463022 41.827854, 12.462991 41.82798, 12.462961 41.828067, 12.462933 41.82812, 12.462892 41.828169, 12.462835 41.828197, 12.46278 41.828212, 12.462659 41.828228, 12.46213 41.828212, 12.461864 41.828181, 12.461796 41.828168, 12.461732 41.82815, 12.461704 41.82813, 12.461689 41.828099, 12.461679 41.828045, 12.461647 41.827289))"
2025-09-23 07:00:00,all,63514,0.0,0.0,0.0,0.0,0.0,43.1,0.0,0.0148942005,,420.0,"MULTILINESTRING ((12.460782 41.825003, 12.460906 41.825029))"
2025-09-23 07:00:00,all,63537,0.0,0.0,0.0,0.0,0.0,43.1,0.0,0.077036664,,420.0,"MULTILINESTRING ((12.460851 41.825147, 12.460844 41.825187, 12.460844 41.825233, 12.460861 41.825339, 12.460897 41.825576, 12.460885 41.825642))"
2025-09-23 07:00:00,all,63087,180.0,180.0,0.0,0.0,0.0,52.7,0.0,0.07270019,,420.0,"MULTILINESTRING ((12.4596 41.834973, 12.460354 41.834861))"
2025-09-23 07:00:00,all,65928,0.0,0.0,0.0,0.0,0.0,50.9,0.0,0.052713946,,420.0,"MULTILINESTRING ((12.466084 41.83656, 12.466273 41.836937))"
2025-09-23 07:00:00,all,63551,0.0,0.0,0.0,0.0,0.0,43.1,0.0,0.080685385,,420.0,"MULTILINESTRING ((12.460885 41.825642, 12.460823 41.825576, 12.460769 41.825415, 12.460731 41.825212, 12.460738 41.825142))"
2025-09-23 07:00:00,all,63562,0.0,0.0,0.0,0.0,0.0,43.1,0.0,0.019408818,,420.0,"MULTILINESTRING ((12.460906 41.825029, 12.460887 41.825057, 12.460863 41.825107, 12.460851 41.825147))"
2025-09-23 07:00:00,all,63536,0.0,0.0,0.0,0.0,0.0,43.1,0.0,0.013091415,,420.0,"MULTILINESTRING ((12.460851 41.825147, 12.460738 41.825142))"
2025-09-23 07:00:00,all,65093,600.0,588.0,0.0,3.0294118,0.0,65.353905,4.2455134,0.21836676,,420.0,"MULTILINESTRING ((12.46443 41.824657, 12.464392 41.824509, 12.464381 41.824436, 12.464373 41.824327, 12.464373 41.824255, 12.464384 41.824175, 12.464444 41.824014, 12.464944 41.822852, 12.464998 41.822742, 12.465007 41.822708, 12.465008 41.82268, 12.465009 41.822648, 12.465007 41.822591))"
2025-09-23 07:00:00,all,63006,0.0,0.0,0.0,0.0,0.0,50.9,0.0,0.034543023,,420.0,"MULTILINESTRING ((12.459372 41.832225, 12.459496 41.832472))"
2025-09-23 07:00:00,all,65528,468.0,252.0,16.0,3.2,2.28,29.072433,4.658619,0.47912812,,420.0,"MULTILINESTRING ((12.465328 41.822586, 12.465475 41.822617, 12.465731 41.822737, 12.465939 41.822823, 12.46633 41.822975, 12.466672 41.823117, 12.466999 41.823268, 12.467168 41.82335, 12.467289 41.823413, 12.467395 41.823489, 12.467524 41.823623, 12.467602 41.823736))"
2025-09-23 07:00:00,all,65783,576.0,576.0,0.0,0.0,0.0,47.468,0.0,0.04522373,,420.0,"MULTILINESTRING ((12.4658 41.822242, 12.46586 41.822285, 12.466006 41.822365, 12.466139 41.82244))"
2025-09-23 07:00:00,all,65019,0.0,0.0,0.0,0.0,0.0,47.468,0.0,0.025570912,,420.0,"MULTILINESTRING ((12.464269 41.821737, 12.464399 41.821891))"
2025-09-23 07:00:00,all,65050,0.0,0.0,0.0,0.0,0.0,47.468,0.0,0.023017611,,420.0,"MULTILINESTRING ((12.464349 41.821887, 12.464345 41.821866, 12.464225 41.821755))"
2025-09-23 07:00:00,all,65077,0.0,0.0,0.0,0.0,0.0,47.468,0.0,0.025501393,,420.0,"MULTILINESTRING ((12.464399 41.821891, 12.464488 41.821722))"
2025-09-23 07:00:00,all,65265,432.0,432.0,0.0,0.0,0.0,67.068,0.0,0.045829307,,420.0,"MULTILINESTRING ((12.464724 41.821584, 12.464947 41.822014))"
2025-09-23 07:00:00,all,65266,588.0,588.0,0.0,0.0,0.0,67.068,0.0,0.04344695,,420.0,"MULTILINESTRING ((12.464741 41.82207, 12.464524 41.821664))"
2025-09-23 07:00:00,all,65375,588.0,588.0,0.0,0.0,0.0,67.068,0.0,0.047259796,,420.0,"MULTILINESTRING ((12.465007 41.822591, 12.465002 41.822538, 12.464992 41.822502, 12.464981 41.82247, 12.464912 41.822307, 12.464773 41.822158))"
2025-09-23 07:00:00,all,65554,576.0,576.0,0.0,0.0,0.0,47.468,0.0,0.05996335,,420.0,"MULTILINESTRING ((12.46535 41.821833, 12.465414 41.821884, 12.465568 41.82205, 12.465701 41.822169))"
2025-09-23 07:00:00,all,64895,0.0,0.0,0.0,0.0,0.0,47.468,0.0,0.042549085,,420.0,"MULTILINESTRING ((12.463971 41.82115, 12.464116 41.821433))"
2025-09-23 07:00:00,all,64886,0.0,0.0,0.0,0.0,0.0,47.468,0.0,0.008357631,,420.0,"MULTILINESTRING ((12.463944 41.821094, 12.463971 41.82115))"
2025-09-23 07:00:00,all,64941,0.0,0.0,0.0,0.0,0.0,47.468,0.0,0.0456042,,420.0,"MULTILINESTRING ((12.464116 41.821433, 12.464269 41.821737))"
2025-09-23 07:00:00,all,64992,0.0,0.0,0.0,0.0,0.0,47.468,0.0,0.045663606,,420.0,"MULTILINESTRING ((12.464225 41.821755, 12.464057 41.821455))"
2025-09-23 07:00:00,all,65147,0.0,0.0,0.0,0.0,0.0,47.468,0.0,0.008978259,,420.0,"MULTILINESTRING ((12.464488 41.821722, 12.464524 41.821664))"
2025-09-23 07:00:00,all,65084,0.0,0.0,0.0,0.0,0.0,47.468,0.0,0.062466085,,420.0,"MULTILINESTRING ((12.464416 41.822519, 12.464291 41.822084))"
2025-09-23 07:00:00,all,65012,0.0,0.0,0.0,0.0,0.0,47.468,0.0,0.0156016685,,420.0,"MULTILINESTRING ((12.464291 41.822084, 12.464326 41.821976))"
2025-09-23 07:00:00,all,65038,0.0,0.0,0.0,0.0,0.0,47.468,0.0,0.01275512,,420.0,"MULTILINESTRING ((12.464326 41.821976, 12.464346 41.821913, 12.464349 41.821887))"
2025-09-23 07:00:00,all,65281,588.0,588.0,0.0,0.0,0.0,67.068,0.0,0.00906155,,420.0,"MULTILINESTRING ((12.464773 41.822158, 12.464741 41.82207))"
2025-09-23 07:00:00,all,65408,612.0,612.0,0.0,0.0,0.0,47.468,0.0,0.029462798,,420.0,"MULTILINESTRING ((12.465041 41.821329, 12.465148 41.821523))"
2025-09-23 07:00:00,all,65378,612.0,612.0,0.0,0.5,0.0,45.230553,33.9144,0.019557135,,420.0,"MULTILINESTRING ((12.464994 41.821201, 12.465041 41.821329))"
2025-09-23 07:00:00,all,65446,576.0,576.0,0.0,0.0,0.0,47.468,0.0,0.024055364,,420.0,"MULTILINESTRING ((12.465148 41.821523, 12.465238 41.821591, 12.465294 41.821654))"
2025-09-23 07:00:00,all,65524,576.0,576.0,0.0,0.0,0.0,47.468,0.0,0.026211765,,420.0,"MULTILINESTRING ((12.465294 41.821654, 12.465328 41.821699, 12.46535 41.821833))"
2025-09-23 07:00:00,all,65388,468.0,468.0,0.0,0.0,0.0,67.068,0.0,0.05700125,,420.0,"MULTILINESTRING ((12.464985 41.822076, 12.465101 41.822308, 12.465221 41.822466, 12.465328 41.822586))"
2025-09-23 07:00:00,all,65981,0.0,0.0,0.0,0.0,0.0,47.468,0.0,0.07029915,,420.0,"MULTILINESTRING ((12.466139 41.82244, 12.466482 41.82201))"
2025-09-23 07:00:00,all,65362,468.0,468.0,0.0,0.0,0.0,67.068,0.0,0.0067767045,,420.0,"MULTILINESTRING ((12.464947 41.822014, 12.464985 41.822076))"
2025-09-23 07:00:00,all,65729,576.0,576.0,0.0,0.0,0.0,47.468,0.0,0.0145980455,,420.0,"MULTILINESTRING ((12.465701 41.822169, 12.4658 41.822242))"
2025-09-23 07:00:00,all,66454,0.0,0.0,0.0,0.0,0.0,50.9,0.0,0.015113163,,420.0,"MULTILINESTRING ((12.467005 41.842048, 12.46712 41.841971))"
2025-09-23 07:00:00,all,62230,228.0,216.0,0.0,2.1944444,0.0,36.362663,7.789867,0.4648257,,420.0,"MULTILINESTRING ((12.457644 41.835694, 12.457746 41.835725, 12.457891 41.835776, 12.458873 41.836451, 12.459094 41.836601, 12.459191 41.836704, 12.459306 41.836852, 12.459393 41.836947, 12.459692 41.8372, 12.459804 41.837308, 12.459928 41.837515))"
2025-09-23 07:00:00,all,62975,1092.0,1068.0,13.0,2.4893618,0.5531915,27.799366,11.145748,0.24236235,,420.0,"MULTILINESTRING ((12.459311 41.838519, 12.45938 41.838499, 12.45945 41.838477, 12.459512 41.838465, 12.45964 41.838451, 12.459792 41.838446, 12.460011 41.838455, 12.460171 41.838494, 12.46033 41.838559, 12.460475 41.838625, 12.460509 41.838645, 12.460566 41.838681))"
2025-09-23 07:00:00,all,62680,0.0,0.0,0.0,0.0,0.0,47.468,0.0,0.02761608,,420.0,"MULTILINESTRING ((12.458594 41.830679, 12.458687 41.830863))"
2025-09-23 07:00:00,all,62775,0.0,0.0,0.0,0.0,0.0,50.9,0.0,0.08477682,,420.0,"MULTILINESTRING ((12.458792 41.831072, 12.459097 41.831678))"
2025-09-23 07:00:00,all,62891,0.0,0.0,0.0,0.0,0.0,50.9,0.0,0.076512374,,420.0,"MULTILINESTRING ((12.459097 41.831678, 12.459372 41.832225))"
2025-09-23 07:00:00,all,63047,0.0,0.0,0.0,0.0,0.0,50.9,0.0,0.08117564,,420.0,"MULTILINESTRING ((12.459496 41.832472, 12.459689 41.832876, 12.459631 41.833062))"
2025-09-23 07:00:00,all,62938,0.0,0.0,0.0,0.0,0.0,47.1,0.0,0.03278344,,420.0,"MULTILINESTRING ((12.459208 41.835267, 12.459184 41.835243, 12.459163 41.835215, 12.459146 41.835179, 12.459144 41.835159, 12.459143 41.835142, 12.459153 41.835111, 12.45917 41.835079, 12.459187 41.835054))"
2025-09-23 07:00:00,all,61945,228.0,228.0,0.0,0.0,0.0,50.9,0.0,0.09402436,,420.0,"MULTILINESTRING ((12.456904 41.836151, 12.45722 41.83594, 12.457446 41.835808, 12.457569 41.835737, 12.457644 41.835694))"
2025-09-23 07:00:00,all,62558,0.0,0.0,0.0,0.0,0.0,50.9,0.0,0.12868054,,420.0,"MULTILINESTRING ((12.458414 41.833446, 12.459648 41.833108))"
2025-09-23 07:00:00,all,62642,180.0,180.0,0.0,0.0,0.0,52.7,0.0,0.055716887,,420.0,"MULTILINESTRING ((12.458536 41.834983, 12.458596 41.834999, 12.458681 41.835016, 12.459074 41.835068, 12.459112 41.835064))"
2025-09-23 07:00:00,all,62592,180.0,180.0,0.0,0.0,0.0,52.7,0.0,0.008373814,,420.0,"MULTILINESTRING ((12.458454 41.834958, 12.458536 41.834983))"
2025-09-23 07:00:00,all,62923,180.0,180.0,0.0,0.0,0.0,52.7,0.0,0.04037875,,420.0,"MULTILINESTRING ((12.459187 41.835054, 12.4596 41.834973))"
2025-09-23 07:00:00,all,62897,180.0,180.0,0.0,0.0,0.0,52.7,0.0,0.007204554,,420.0,"MULTILINESTRING ((12.459112 41.835064, 12.459187 41.835054))"
2025-09-23 07:00:00,all,62177,0.0,0.0,0.0,0.0,0.0,57.9,0.0,0.13878445,,420.0,"MULTILINESTRING ((12.457491 41.839372, 12.457911 41.839168, 12.458425 41.838919, 12.458849 41.838722))"
2025-09-23 07:00:00,all,61846,0.0,0.0,0.0,0.0,0.0,57.9,0.0,0.079829015,,420.0,"MULTILINESTRING ((12.456716 41.839753, 12.457491 41.839372))"
2025-09-23 07:00:00,all,62808,1392.0,1392.0,0.0,0.0,0.0,57.9,0.0,0.04612228,,420.0,"MULTILINESTRING ((12.458849 41.838722, 12.459205 41.838565, 12.459311 41.838519))"
2025-09-23 07:00:00,all,65538,0.0,0.0,0.0,0.0,0.0,50.9,0.0,0.051099017,,420.0,"MULTILINESTRING ((12.465352 41.833298, 12.465438 41.833182, 12.465752 41.833076))"
2025-09-23 07:00:00,all,66360,0.0,0.0,0.0,0.0,0.0,43.1,0.0,0.12728074,,420.0,"MULTILINESTRING ((12.466855 41.833272, 12.466738 41.833231, 12.466458 41.83267, 12.466486 41.832544))"
2025-09-23 07:00:00,all,64324,0.0,0.0,0.0,0.0,0.0,43.1,0.0,0.052545246,,420.0,"MULTILINESTRING ((12.462739 41.832622, 12.463168 41.83251))"
2025-09-23 07:00:00,all,64787,0.0,0.0,0.0,0.0,0.0,43.1,0.0,0.059381906,,420.0,"MULTILINESTRING ((12.463705 41.831063, 12.463746 41.831163, 12.463509 41.831224, 12.463469 41.831137))"
2025-09-23 07:00:00,all,63357,180.0,156.0,0.0,1.826087,0.0,52.053196,3.072245,0.34256226,,420.0,"MULTILINESTRING ((12.460354 41.834861, 12.46046 41.834845, 12.460595 41.834831, 12.460715 41.834842, 12.460839 41.83487, 12.461855 41.835149, 12.461981 41.835219, 12.462083 41.835274, 12.462233 41.835349, 12.462377 41.835488, 12.462484 41.83563, 12.462601 41.835836, 12.462761 41.836292, 12.462813 41.836401))"
2025-09-23 07:00:00,all,64555,0.0,0.0,0.0,0.0,0.0,47.468,0.0,0.09623283,,420.0,"MULTILINESTRING ((12.463175 41.835294, 12.462959 41.835367, 12.46278 41.83503, 12.462763 41.835003, 12.462755 41.834991, 12.462709 41.834938, 12.462692 41.834919, 12.462676 41.834908))"
2025-09-23 07:00:00,all,64305,0.0,0.0,0.0,0.0,0.0,47.468,0.0,0.030139042,,420.0,"MULTILINESTRING ((12.462724 41.834925, 12.462784 41.834938, 12.462828 41.834947, 12.462861 41.834951, 12.462894 41.834954, 12.46293 41.834954, 12.463006 41.834949))"
2025-09-23 07:00:00,all,64400,96.0,96.0,0.0,0.0,0.0,52.7,0.0,0.02691575,,420.0,"MULTILINESTRING ((12.462862 41.83649, 12.462896 41.836546, 12.462924 41.83659, 12.462942 41.836617, 12.462953 41.836689))"
2025-09-23 07:00:00,all,64371,60.0,60.0,0.0,0.0,0.0,44.3,0.0,0.008204967,,420.0,"MULTILINESTRING ((12.462813 41.836401, 12.462753 41.836432))"
2025-09-23 07:00:00,all,64373,96.0,96.0,0.0,0.0,0.0,52.7,0.0,0.012170778,,420.0,"MULTILINESTRING ((12.462813 41.836401, 12.462862 41.83649))"
2025-09-23 07:00:00,all,65750,0.0,0.0,0.0,0.0,0.0,43.1,0.0,0.16336149,,420.0,"MULTILINESTRING ((12.465752 41.833076, 12.465573 41.832767, 12.466455 41.832479))"
2025-09-23 07:00:00,all,66131,0.0,0.0,0.0,0.0,0.0,43.1,0.0,0.11065198,,420.0,"MULTILINESTRING ((12.466486 41.830235, 12.465593 41.830492))"
2025-09-23 07:00:00,all,66728,0.0,0.0,0.0,0.0,0.0,43.1,0.0,0.11840047,,420.0,"MULTILINESTRING ((12.467441 41.829959, 12.466655 41.830186, 12.466486 41.830235))"
2025-09-23 07:00:00,all,69026,0.0,0.0,0.0,0.0,0.0,43.1,0.0,0.028374014,,420.0,"MULTILINESTRING ((12.471132 41.813938, 12.471259 41.814095))"
2025-09-23 07:00:00,all,66111,0.0,0.0,0.0,0.0,0.0,43.1,0.0,0.080437586,,420.0,"MULTILINESTRING ((12.466455 41.832479, 12.467102 41.832288))"
2025-09-23 07:00:00,all,66417,0.0,0.0,0.0,0.0,0.0,43.1,0.0,0.03636752,,420.0,"MULTILINESTRING ((12.466933 41.832785, 12.467126 41.832734, 12.467231 41.832758))"
2025-09-23 07:00:00,all,66583,96.0,96.0,0.0,0.0,0.0,43.1,0.0,0.04920557,,420.0,"MULTILINESTRING ((12.467231 41.832758, 12.467156 41.832839, 12.466884 41.832922))"
2025-09-23 07:00:00,all,66269,0.0,0.0,0.0,0.0,0.0,43.1,0.0,0.031116476,,420.0,"MULTILINESTRING ((12.466727 41.832905, 12.466777 41.832854, 12.466836 41.832813, 12.466875 41.832802, 12.466933 41.832785))"
2025-09-23 07:00:00,all,66377,96.0,96.0,0.0,0.0,0.0,43.1,0.0,0.01867239,,420.0,"MULTILINESTRING ((12.466884 41.832922, 12.466832 41.832927, 12.466727 41.832905))"
2025-09-23 07:00:00,all,66575,0.0,0.0,0.0,0.0,0.0,50.9,0.0,0.028627897,,420.0,"MULTILINESTRING ((12.467206 41.832533, 12.467304 41.832739))"
2025-09-23 07:00:00,all,66502,0.0,0.0,0.0,0.0,0.0,43.1,0.0,0.039746173,,420.0,"MULTILINESTRING ((12.467102 41.832288, 12.467206 41.832533))"
2025-09-23 07:00:00,all,65130,0.0,0.0,0.0,0.0,0.0,43.1,0.0,0.11561625,,420.0,"MULTILINESTRING ((12.464508 41.834929, 12.464566 41.835038, 12.464863 41.835628))"
2025-09-23 07:00:00,all,65389,0.0,0.0,0.0,0.0,0.0,50.9,0.0,0.15036543,,420.0,"MULTILINESTRING ((12.46503 41.836017, 12.465827 41.835804, 12.465885 41.835989, 12.466057 41.836288))"
2025-09-23 07:00:00,all,64933,0.0,0.0,0.0,0.0,0.0,43.1,0.0,0.14754432,,420.0,"MULTILINESTRING ((12.464107 41.834205, 12.46473 41.83422, 12.464285 41.834577))"
2025-09-23 07:00:00,all,66006,0.0,0.0,0.0,0.0,0.0,50.9,0.0,0.0055438112,,420.0,"MULTILINESTRING ((12.466218 41.836536, 12.466243 41.836574))"
2025-09-23 07:00:00,all,66007,0.0,0.0,0.0,0.0,0.0,50.9,0.0,0.013491158,,420.0,"MULTILINESTRING ((12.466218 41.836536, 12.466084 41.83656))"
2025-09-23 07:00:00,all,65791,0.0,0.0,0.0,0.0,0.0,50.9,0.0,0.050297443,,420.0,"MULTILINESTRING ((12.465837 41.833224, 12.465782 41.833241, 12.465704 41.833265, 12.46559 41.833297, 12.465496 41.833323, 12.465352 41.833298))"
2025-09-23 07:00:00,all,65300,0.0,0.0,0.0,0.0,0.0,50.9,0.0,0.053490765,,420.0,"MULTILINESTRING ((12.464863 41.835628, 12.46503 41.836017))"
2025-09-23 07:00:00,all,66581,0.0,0.0,0.0,0.0,0.0,43.1,0.0,0.064935036,,420.0,"MULTILINESTRING ((12.46723 41.833957, 12.467757 41.833812))"
2025-09-23 07:00:00,all,65916,0.0,0.0,0.0,0.0,0.0,50.9,0.0,0.15531749,,420.0,"MULTILINESTRING ((12.466057 41.836288, 12.467546 41.835879))"
2025-09-23 07:00:00,all,66888,0.0,0.0,0.0,0.0,0.0,50.9,0.0,0.1530047,,420.0,"MULTILINESTRING ((12.467717 41.836186, 12.466243 41.836574))"
2025-09-23 07:00:00,all,66026,0.0,0.0,0.0,0.0,0.0,50.9,0.0,0.06019332,,420.0,"MULTILINESTRING ((12.466243 41.836574, 12.466269 41.836614, 12.466414 41.836896, 12.466273 41.836937))"
2025-09-23 07:00:00,all,65917,0.0,0.0,0.0,0.0,0.0,50.9,0.0,0.0360943,,420.0,"MULTILINESTRING ((12.466057 41.836288, 12.466218 41.836536))"
2025-09-23 07:00:00,all,63711,972.0,888.0,4.0,8.489796,0.20408164,49.833332,8.702173,0.5879041,,420.0,"MULTILINESTRING ((12.461305 41.839285, 12.461674 41.839661, 12.463892 41.842556, 12.464066 41.842792, 12.464209 41.84293, 12.464356 41.843031))"
2025-09-23 07:00:00,all,63703,972.0,972.0,0.0,0.0,0.0,57.9,0.0,0.0041170986,,420.0,"MULTILINESTRING ((12.461277 41.839256, 12.461305 41.839285))"
2025-09-23 07:00:00,all,63436,1068.0,1068.0,0.0,0.5,0.0,57.77464,2.8633604,0.09067301,,420.0,"MULTILINESTRING ((12.460566 41.838681, 12.460595 41.838697, 12.460707 41.838769, 12.461084 41.839059, 12.461277 41.839256))"
2025-09-23 07:00:00,all,63642,84.0,84.0,0.0,0.0,0.0,50.9,0.0,0.08066051,,420.0,"MULTILINESTRING ((12.461122 41.839346, 12.460727 41.838941, 12.460637 41.838848))"
2025-09-23 07:00:00,all,63918,0.0,0.0,0.0,0.0,0.0,50.9,0.0,0.2049996,,420.0,"MULTILINESTRING ((12.461837 41.83898, 12.462018 41.839012, 12.463193 41.839895, 12.463264 41.840068))"
2025-09-23 07:00:00,all,63475,84.0,84.0,0.0,0.0,0.0,50.9,0.0,0.020784283,,420.0,"MULTILINESTRING ((12.460637 41.838848, 12.460604 41.838821, 12.460575 41.838793, 12.460503 41.838725))"
2025-09-23 07:00:00,all,64972,0.0,0.0,0.0,0.0,0.0,45.7,0.0,0.043465205,,420.0,"MULTILINESTRING ((12.464202 41.839653, 12.464362 41.839542, 12.464483 41.839442))"
2025-09-23 07:00:00,all,66515,0.0,0.0,0.0,0.0,0.0,50.9,0.0,0.020870332,,420.0,"MULTILINESTRING ((12.46712 41.841971, 12.467278 41.841864))"
2025-09-23 07:00:00,all,66615,0.0,0.0,0.0,0.0,0.0,50.9,0.0,0.024931237,,420.0,"MULTILINESTRING ((12.467278 41.841864, 12.467261 41.842054))"
2025-09-23 07:00:00,all,66600,0.0,0.0,0.0,0.0,0.0,50.9,0.0,0.018766208,,420.0,"MULTILINESTRING ((12.467261 41.842054, 12.467248 41.842197))"
2025-09-23 07:00:00,all,66602,0.0,0.0,0.0,0.0,0.0,50.9,0.0,0.016017288,,420.0,"MULTILINESTRING ((12.467261 41.842054, 12.467125 41.842122))"
2025-09-23 07:00:00,all,66731,852.0,852.0,0.0,0.0,0.0,57.9,0.0,0.04011088,,420.0,"MULTILINESTRING ((12.467446 41.843204, 12.46788 41.843077))"
2025-09-23 07:00:00,all,67216,0.0,0.0,0.0,0.0,0.0,45.7,0.0,0.26905996,,420.0,"MULTILINESTRING ((12.468364 41.82084, 12.468483 41.820727, 12.468593 41.820628, 12.468723 41.820545, 12.468901 41.82047, 12.469145 41.820404, 12.469408 41.820362, 12.469557 41.820361, 12.469701 41.820382, 12.469806 41.820417, 12.469931 41.820473, 12.470176 41.820606, 12.470427 41.820777))"
2025-09-23 07:00:00,all,68613,108.0,72.0,0.0,1.6571429,0.0,52.562855,1.2358456,0.7653112,,420.0,"MULTILINESTRING ((12.470597 41.820043, 12.470961 41.820066, 12.472734 41.820124, 12.473022 41.820133, 12.473106 41.820136, 12.474426 41.820179, 12.476644 41.820252, 12.477826 41.82029, 12.478659 41.820316))"
2025-09-23 07:00:00,all,71672,0.0,0.0,0.0,0.0,0.0,47.468,0.0,0.32287225,,420.0,"MULTILINESTRING ((12.475596 41.825451, 12.47579 41.825405, 12.476811 41.825433, 12.477216 41.825156, 12.477729 41.825173, 12.478175 41.824969, 12.478264 41.824782))"
2025-09-23 07:00:00,all,71743,228.0,228.0,0.0,1.875,0.0,53.015568,4.838011,0.2193069,,420.0,"MULTILINESTRING ((12.475728 41.826026, 12.475869 41.825963, 12.477053 41.826023, 12.478033 41.826076))"
2025-09-23 07:00:00,all,71774,36.0,36.0,0.0,1.1666666,0.0,43.5181,7.156718,0.2247575,,420.0,"MULTILINESTRING ((12.475791 41.817203, 12.476181 41.817014, 12.476274 41.816975, 12.476418 41.816919, 12.476546 41.816893, 12.476708 41.816876, 12.476894 41.816864, 12.477128 41.816891, 12.477397 41.816947, 12.477612 41.817007))"
2025-09-23 07:00:00,all,71981,60.0,60.0,0.0,0.0,0.0,50.1,0.0,0.017071858,,420.0,"MULTILINESTRING ((12.476221 41.813259, 12.476376 41.813314))"
2025-09-23 07:00:00,all,73483,36.0,36.0,0.0,0.0,0.0,52.7,0.0,0.030000001,,420.0,"MULTILINESTRING ((12.479055 41.820737, 12.4791 41.820812, 12.479112 41.820831, 12.479108 41.820965))"
2025-09-23 07:00:00,all,74769,216.0,216.0,0.0,0.0,0.0,57.268,0.0,0.07121463,,420.0,"MULTILINESTRING ((12.480908 41.820803, 12.481037 41.820535, 12.481155 41.82022))"
2025-09-23 07:00:00,all,76162,0.0,0.0,0.0,0.0,0.0,50.9,0.0,0.11776385,,420.0,"MULTILINESTRING ((12.483104 41.820831, 12.483651 41.82003))"
2025-09-23 07:00:00,all,68435,0.0,0.0,0.0,0.0,0.0,44.5,0.0,0.030923594,,420.0,"MULTILINESTRING ((12.470327 41.816758, 12.470589 41.816693))"
2025-09-23 07:00:00,all,69329,0.0,0.0,0.0,0.0,0.0,44.5,0.0,0.15288673,,420.0,"MULTILINESTRING ((12.47167 41.81649, 12.471892 41.816492, 12.472027 41.816507, 12.472284 41.816548, 12.472426 41.816584, 12.472655 41.816649, 12.472822 41.816702, 12.472974 41.816754))"
2025-09-23 07:00:00,all,69485,0.0,0.0,0.0,0.0,0.0,48.7,0.0,0.03458316,,420.0,"MULTILINESTRING ((12.471847 41.81358, 12.47213 41.813442))"
2025-09-23 07:00:00,all,67621,0.0,0.0,0.0,0.0,0.0,43.1,0.0,0.08476009,,420.0,"MULTILINESTRING ((12.468951 41.813696, 12.468936 41.813738, 12.468907 41.813762, 12.468852 41.813773, 12.468799 41.813773, 12.468756 41.81376, 12.468728 41.81374, 12.468716 41.813714, 12.468711 41.813684, 12.468716 41.813636, 12.468743 41.8136, 12.468784 41.813588, 12.468857 41.813588, 12.468924 41.813607, 12.468975 41.813607))"
2025-09-23 07:00:00,all,67638,0.0,0.0,0.0,0.0,0.0,43.1,0.0,0.014380511,,420.0,"MULTILINESTRING ((12.468975 41.813607, 12.468953 41.813639, 12.468951 41.813696))"
2025-09-23 07:00:00,all,67142,0.0,0.0,0.0,0.0,0.0,50.9,0.0,0.1875725,,420.0,"MULTILINESTRING ((12.468233 41.816308, 12.469616 41.815317))"
2025-09-23 07:00:00,all,69063,0.0,0.0,0.0,0.0,0.0,48.7,0.0,0.04283285,,420.0,"MULTILINESTRING ((12.471204 41.813908, 12.47155 41.813732))"
2025-09-23 07:00:00,all,69027,0.0,0.0,0.0,0.0,0.0,48.7,0.0,0.008436961,,420.0,"MULTILINESTRING ((12.471132 41.813938, 12.471204 41.813908))"
2025-09-23 07:00:00,all,69317,0.0,0.0,0.0,0.0,0.0,48.7,0.0,0.036839012,,420.0,"MULTILINESTRING ((12.47155 41.813732, 12.471847 41.81358))"
2025-09-23 07:00:00,all,68603,0.0,0.0,0.0,0.0,0.0,44.5,0.0,0.124919996,,420.0,"MULTILINESTRING ((12.470589 41.816693, 12.471338 41.816541, 12.471497 41.816519, 12.47167 41.81649))"
2025-09-23 07:00:00,all,67084,300.0,300.0,0.0,1.8285714,0.0,51.397377,4.2135506,0.25330514,,420.0,"MULTILINESTRING ((12.468127 41.819416, 12.469159 41.819699, 12.470071 41.819949, 12.470366 41.820009, 12.470495 41.820029, 12.470597 41.820043))"
2025-09-23 07:00:00,all,68282,0.0,0.0,0.0,0.0,0.0,44.5,0.0,0.032220673,,420.0,"MULTILINESTRING ((12.470052 41.816821, 12.470327 41.816758))"
2025-09-23 07:00:00,all,67515,0.0,0.0,0.0,0.0,0.0,44.5,0.0,0.022174383,,420.0,"MULTILINESTRING ((12.46888 41.81709, 12.469069 41.817046))"
2025-09-23 07:00:00,all,67627,0.0,0.0,0.0,0.0,0.0,44.5,0.0,0.11516494,,420.0,"MULTILINESTRING ((12.469069 41.817046, 12.470052 41.816821))"
2025-09-23 07:00:00,all,69650,0.0,0.0,0.0,0.0,0.0,43.1,0.0,0.03158005,,420.0,"MULTILINESTRING ((12.47213 41.813442, 12.472259 41.813622))"
2025-09-23 07:00:00,all,69751,0.0,0.0,0.0,0.0,0.0,43.1,0.0,0.033334106,,420.0,"MULTILINESTRING ((12.472316 41.813601, 12.472202 41.813403))"
2025-09-23 07:00:00,all,70068,0.0,0.0,0.0,0.0,0.0,48.7,0.0,0.04272936,,420.0,"MULTILINESTRING ((12.472846 41.813076, 12.473206 41.812918))"
2025-09-23 07:00:00,all,69682,0.0,0.0,0.0,0.0,0.0,48.7,0.0,0.07968049,,420.0,"MULTILINESTRING ((12.472202 41.813403, 12.472846 41.813076))"
2025-09-23 07:00:00,all,69651,0.0,0.0,0.0,0.0,0.0,48.7,0.0,0.009101027,,420.0,"MULTILINESTRING ((12.47213 41.813442, 12.472202 41.813403))"
2025-09-23 07:00:00,all,69511,0.0,0.0,0.0,0.0,0.0,48.868,0.0,0.05141647,,420.0,"MULTILINESTRING ((12.471966 41.822813, 12.47148 41.822913))"
2025-09-23 07:00:00,all,70282,0.0,0.0,0.0,0.0,0.0,50.1,0.0,0.027495809,,420.0,"MULTILINESTRING ((12.473206 41.812918, 12.473444 41.812813))"
2025-09-23 07:00:00,all,70419,0.0,0.0,0.0,0.0,0.0,43.1,0.0,0.033140603,,420.0,"MULTILINESTRING ((12.473444 41.812813, 12.473574 41.813004))"
2025-09-23 07:00:00,all,70578,72.0,72.0,0.0,0.0,0.0,43.1,0.0,0.033089098,,420.0,"MULTILINESTRING ((12.473665 41.812953, 12.473536 41.812762))"
2025-09-23 07:00:00,all,70420,0.0,0.0,0.0,0.0,0.0,51.5,0.0,0.011085437,,420.0,"MULTILINESTRING ((12.473444 41.812813, 12.473536 41.812762))"
2025-09-23 07:00:00,all,71300,96.0,96.0,0.0,0.0,0.0,51.5,0.0,0.06345087,,420.0,"MULTILINESTRING ((12.474892 41.812782, 12.475483 41.812994))"
2025-09-23 07:00:00,all,71242,0.0,0.0,0.0,0.0,0.0,43.1,0.0,0.027224133,,420.0,"MULTILINESTRING ((12.474776 41.812739, 12.474687 41.812902))"
2025-09-23 07:00:00,all,71216,0.0,0.0,0.0,0.0,0.0,43.1,0.0,0.027313225,,420.0,"MULTILINESTRING ((12.474734 41.812921, 12.474825 41.812758))"
2025-09-23 07:00:00,all,71241,96.0,96.0,0.0,0.0,0.0,51.5,0.0,0.0053429124,,420.0,"MULTILINESTRING ((12.474776 41.812739, 12.474825 41.812758))"
2025-09-23 07:00:00,all,71262,96.0,96.0,0.0,0.0,0.0,51.5,0.0,0.0071906797,,420.0,"MULTILINESTRING ((12.474825 41.812758, 12.474892 41.812782))"
2025-09-23 07:00:00,all,71610,96.0,96.0,0.0,0.0,0.0,50.1,0.0,0.032746106,,420.0,"MULTILINESTRING ((12.475483 41.812994, 12.47578 41.8131))"
2025-09-23 07:00:00,all,71769,60.0,60.0,0.0,0.0,0.0,50.1,0.0,0.009589222,,420.0,"MULTILINESTRING ((12.47578 41.8131, 12.475867 41.813131))"
2025-09-23 07:00:00,all,71770,36.0,36.0,0.0,0.0,0.0,43.1,0.0,0.032006033,,420.0,"MULTILINESTRING ((12.47578 41.8131, 12.475777 41.81314, 12.475756 41.81321, 12.475741 41.813249, 12.475696 41.813292))"
2025-09-23 07:00:00,all,71821,60.0,60.0,0.0,0.0,0.0,50.1,0.0,0.039126948,,420.0,"MULTILINESTRING ((12.475867 41.813131, 12.476221 41.813259))"
2025-09-23 07:00:00,all,70703,36.0,36.0,0.0,0.0,0.0,44.5,0.0,0.053684495,,420.0,"MULTILINESTRING ((12.473853 41.81715, 12.474083 41.817248, 12.474219 41.817299, 12.474274 41.817321))"
2025-09-23 07:00:00,all,70124,36.0,36.0,0.0,0.0,0.0,44.5,0.0,0.09113123,,420.0,"MULTILINESTRING ((12.472974 41.816754, 12.47316 41.816842, 12.473357 41.816935, 12.473669 41.81707))"
2025-09-23 07:00:00,all,70580,36.0,36.0,0.0,0.0,0.0,44.5,0.0,0.023842247,,420.0,"MULTILINESTRING ((12.473669 41.81707, 12.473853 41.81715))"
2025-09-23 07:00:00,all,74522,0.0,0.0,0.0,0.0,0.0,47.468,0.0,0.10171737,,420.0,"MULTILINESTRING ((12.480631 41.82189, 12.481498 41.822213))"
2025-09-23 07:00:00,all,70976,36.0,36.0,0.0,1.0,0.0,43.675724,7.4794874,0.18367045,,420.0,"MULTILINESTRING ((12.474274 41.817321, 12.474344 41.81735, 12.474529 41.817407, 12.474692 41.817427, 12.474854 41.817433, 12.475067 41.817424, 12.475286 41.817393, 12.475573 41.8173, 12.475791 41.817203))"
2025-09-23 07:00:00,all,67396,96.0,96.0,0.0,1.1818181,0.0,44.405968,11.499194,0.13886513,,420.0,"MULTILINESTRING ((12.468683 41.824779, 12.469156 41.825634))"
2025-09-23 07:00:00,all,69515,216.0,216.0,0.0,0.0,0.0,48.868,0.0,0.033657607,,420.0,"MULTILINESTRING ((12.471982 41.822781, 12.471999 41.8228, 12.472009 41.822808, 12.47202 41.822813, 12.47203 41.822816, 12.472048 41.822821, 12.472284 41.822861))"
2025-09-23 07:00:00,all,69727,264.0,264.0,0.0,0.0,0.0,48.868,0.0,0.021988623,,420.0,"MULTILINESTRING ((12.4723 41.822893, 12.472093 41.822848))"
2025-09-23 07:00:00,all,71609,12.0,12.0,0.0,0.0,0.0,47.468,0.0,0.05717368,,420.0,"MULTILINESTRING ((12.475482 41.824639, 12.475539 41.825044))"
2025-09-23 07:00:00,all,68278,0.0,0.0,0.0,0.0,0.0,47.468,0.0,0.15565392,,420.0,"MULTILINESTRING ((12.470048 41.824178, 12.470127 41.824142, 12.4702 41.824107, 12.471387 41.823705))"
2025-09-23 07:00:00,all,69081,204.0,204.0,0.0,0.0,0.0,48.868,0.0,0.01428051,,420.0,"MULTILINESTRING ((12.471307 41.822417, 12.47127 41.822392, 12.471246 41.822327))"
2025-09-23 07:00:00,all,69333,180.0,180.0,0.0,0.0,0.0,48.868,0.0,0.0209143,,420.0,"MULTILINESTRING ((12.47168 41.82264, 12.471518 41.822546))"
2025-09-23 07:00:00,all,69150,24.0,24.0,0.0,0.0,0.0,47.468,0.0,0.038604114,,420.0,"MULTILINESTRING ((12.471405 41.822772, 12.471261 41.822519))"
2025-09-23 07:00:00,all,69208,180.0,180.0,0.0,0.0,0.0,48.868,0.0,0.027872229,,420.0,"MULTILINESTRING ((12.471518 41.822546, 12.471398 41.822476, 12.471321 41.822431, 12.471307 41.822417))"
2025-09-23 07:00:00,all,69510,264.0,264.0,0.0,0.0,0.0,48.868,0.0,0.022646721,,420.0,"MULTILINESTRING ((12.471966 41.822813, 12.471794 41.822708))"
2025-09-23 07:00:00,all,69404,180.0,180.0,0.0,0.0,0.0,48.868,0.0,0.014873536,,420.0,"MULTILINESTRING ((12.471794 41.822708, 12.47168 41.82264))"
2025-09-23 07:00:00,all,69490,216.0,216.0,0.0,0.0,0.0,48.868,0.0,0.014814603,,420.0,"MULTILINESTRING ((12.471927 41.822681, 12.471934 41.822701, 12.471948 41.822732, 12.471954 41.822742, 12.471965 41.822758, 12.471982 41.822781))"
2025-09-23 07:00:00,all,69593,264.0,264.0,0.0,0.0,0.0,48.868,0.0,0.0138065815,,420.0,"MULTILINESTRING ((12.472093 41.822848, 12.471966 41.822813))"
2025-09-23 07:00:00,all,69132,0.0,0.0,0.0,0.0,0.0,47.468,0.0,0.029623326,,420.0,"MULTILINESTRING ((12.471387 41.823705, 12.471644 41.823618))"
2025-09-23 07:00:00,all,68274,84.0,84.0,0.0,0.0,0.0,47.468,0.0,0.040052667,,420.0,"MULTILINESTRING ((12.470046 41.825769, 12.470119 41.825806, 12.470173 41.825848, 12.470261 41.825995))"
2025-09-23 07:00:00,all,67466,720.0,720.0,0.0,0.0,0.0,67.068,0.0,0.034689568,,420.0,"MULTILINESTRING ((12.468786 41.826038, 12.468953 41.826364))"
2025-09-23 07:00:00,all,67690,96.0,84.0,1.0,1.2857143,0.14285715,31.252943,14.731785,0.16867532,,420.0,"MULTILINESTRING ((12.469156 41.825634, 12.469211 41.825734, 12.469271 41.825799, 12.469327 41.825827, 12.4694 41.825831, 12.469528 41.825821, 12.469856 41.825747, 12.469922 41.825743, 12.469983 41.825751, 12.470046 41.825769))"
2025-09-23 07:00:00,all,71050,12.0,12.0,0.0,0.6666667,0.0,47.159622,5.0575933,0.16770491,,420.0,"MULTILINESTRING ((12.474404 41.823878, 12.47598 41.823741))"
2025-09-23 07:00:00,all,69733,0.0,0.0,0.0,0.0,0.0,47.468,0.0,0.042325355,,420.0,"MULTILINESTRING ((12.472319 41.825087, 12.472534 41.825342))"
2025-09-23 07:00:00,all,71636,12.0,12.0,0.0,0.0,0.0,47.468,0.0,0.057453025,,420.0,"MULTILINESTRING ((12.475539 41.825044, 12.475596 41.825451))"
2025-09-23 07:00:00,all,73215,72.0,72.0,0.0,0.0,0.0,52.7,0.0,0.059379503,,420.0,"MULTILINESTRING ((12.478659 41.820316, 12.478716 41.820318, 12.478921 41.820523, 12.47902 41.820677))"
2025-09-23 07:00:00,all,71673,12.0,12.0,0.0,0.0,0.0,47.468,0.0,0.06125137,,420.0,"MULTILINESTRING ((12.475596 41.825451, 12.475643 41.825717, 12.475579 41.825878))"
2025-09-23 07:00:00,all,73971,48.0,48.0,0.0,0.0,0.0,47.3,0.0,0.095103174,,420.0,"MULTILINESTRING ((12.4798 41.814541, 12.480621 41.814821))"
2025-09-23 07:00:00,all,76404,252.0,252.0,0.0,0.0,0.0,57.268,0.0,0.06050604,,420.0,"MULTILINESTRING ((12.483567 41.817024, 12.483878 41.816558))"
2025-09-23 07:00:00,all,72990,60.0,60.0,0.0,0.0,0.0,50.1,0.0,0.067656286,,420.0,"MULTILINESTRING ((12.47821 41.813971, 12.478823 41.814191))"
2025-09-23 07:00:00,all,73465,36.0,36.0,0.0,0.0,0.0,52.7,0.0,0.008279317,,420.0,"MULTILINESTRING ((12.47902 41.820677, 12.479055 41.820737))"
2025-09-23 07:00:00,all,72232,60.0,60.0,0.0,0.0,0.0,50.1,0.0,0.09731617,,420.0,"MULTILINESTRING ((12.476695 41.813428, 12.477577 41.813744))"
2025-09-23 07:00:00,all,72044,60.0,60.0,0.0,0.0,0.0,50.1,0.0,0.02704551,,420.0,"MULTILINESTRING ((12.476376 41.813314, 12.476621 41.813402))"
2025-09-23 07:00:00,all,72196,60.0,60.0,0.0,0.0,0.0,50.1,0.0,0.008135329,,420.0,"MULTILINESTRING ((12.476621 41.813402, 12.476695 41.813428))"
2025-09-23 07:00:00,all,74341,0.0,0.0,0.0,0.0,0.0,47.468,0.0,0.025813602,,420.0,"MULTILINESTRING ((12.480411 41.821808, 12.480631 41.82189))"
2025-09-23 07:00:00,all,72681,60.0,60.0,0.0,0.0,0.0,50.1,0.0,0.03411018,,420.0,"MULTILINESTRING ((12.477577 41.813744, 12.477886 41.813855))"
2025-09-23 07:00:00,all,72835,60.0,60.0,0.0,0.0,0.0,50.1,0.0,0.028677845,,420.0,"MULTILINESTRING ((12.477886 41.813855, 12.478146 41.813948))"
2025-09-23 07:00:00,all,72958,60.0,60.0,0.0,0.0,0.0,50.1,0.0,0.007065869,,420.0,"MULTILINESTRING ((12.478146 41.813948, 12.47821 41.813971))"
2025-09-23 07:00:00,all,73501,60.0,60.0,0.0,0.0,0.0,50.1,0.0,0.07103833,,420.0,"MULTILINESTRING ((12.479088 41.814286, 12.479731 41.814518))"
2025-09-23 07:00:00,all,73316,60.0,60.0,0.0,0.0,0.0,50.1,0.0,0.029241918,,420.0,"MULTILINESTRING ((12.478823 41.814191, 12.479088 41.814286))"
2025-09-23 07:00:00,all,73938,60.0,60.0,0.0,0.0,0.0,48.7,0.0,0.0077334703,,420.0,"MULTILINESTRING ((12.479731 41.814518, 12.4798 41.814541))"
2025-09-23 07:00:00,all,72901,36.0,36.0,0.0,0.75,0.0,43.695244,8.700393,0.11836941,,420.0,"MULTILINESTRING ((12.477984 41.817131, 12.478931 41.817448))"
2025-09-23 07:00:00,all,74273,36.0,36.0,0.0,1.0,0.0,42.928726,10.985028,0.12723367,,420.0,"MULTILINESTRING ((12.480258 41.818424, 12.480271 41.818487, 12.480289 41.818691, 12.48028 41.818855, 12.480238 41.819241))"
2025-09-23 07:00:00,all,72699,36.0,36.0,0.0,0.5,0.0,43.460022,14.776287,0.04671604,,420.0,"MULTILINESTRING ((12.477612 41.817007, 12.477984 41.817131))"
2025-09-23 07:00:00,all,72302,228.0,228.0,0.0,0.0,0.0,46.068,0.0,0.0175801,,420.0,"MULTILINESTRING ((12.476812 41.844732, 12.476659 41.844691))"
2025-09-23 07:00:00,all,73536,36.0,36.0,0.0,0.0,0.0,44.5,0.0,0.039798204,,420.0,"MULTILINESTRING ((12.479133 41.817515, 12.479457 41.817624))"
2025-09-23 07:00:00,all,73745,36.0,36.0,0.0,1.0,0.0,43.677177,8.597417,0.1597823,,420.0,"MULTILINESTRING ((12.479457 41.817624, 12.479566 41.81766, 12.479772 41.817743, 12.479862 41.817805, 12.479959 41.817905, 12.4801 41.818082, 12.480208 41.818275, 12.480258 41.818424))"
2025-09-23 07:00:00,all,73394,36.0,36.0,0.0,0.0,0.0,44.5,0.0,0.024755057,,420.0,"MULTILINESTRING ((12.478931 41.817448, 12.479133 41.817515))"
2025-09-23 07:00:00,all,74134,96.0,96.0,0.0,0.0,0.0,44.5,0.0,0.09173933,,420.0,"MULTILINESTRING ((12.480036 41.819849, 12.480095 41.819238))"
2025-09-23 07:00:00,all,74258,36.0,36.0,0.0,0.0,0.0,44.5,0.0,0.09362831,,420.0,"MULTILINESTRING ((12.480238 41.819241, 12.480168 41.819864))"
2025-09-23 07:00:00,all,74090,96.0,96.0,0.0,0.0,0.0,44.5,0.0,0.08768225,,420.0,"MULTILINESTRING ((12.47998 41.820433, 12.480036 41.819849))"
2025-09-23 07:00:00,all,74215,36.0,36.0,0.0,0.0,0.0,48.868,0.0,0.07347876,,420.0,"MULTILINESTRING ((12.480168 41.819864, 12.480109 41.820401))"
2025-09-23 07:00:00,all,74622,48.0,48.0,0.0,0.0,0.0,47.3,0.0,0.07718309,,420.0,"MULTILINESTRING ((12.480742 41.814843, 12.480808 41.814845, 12.480895 41.81482, 12.480995 41.814779, 12.48137 41.814581))"
2025-09-23 07:00:00,all,75563,48.0,48.0,0.0,0.0,0.0,48.7,0.0,0.062168375,,420.0,"MULTILINESTRING ((12.482085 41.814207, 12.482583 41.813947))"
2025-09-23 07:00:00,all,75371,48.0,48.0,0.0,0.0,0.0,48.7,0.0,0.03494045,,420.0,"MULTILINESTRING ((12.481759 41.814378, 12.482039 41.814232))"
2025-09-23 07:00:00,all,75135,48.0,48.0,0.0,0.0,0.0,48.7,0.0,0.048554413,,420.0,"MULTILINESTRING ((12.48137 41.814581, 12.481759 41.814378))"
2025-09-23 07:00:00,all,75536,0.0,0.0,0.0,0.0,0.0,43.1,0.0,0.030541532,,420.0,"MULTILINESTRING ((12.482039 41.814232, 12.48218 41.814399))"
2025-09-23 07:00:00,all,75537,48.0,48.0,0.0,0.0,0.0,48.7,0.0,0.0058201235,,420.0,"MULTILINESTRING ((12.482039 41.814232, 12.482085 41.814207))"
2025-09-23 07:00:00,all,74566,48.0,48.0,0.0,0.0,0.0,47.3,0.0,0.006036787,,420.0,"MULTILINESTRING ((12.480686 41.814834, 12.480742 41.814843))"
2025-09-23 07:00:00,all,74507,48.0,48.0,0.0,0.0,0.0,47.3,0.0,0.0070909094,,420.0,"MULTILINESTRING ((12.480621 41.814821, 12.480686 41.814834))"
2025-09-23 07:00:00,all,76156,48.0,48.0,0.0,0.0,0.0,48.7,0.0,0.053459138,,420.0,"MULTILINESTRING ((12.483101 41.813677, 12.483526 41.81345))"
2025-09-23 07:00:00,all,76022,48.0,48.0,0.0,0.0,0.0,48.7,0.0,0.021410268,,420.0,"MULTILINESTRING ((12.482871 41.813797, 12.483043 41.813708))"
2025-09-23 07:00:00,all,75853,48.0,48.0,0.0,0.0,0.0,48.7,0.0,0.035924844,,420.0,"MULTILINESTRING ((12.482583 41.813947, 12.482871 41.813797))"
2025-09-23 07:00:00,all,76243,0.0,0.0,0.0,0.0,0.0,43.1,0.0,0.030796288,,420.0,"MULTILINESTRING ((12.483244 41.813845, 12.483101 41.813677))"
2025-09-23 07:00:00,all,76131,48.0,48.0,0.0,0.0,0.0,48.7,0.0,0.0072960984,,420.0,"MULTILINESTRING ((12.483043 41.813708, 12.483101 41.813677))"
2025-09-23 07:00:00,all,76672,228.0,228.0,0.0,0.0,0.0,57.268,0.0,0.06825906,,420.0,"MULTILINESTRING ((12.484108 41.816103, 12.484337 41.815542))"
2025-09-23 07:00:00,all,76562,252.0,228.0,2.0,0.0,1.6111112,57.267838,0.0,0.05660664,,420.0,"MULTILINESTRING ((12.483878 41.816558, 12.484108 41.816103))"
2025-09-23 07:00:00,all,75418,264.0,264.0,5.0,2.6923077,0.3846154,41.72983,7.1911416,0.26970345,,420.0,"MULTILINESTRING ((12.481667 41.81898, 12.481971 41.818794, 12.483044 41.817653))"
2025-09-23 07:00:00,all,75576,96.0,96.0,0.0,0.0,0.0,44.668,0.0,0.05203591,,420.0,"MULTILINESTRING ((12.482093 41.818975, 12.482512 41.819128))"
2025-09-23 07:00:00,all,75022,360.0,324.0,13.0,0.0,5.387097,57.267483,0.0,0.059679937,,420.0,"MULTILINESTRING ((12.481137 41.819937, 12.481158 41.819796, 12.481239 41.81943))"
2025-09-23 07:00:00,all,74811,120.0,120.0,0.0,0.0,0.0,54.468,0.0,0.02716127,,420.0,"MULTILINESTRING ((12.48091 41.82008, 12.481137 41.819937))"
2025-09-23 07:00:00,all,74978,240.0,240.0,0.0,0.0,0.0,57.268,0.0,0.032969195,,420.0,"MULTILINESTRING ((12.481155 41.82022, 12.481137 41.819937))"
2025-09-23 07:00:00,all,75245,324.0,312.0,1.0,0.0,0.8888889,57.26784,0.0,0.032014824,,420.0,"MULTILINESTRING ((12.4814 41.819169, 12.481537 41.819066, 12.481667 41.81898))"
2025-09-23 07:00:00,all,75217,0.0,0.0,0.0,0.0,0.0,43.1,0.0,0.11986219,,420.0,"MULTILINESTRING ((12.481498 41.822213, 12.48243 41.822552))"
2025-09-23 07:00:00,all,75419,48.0,48.0,0.0,0.0,0.0,54.468,0.0,0.03496585,,420.0,"MULTILINESTRING ((12.481667 41.81898, 12.481923 41.818971, 12.481963 41.818961, 12.482011 41.818956, 12.482046 41.818958))"
2025-09-23 07:00:00,all,75158,324.0,324.0,0.0,0.0,0.0,57.268,0.0,0.033738215,,420.0,"MULTILINESTRING ((12.481239 41.81943, 12.4813 41.819286, 12.4814 41.819169))"
2025-09-23 07:00:00,all,75542,48.0,48.0,0.0,0.0,0.0,54.468,0.0,0.0047774846,,420.0,"MULTILINESTRING ((12.482046 41.818958, 12.482093 41.818975))"
2025-09-23 07:00:00,all,76039,36.0,36.0,0.0,0.0,0.0,47.468,0.0,0.0781259,,420.0,"MULTILINESTRING ((12.482896 41.817245, 12.482965 41.817238, 12.483037 41.817227, 12.483128 41.81721, 12.4832 41.817193, 12.483259 41.817168, 12.483306 41.817148, 12.48343 41.817096, 12.483567 41.817024))"
2025-09-23 07:00:00,all,76228,216.0,216.0,0.0,0.0,0.0,57.268,0.0,0.061223716,,420.0,"MULTILINESTRING ((12.483206 41.817475, 12.483323 41.817348, 12.483567 41.817024))"
2025-09-23 07:00:00,all,75986,36.0,36.0,0.0,0.0,0.0,50.9,0.0,0.008606287,,420.0,"MULTILINESTRING ((12.482809 41.817254, 12.482882 41.817246, 12.482896 41.817245))"
2025-09-23 07:00:00,all,76178,216.0,216.0,0.0,0.0,0.0,57.268,0.0,0.012819724,,420.0,"MULTILINESTRING ((12.483123 41.817566, 12.483206 41.817475))"
2025-09-23 07:00:00,all,76132,216.0,216.0,0.0,0.0,0.0,57.268,0.0,0.012239296,,420.0,"MULTILINESTRING ((12.483044 41.817653, 12.483123 41.817566))"
2025-09-23 07:00:00,all,76322,72.0,72.0,0.0,0.0,0.0,43.1,0.0,0.018597217,,420.0,"MULTILINESTRING ((12.483408 41.817548, 12.483556 41.817595))"
2025-09-23 07:00:00,all,75830,96.0,96.0,0.0,0.0,0.0,44.668,0.0,0.075075224,,420.0,"MULTILINESTRING ((12.482512 41.819128, 12.483117 41.819348))"
2025-09-23 07:00:00,all,73451,360.0,360.0,0.0,0.0,0.0,57.268,0.0,0.09854404,,420.0,"MULTILINESTRING ((12.478999 41.825688, 12.479171 41.824851))"
2025-09-23 07:00:00,all,73655,0.0,0.0,0.0,0.0,0.0,47.468,0.0,0.086325526,,420.0,"MULTILINESTRING ((12.47934 41.824854, 12.479433 41.825347, 12.479456 41.82539, 12.479533 41.825431))"
2025-09-23 07:00:00,all,214352,0.0,0.0,0.0,0.0,0.0,47.468,0.0,0.04318362,,420.0,"MULTILINESTRING ((12.483823 41.825209, 12.483913 41.825162, 12.484041 41.825116, 12.484127 41.825122, 12.484196 41.82514))"
2025-09-23 07:00:00,all,74127,0.0,0.0,0.0,0.0,0.0,43.1,0.0,0.20888215,,420.0,"MULTILINESTRING ((12.480029 41.823101, 12.48007 41.823117, 12.481205 41.823551, 12.481315 41.823613, 12.481368 41.823678, 12.481407 41.823768, 12.481402 41.823857))"
2025-09-23 07:00:00,all,74146,84.0,84.0,0.0,0.0,0.0,47.468,0.0,0.043598216,,420.0,"MULTILINESTRING ((12.480022 41.825461, 12.480437 41.82547))"
2025-09-23 07:00:00,all,74272,216.0,216.0,0.0,1.2666667,0.0,56.16323,5.3257093,0.12704396,,420.0,"MULTILINESTRING ((12.480258 41.821755, 12.480578 41.821351, 12.480878 41.820859, 12.480908 41.820803))"
2025-09-23 07:00:00,all,73015,0.0,0.0,0.0,0.0,0.0,47.468,0.0,0.40896648,,420.0,"MULTILINESTRING ((12.478264 41.824782, 12.478209 41.824719, 12.478167 41.824674, 12.478119 41.824638, 12.478039 41.824625, 12.477636 41.824549, 12.477437 41.824502, 12.477271 41.824452, 12.477141 41.824391, 12.477075 41.824344, 12.477034 41.824287, 12.477035 41.824227, 12.477049 41.824177, 12.47712 41.82412, 12.47721 41.824065, 12.477401 41.824011, 12.477544 41.823977, 12.477755 41.823958, 12.47846 41.82397, 12.478623 41.823968, 12.478725 41.823961, 12.478784 41.823941, 12.478859 41.823904, 12.478944 41.823854, 12.479025 41.823751, 12.47906 41.823675))"
2025-09-23 07:00:00,all,73735,360.0,360.0,0.0,0.0,0.0,57.268,0.0,0.056453515,,420.0,"MULTILINESTRING ((12.479449 41.822953, 12.479651 41.822492))"
2025-09-23 07:00:00,all,74089,216.0,216.0,0.0,0.0,0.0,57.268,0.0,0.0463683,,420.0,"MULTILINESTRING ((12.479976 41.822093, 12.480185 41.821847, 12.480258 41.821755))"
2025-09-23 07:00:00,all,73880,216.0,216.0,0.0,0.0,0.0,52.9,0.0,0.024818903,,420.0,"MULTILINESTRING ((12.479651 41.822492, 12.479761 41.822313))"
2025-09-23 07:00:00,all,73888,0.0,0.0,0.0,0.0,0.0,46.068,0.0,0.037432924,,420.0,"MULTILINESTRING ((12.479657 41.822186, 12.479723 41.822175, 12.479776 41.822165, 12.479817 41.822158, 12.47986 41.822145, 12.479921 41.822118, 12.479976 41.822093))"
2025-09-23 07:00:00,all,73953,216.0,216.0,0.0,0.0,0.0,57.268,0.0,0.03171195,,420.0,"MULTILINESTRING ((12.479761 41.822313, 12.479976 41.822093))"
2025-09-23 07:00:00,all,73886,36.0,36.0,0.0,0.0,0.0,46.068,0.0,0.021544674,,420.0,"MULTILINESTRING ((12.479657 41.822186, 12.479761 41.822313))"
2025-09-23 07:00:00,all,73556,360.0,360.0,1.0,2.0588236,0.05882353,51.042465,8.057209,0.15044063,,420.0,"MULTILINESTRING ((12.479171 41.824851, 12.479318 41.823704))"
2025-09-23 07:00:00,all,73635,360.0,360.0,0.0,0.0,0.0,57.268,0.0,0.08813822,,420.0,"MULTILINESTRING ((12.479318 41.823704, 12.479338 41.823596, 12.479356 41.823494, 12.479369 41.823432, 12.479391 41.823311, 12.479449 41.822953))"
2025-09-23 07:00:00,all,73864,0.0,0.0,0.0,0.0,0.0,43.1,0.0,0.053374946,,420.0,"MULTILINESTRING ((12.479618 41.822944, 12.480029 41.823101))"
2025-09-23 07:00:00,all,72923,228.0,228.0,0.0,0.0,0.0,54.468,0.0,0.024523024,,420.0,"MULTILINESTRING ((12.478033 41.826076, 12.4783 41.826093))"
2025-09-23 07:00:00,all,73286,480.0,468.0,7.0,0.0,5.030303,57.267574,0.0,0.06750417,,420.0,"MULTILINESTRING ((12.478733 41.827119, 12.478739 41.82704, 12.478842 41.826545))"
2025-09-23 07:00:00,all,73415,372.0,372.0,0.0,0.0,0.0,57.268,0.0,0.064754486,,420.0,"MULTILINESTRING ((12.478964 41.826552, 12.47887 41.827104))"
2025-09-23 07:00:00,all,214339,36.0,36.0,0.0,0.0,0.0,47.468,0.0,0.031597707,,420.0,"MULTILINESTRING ((12.484335 41.825258, 12.484106 41.825404))"
2025-09-23 07:00:00,all,72922,0.0,0.0,0.0,0.0,0.0,47.468,0.0,0.022091094,,420.0,"MULTILINESTRING ((12.478033 41.826076, 12.478019 41.826233))"
2025-09-23 07:00:00,all,73193,228.0,228.0,0.0,0.0,0.0,61.468,0.0,0.02176352,,420.0,"MULTILINESTRING ((12.478535 41.826102, 12.478599 41.826042, 12.478732 41.825968))"
2025-09-23 07:00:00,all,73407,84.0,84.0,0.0,0.0,0.0,47.468,0.0,0.03372251,,420.0,"MULTILINESTRING ((12.478949 41.82593, 12.479093 41.82578, 12.47914 41.825737))"
2025-09-23 07:00:00,all,73409,360.0,360.0,0.0,0.0,0.0,57.268,0.0,0.028495494,,420.0,"MULTILINESTRING ((12.478949 41.82593, 12.478999 41.825688))"
2025-09-23 07:00:00,all,73542,84.0,84.0,0.0,0.0,0.0,47.468,0.0,0.043245554,,420.0,"MULTILINESTRING ((12.47914 41.825737, 12.479212 41.82564, 12.479283 41.825597, 12.479436 41.825538))"
2025-09-23 07:00:00,all,214694,0.0,0.0,0.0,0.0,0.0,57.268,0.0,0.027189005,,420.0,"MULTILINESTRING ((12.486035 41.826058, 12.486281 41.825914))"
2025-09-23 07:00:00,all,73328,288.0,288.0,0.0,0.0,0.0,57.268,0.0,0.032441154,,420.0,"MULTILINESTRING ((12.478842 41.826545, 12.478884 41.826268))"
2025-09-23 07:00:00,all,73121,0.0,0.0,0.0,0.0,0.0,54.468,0.0,0.011750386,,420.0,"MULTILINESTRING ((12.478487 41.82619, 12.478498 41.826152, 12.478535 41.826102))"
2025-09-23 07:00:00,all,73360,288.0,288.0,0.0,0.0,0.0,57.268,0.0,0.03974261,,420.0,"MULTILINESTRING ((12.478884 41.826268, 12.478894 41.826201, 12.478949 41.82593))"
2025-09-23 07:00:00,all,73408,72.0,72.0,0.0,0.0,0.0,61.468,0.0,0.011762218,,420.0,"MULTILINESTRING ((12.478949 41.82593, 12.479093 41.825943))"
2025-09-23 07:00:00,all,73345,228.0,228.0,0.0,0.0,0.0,61.468,0.0,0.018220212,,420.0,"MULTILINESTRING ((12.478732 41.825968, 12.478824 41.825941, 12.478949 41.82593))"
2025-09-23 07:00:00,all,73727,84.0,84.0,0.0,0.0,0.0,47.468,0.0,0.062478725,,420.0,"MULTILINESTRING ((12.479436 41.825538, 12.480022 41.825461))"
2025-09-23 07:00:00,all,73790,0.0,0.0,0.0,0.0,0.0,47.468,0.0,0.051637314,,420.0,"MULTILINESTRING ((12.479533 41.825431, 12.479701 41.825453, 12.480022 41.825461))"
2025-09-23 07:00:00,all,73348,372.0,372.0,0.0,0.0,0.0,57.268,0.0,0.048001677,,420.0,"MULTILINESTRING ((12.47887 41.827104, 12.478897 41.827516))"
2025-09-23 07:00:00,all,214336,120.0,120.0,0.0,0.0,0.0,57.268,0.0,0.009182091,,420.0,"MULTILINESTRING ((12.479044 41.827934, 12.47909 41.828005))"
2025-09-23 07:00:00,all,214354,36.0,36.0,0.0,0.0,0.0,60.068,0.0,0.051847238,,420.0,"MULTILINESTRING ((12.482136 41.826751, 12.481699 41.827085))"
2025-09-23 07:00:00,all,214338,36.0,36.0,0.0,0.0,0.0,47.468,0.0,0.028474342,,420.0,"MULTILINESTRING ((12.484106 41.825404, 12.483899 41.825535))"
2025-09-23 07:00:00,all,214340,0.0,0.0,0.0,0.0,0.0,47.468,0.0,0.04216609,,420.0,"MULTILINESTRING ((12.483899 41.825535, 12.483699 41.825559, 12.483615 41.825551, 12.483509 41.825519))"
2025-09-23 07:00:00,all,75780,0.0,0.0,0.0,0.0,0.0,43.1,0.0,0.17028028,,420.0,"MULTILINESTRING ((12.48243 41.822552, 12.483026 41.821545))"
2025-09-23 07:00:00,all,75940,0.0,0.0,0.0,0.0,0.0,50.9,0.0,0.08794892,,420.0,"MULTILINESTRING ((12.482711 41.821435, 12.483104 41.820831))"
2025-09-23 07:00:00,all,75779,0.0,0.0,0.0,0.0,0.0,43.1,0.0,0.08732158,,420.0,"MULTILINESTRING ((12.48243 41.822552, 12.483105 41.822805))"
2025-09-23 07:00:00,all,75286,0.0,0.0,0.0,0.0,0.0,47.468,0.0,0.011669336,,420.0,"MULTILINESTRING ((12.482178 41.825595, 12.48228 41.825562))"
2025-09-23 07:00:00,all,214322,0.0,0.0,0.0,0.0,0.0,57.268,0.0,0.014098973,,420.0,"MULTILINESTRING ((12.48175 41.827373, 12.481796 41.82742, 12.481862 41.827459))"
2025-09-23 07:00:00,all,76499,36.0,36.0,0.0,1.2,0.0,46.634308,6.7548547,0.22856563,,420.0,"MULTILINESTRING ((12.483899 41.825535, 12.482443 41.826567, 12.482323 41.826609))"
2025-09-23 07:00:00,all,75097,84.0,0.0,0.0,0.0,0.0,47.468,0.0,0.022180839,,420.0,"MULTILINESTRING ((12.481319 41.825585, 12.481516 41.825642))"
2025-09-23 07:00:00,all,214347,0.0,0.0,0.0,0.0,0.0,47.468,0.0,0.022849498,,420.0,"MULTILINESTRING ((12.484196 41.82514, 12.48421 41.825177, 12.48427 41.825224, 12.484335 41.825258))"
2025-09-23 07:00:00,all,214346,0.0,0.0,0.0,0.0,0.0,47.468,0.0,0.053406928,,420.0,"MULTILINESTRING ((12.483823 41.825209, 12.483937 41.825197, 12.484033 41.825209, 12.484086 41.825242, 12.484118 41.825276, 12.484106 41.825404))"
2025-09-23 07:00:00,all,74936,84.0,84.0,0.0,0.0,0.0,47.468,0.0,0.08189138,,420.0,"MULTILINESTRING ((12.480437 41.82547, 12.480716 41.825474, 12.480924 41.825486, 12.481103 41.825514, 12.481203 41.825547))"
2025-09-23 07:00:00,all,214358,0.0,0.0,0.0,0.0,0.0,47.468,0.0,0.009986939,,420.0,"MULTILINESTRING ((12.482479 41.826358, 12.48246 41.826398, 12.482439 41.826422))"
2025-09-23 07:00:00,all,214356,0.0,0.0,0.0,0.0,0.0,47.468,0.0,0.028945817,,420.0,"MULTILINESTRING ((12.482439 41.826422, 12.482434 41.826428, 12.482323 41.826609))"
2025-09-23 07:00:00,all,214348,0.0,0.0,0.0,0.0,0.0,47.468,0.0,0.1738228,,420.0,"MULTILINESTRING ((12.483509 41.825519, 12.483536 41.825555, 12.483554 41.82562, 12.483551 41.825687, 12.483527 41.825727, 12.483496 41.825763, 12.482727 41.826285, 12.48248 41.826356, 12.482479 41.826358))"
2025-09-23 07:00:00,all,214316,0.0,0.0,0.0,0.0,0.0,54.468,0.0,0.009107733,,420.0,"MULTILINESTRING ((12.478497 41.826264, 12.478491 41.826236, 12.478487 41.82619))"
2025-09-23 07:00:00,all,214353,0.0,0.0,0.0,0.0,0.0,47.468,0.0,0.035263337,,420.0,"MULTILINESTRING ((12.484196 41.82514, 12.484326 41.82515, 12.48453 41.825134))"
2025-09-23 07:00:00,all,75538,0.0,0.0,0.0,0.0,0.0,57.268,0.0,0.034096524,,420.0,"MULTILINESTRING ((12.481699 41.827085, 12.481702 41.827216, 12.481711 41.827284, 12.48175 41.827373))"
2025-09-23 07:00:00,all,75539,36.0,36.0,0.0,0.0,0.0,57.268,0.0,0.067087725,,420.0,"MULTILINESTRING ((12.481699 41.827085, 12.481624 41.827146, 12.481536 41.827194, 12.481441 41.827223, 12.481288 41.82728, 12.481106 41.827321, 12.481029 41.827352))"
2025-09-23 07:00:00,all,75598,36.0,36.0,0.0,0.0,0.0,60.068,0.0,0.022112938,,420.0,"MULTILINESTRING ((12.482323 41.826609, 12.482136 41.826751))"
2025-09-23 07:00:00,all,76218,0.0,0.0,0.0,0.0,0.0,47.468,0.0,0.041200392,,420.0,"MULTILINESTRING ((12.483459 41.825316, 12.483487 41.825311, 12.483663 41.825268, 12.483823 41.825209))"
2025-09-23 07:00:00,all,76757,36.0,36.0,0.0,0.0,0.0,47.468,0.0,0.026876632,,420.0,"MULTILINESTRING ((12.48453 41.825134, 12.484335 41.825258))"
2025-09-23 07:00:00,all,68094,96.0,96.0,0.0,0.0,0.0,50.1,0.0,0.025752096,,420.0,"MULTILINESTRING ((12.469737 41.837121, 12.469805 41.837227, 12.469802 41.837303))"
2025-09-23 07:00:00,all,70032,240.0,240.0,0.0,1.5714285,0.0,61.793983,4.4586744,0.11407033,,420.0,"MULTILINESTRING ((12.472761 41.837094, 12.473266 41.838082))"
2025-09-23 07:00:00,all,70119,84.0,84.0,0.0,1.1428572,0.0,51.951633,8.644321,0.15269087,,420.0,"MULTILINESTRING ((12.472889 41.837049, 12.473439 41.838166))"
2025-09-23 07:00:00,all,71616,156.0,144.0,0.0,1.44,0.0,55.42526,2.6132026,0.29826543,,420.0,"MULTILINESTRING ((12.475465 41.842121, 12.475614 41.842187, 12.47572 41.842242, 12.475836 41.842291, 12.475908 41.842315, 12.476013 41.842316, 12.476114 41.842296, 12.476206 41.842256, 12.476269 41.842203, 12.476279 41.842151, 12.476297 41.842094, 12.476283 41.842011, 12.476236 41.841858, 12.475937 41.841243, 12.475883 41.841192, 12.475789 41.84113, 12.475716 41.841084, 12.475549 41.841049, 12.475453 41.841037, 12.475328 41.841032, 12.47518 41.84104, 12.474994 41.841083))"
2025-09-23 07:00:00,all,71617,0.0,0.0,0.0,0.0,0.0,55.868,0.0,0.23758145,,420.0,"MULTILINESTRING ((12.475465 41.842121, 12.475891 41.842981, 12.475991 41.843153, 12.476067 41.843253, 12.476211 41.843398, 12.476323 41.84351, 12.476464 41.843615, 12.476745 41.843833))"
2025-09-23 07:00:00,all,71863,0.0,0.0,0.0,0.0,0.0,48.868,0.0,0.19459727,,420.0,"MULTILINESTRING ((12.475909 41.84325, 12.476244 41.843567, 12.47641 41.843709, 12.476593 41.843835, 12.476914 41.844021, 12.477271 41.844239))"
2025-09-23 07:00:00,all,67626,96.0,96.0,0.0,0.0,0.0,52.9,0.0,0.08499243,,420.0,"MULTILINESTRING ((12.469069 41.835817, 12.46937 41.836453))"
2025-09-23 07:00:00,all,71864,408.0,360.0,0.0,1.6875,0.0,61.97218,3.2271576,0.16875507,,420.0,"MULTILINESTRING ((12.475909 41.84325, 12.476085 41.843588, 12.476157 41.843741, 12.476233 41.84387, 12.476309 41.844013, 12.476413 41.844147, 12.47652 41.844249, 12.476683 41.844406, 12.476931 41.844597))"
2025-09-23 07:00:00,all,71912,252.0,252.0,0.0,0.0,0.0,47.3,0.0,0.034628753,,420.0,"MULTILINESTRING ((12.476065 41.8406, 12.476277 41.840527, 12.47636 41.840492))"
2025-09-23 07:00:00,all,72049,0.0,0.0,0.0,0.0,0.0,54.468,0.0,0.4935779,,420.0,"MULTILINESTRING ((12.476382 41.840594, 12.476344 41.84066, 12.476206 41.840877, 12.47617 41.841024, 12.47615 41.841153, 12.476168 41.841318, 12.476571 41.842153, 12.476611 41.842293, 12.476553 41.842642, 12.476507 41.842906, 12.476496 41.843094, 12.476532 41.843282, 12.476597 41.843484, 12.476644 41.843596, 12.47673 41.843688, 12.476885 41.843833, 12.477026 41.843959, 12.477148 41.844067, 12.477401 41.844327))"
2025-09-23 07:00:00,all,74620,168.0,168.0,0.0,1.3076923,0.0,56.11736,4.8071976,0.14542452,,420.0,"MULTILINESTRING ((12.480773 41.837258, 12.48081 41.837045, 12.480889 41.836535, 12.480863 41.836039))"
2025-09-23 07:00:00,all,74901,0.0,0.0,0.0,0.0,0.0,41.7,0.0,0.1373813,,420.0,"MULTILINESTRING ((12.481043 41.836422, 12.481033 41.836604, 12.481033 41.836747, 12.481032 41.836871, 12.481022 41.83695, 12.481011 41.837067, 12.480984 41.837127, 12.480973 41.837204, 12.480978 41.837277))"
2025-09-23 07:00:00,all,68521,828.0,828.0,0.0,0.0,0.0,71.9,0.0,0.026465923,,420.0,"MULTILINESTRING ((12.470448 41.833359, 12.470433 41.833245, 12.470443 41.833173, 12.470495 41.833121, 12.470509 41.833089))"
2025-09-23 07:00:00,all,68523,0.0,0.0,0.0,0.0,0.0,46.068,0.0,0.21091561,,420.0,"MULTILINESTRING ((12.470458 41.831846, 12.470736 41.832485, 12.471019 41.833242))"
2025-09-23 07:00:00,all,68700,372.0,372.0,0.0,0.0,0.0,68.468,0.0,0.0311436,,420.0,"MULTILINESTRING ((12.470689 41.83306, 12.470753 41.833063, 12.470813 41.833092, 12.470916 41.83314, 12.471019 41.833242))"
2025-09-23 07:00:00,all,69282,60.0,60.0,0.0,0.0,0.0,43.1,0.0,0.07019165,,420.0,"MULTILINESTRING ((12.471627 41.831477, 12.472194 41.831315))"
2025-09-23 07:00:00,all,69507,0.0,0.0,0.0,0.0,0.0,65.668,0.0,0.01710879,,420.0,"MULTILINESTRING ((12.471955 41.83595, 12.472169 41.835897))"
2025-09-23 07:00:00,all,69522,0.0,0.0,0.0,0.0,0.0,47.468,0.0,0.1484301,,420.0,"MULTILINESTRING ((12.471947 41.83519, 12.472156 41.835147, 12.472266 41.835145, 12.472359 41.835159, 12.472442 41.835198, 12.472509 41.835238, 12.472555 41.835307, 12.472573 41.835368, 12.472571 41.835427, 12.472521 41.835509, 12.472483 41.835575, 12.472373 41.83565, 12.472217 41.835713))"
2025-09-23 07:00:00,all,69523,0.0,0.0,0.0,0.0,0.0,57.268,0.0,0.05342879,,420.0,"MULTILINESTRING ((12.471947 41.83519, 12.472176 41.835616))"
2025-09-23 07:00:00,all,70436,12.0,12.0,0.0,0.6666667,0.0,58.466633,1.086709,0.20985407,,420.0,"MULTILINESTRING ((12.473481 41.833705, 12.475775 41.833037))"
2025-09-23 07:00:00,all,67940,408.0,372.0,3.0,1.1944444,0.9444444,36.712833,2.8111007,0.23186225,,420.0,"MULTILINESTRING ((12.469511 41.830743, 12.469793 41.831284, 12.470145 41.831929))"
2025-09-23 07:00:00,all,68172,60.0,60.0,0.0,1.5,0.0,48.749577,10.456824,0.17655168,,420.0,"MULTILINESTRING ((12.469828 41.830644, 12.470158 41.831227, 12.470458 41.831846))"
2025-09-23 07:00:00,all,68233,0.0,0.0,0.0,0.0,0.0,47.468,0.0,0.026898121,,420.0,"MULTILINESTRING ((12.469905 41.831996, 12.470145 41.831929))"
2025-09-23 07:00:00,all,67639,0.0,0.0,0.0,0.0,0.0,47.468,0.0,0.033335723,,420.0,"MULTILINESTRING ((12.469027 41.830253, 12.46871 41.83024))"
2025-09-23 07:00:00,all,67655,792.0,792.0,0.0,0.0,0.0,68.468,0.0,0.092821755,,420.0,"MULTILINESTRING ((12.469012 41.82939, 12.46892 41.829582, 12.468961 41.829681, 12.469012 41.82976, 12.469246 41.83021, 12.469266 41.830284))"
2025-09-23 07:00:00,all,67657,24.0,24.0,0.0,0.0,0.0,50.1,0.0,0.06204072,,420.0,"MULTILINESTRING ((12.469012 41.82939, 12.468939 41.829417, 12.468425 41.829546))"
2025-09-23 07:00:00,all,67748,0.0,0.0,0.0,0.0,0.0,48.868,0.0,0.110426866,,420.0,"MULTILINESTRING ((12.469215 41.829375, 12.469585 41.830136))"
2025-09-23 07:00:00,all,67849,792.0,588.0,15.0,0.0,5.285714,68.4669,0.0,0.032892387,,420.0,"MULTILINESTRING ((12.469392 41.830417, 12.469511 41.830743))"
2025-09-23 07:00:00,all,68005,0.0,0.0,0.0,0.0,0.0,44.5,0.0,0.0807991,,420.0,"MULTILINESTRING ((12.469585 41.830136, 12.469828 41.830644))"
2025-09-23 07:00:00,all,67795,792.0,792.0,0.0,0.0,0.0,68.468,0.0,0.015865806,,420.0,"MULTILINESTRING ((12.469266 41.830284, 12.469392 41.830417))"
2025-09-23 07:00:00,all,67796,0.0,0.0,0.0,0.0,0.0,47.468,0.0,0.021421168,,420.0,"MULTILINESTRING ((12.469266 41.830284, 12.46947 41.830284))"
2025-09-23 07:00:00,all,67928,0.0,0.0,0.0,0.0,0.0,47.468,0.0,0.020389738,,420.0,"MULTILINESTRING ((12.46947 41.830284, 12.469392 41.830417))"
2025-09-23 07:00:00,all,67968,0.0,0.0,0.0,0.0,0.0,47.468,0.0,0.039357465,,420.0,"MULTILINESTRING ((12.469558 41.832102, 12.469905 41.831996))"
2025-09-23 07:00:00,all,68355,372.0,372.0,0.0,2.1666667,0.0,65.5972,5.4096613,0.12211436,,420.0,"MULTILINESTRING ((12.470145 41.831929, 12.470226 41.832092, 12.470261 41.832172, 12.470689 41.83306))"
2025-09-23 07:00:00,all,68524,60.0,60.0,0.0,1.5,0.0,45.82699,14.231094,0.13800122,,420.0,"MULTILINESTRING ((12.470458 41.831846, 12.471627 41.831477))"
2025-09-23 07:00:00,all,68354,0.0,0.0,0.0,0.0,0.0,47.468,0.0,0.03487023,,420.0,"MULTILINESTRING ((12.470145 41.831929, 12.470458 41.831846))"
2025-09-23 07:00:00,all,68558,0.0,0.0,0.0,0.0,0.0,68.468,0.0,0.014696792,,420.0,"MULTILINESTRING ((12.470509 41.833089, 12.470618 41.833041, 12.470689 41.83306))"
2025-09-23 07:00:00,all,67666,0.0,0.0,0.0,0.0,0.0,43.1,0.0,0.1555601,,420.0,"MULTILINESTRING ((12.469133 41.833546, 12.469334 41.833505, 12.47016 41.833433, 12.470464 41.833454))"
2025-09-23 07:00:00,all,69302,312.0,312.0,0.0,0.0,0.0,68.468,0.0,0.09155722,,420.0,"MULTILINESTRING ((12.471606 41.834877, 12.471795 41.835222, 12.472081 41.835748))"
2025-09-23 07:00:00,all,69406,0.0,0.0,0.0,0.0,0.0,52.9,0.0,0.047914933,,420.0,"MULTILINESTRING ((12.471761 41.834836, 12.471947 41.83519))"
2025-09-23 07:00:00,all,67564,96.0,96.0,0.0,0.0,0.0,52.9,0.0,0.014150472,,420.0,"MULTILINESTRING ((12.468956 41.835743, 12.469069 41.835817))"
2025-09-23 07:00:00,all,67753,60.0,60.0,0.0,0.0,0.0,52.9,0.0,0.08508544,,420.0,"MULTILINESTRING ((12.469246 41.836513, 12.468955 41.83588, 12.468955 41.835874))"
2025-09-23 07:00:00,all,67139,108.0,108.0,0.0,0.0,0.0,60.7,0.0,0.045033608,,420.0,"MULTILINESTRING ((12.468221 41.83568, 12.468484 41.835602, 12.468741 41.835652))"
2025-09-23 07:00:00,all,67563,60.0,60.0,0.0,0.0,0.0,52.9,0.0,0.016502835,,420.0,"MULTILINESTRING ((12.468955 41.835874, 12.468956 41.835743))"
2025-09-23 07:00:00,all,67837,96.0,96.0,0.0,0.0,0.0,50.1,0.0,0.09628263,,420.0,"MULTILINESTRING ((12.46937 41.836453, 12.46948 41.836685, 12.469515 41.836777, 12.469588 41.836898, 12.469737 41.837121))"
2025-09-23 07:00:00,all,68924,372.0,372.0,0.0,0.0,0.0,64.1,0.0,0.020704214,,420.0,"MULTILINESTRING ((12.471019 41.833242, 12.47107 41.833358, 12.471113 41.833428))"
2025-09-23 07:00:00,all,68992,264.0,156.0,9.0,0.85714287,3.5714285,14.399843,2.3878033,0.5070305,,420.0,"MULTILINESTRING ((12.471118 41.833844, 12.471606 41.834877))"
2025-09-23 07:00:00,all,69021,156.0,156.0,0.0,1.6666666,0.0,56.185223,6.026768,0.14766018,,420.0,"MULTILINESTRING ((12.471185 41.833668, 12.471761 41.834836))"
2025-09-23 07:00:00,all,68991,480.0,480.0,0.0,0.0,0.0,71.9,0.0,0.022899305,,420.0,"MULTILINESTRING ((12.471113 41.833428, 12.471136 41.833472, 12.471169 41.833569, 12.471185 41.833668))"
2025-09-23 07:00:00,all,69181,0.0,0.0,0.0,0.0,0.0,47.468,0.0,0.15735275,,420.0,"MULTILINESTRING ((12.471437 41.835327, 12.471364 41.835349, 12.471248 41.835381, 12.471163 41.835432, 12.471067 41.835526, 12.471043 41.835636, 12.471073 41.835751, 12.471146 41.835828, 12.471297 41.835878, 12.471449 41.835876, 12.471594 41.835871, 12.471722 41.835839))"
2025-09-23 07:00:00,all,69444,0.0,0.0,0.0,0.0,0.0,65.668,0.0,0.01568892,,420.0,"MULTILINESTRING ((12.471851 41.836116, 12.471876 41.836025, 12.471878 41.83601, 12.471885 41.835998, 12.471898 41.835986, 12.471919 41.835977))"
2025-09-23 07:00:00,all,69465,0.0,0.0,0.0,0.0,0.0,65.668,0.0,0.0038703785,,420.0,"MULTILINESTRING ((12.471919 41.835977, 12.471955 41.83595))"
2025-09-23 07:00:00,all,69718,0.0,0.0,0.0,0.0,0.0,43.1,0.0,0.1285754,,420.0,"MULTILINESTRING ((12.472296 41.831286, 12.473335 41.83099))"
2025-09-23 07:00:00,all,69906,12.0,12.0,0.0,0.0,0.0,43.1,0.0,0.05162784,,420.0,"MULTILINESTRING ((12.472617 41.832942, 12.472797 41.832689, 12.472853 41.832667))"
2025-09-23 07:00:00,all,69868,84.0,84.0,0.0,0.0,0.0,60.7,0.0,0.03002669,,420.0,"MULTILINESTRING ((12.472504 41.836535, 12.472752 41.836736))"
2025-09-23 07:00:00,all,70766,0.0,0.0,0.0,0.0,0.0,50.9,0.0,0.114734374,,420.0,"MULTILINESTRING ((12.473912 41.835876, 12.475007 41.835564))"
2025-09-23 07:00:00,all,70301,168.0,168.0,0.0,0.0,0.0,58.5,0.0,0.09971897,,420.0,"MULTILINESTRING ((12.47326 41.834393, 12.473013 41.833857, 12.47339 41.833732))"
2025-09-23 07:00:00,all,70384,12.0,12.0,0.0,0.0,0.0,58.5,0.0,0.008341538,,420.0,"MULTILINESTRING ((12.47339 41.833732, 12.473481 41.833705))"
2025-09-23 07:00:00,all,69640,312.0,312.0,0.0,0.0,0.0,68.468,0.0,0.066714376,,420.0,"MULTILINESTRING ((12.472169 41.835897, 12.472504 41.836535))"
2025-09-23 07:00:00,all,69841,0.0,0.0,0.0,0.0,0.0,57.268,0.0,0.015308025,,420.0,"MULTILINESTRING ((12.472465 41.836161, 12.472534 41.836282))"
2025-09-23 07:00:00,all,70235,0.0,0.0,0.0,0.0,0.0,54.468,0.0,0.022307778,,420.0,"MULTILINESTRING ((12.47313 41.83851, 12.473207 41.838337))"
2025-09-23 07:00:00,all,69671,0.0,0.0,0.0,0.0,0.0,57.268,0.0,0.0118380245,,420.0,"MULTILINESTRING ((12.472176 41.835616, 12.472217 41.835713))"
2025-09-23 07:00:00,all,69723,0.0,0.0,0.0,0.0,0.0,57.268,0.0,0.024871482,,420.0,"MULTILINESTRING ((12.472299 41.835856, 12.472416 41.836051))"
2025-09-23 07:00:00,all,69639,0.0,0.0,0.0,0.0,0.0,65.668,0.0,0.010708412,,420.0,"MULTILINESTRING ((12.472169 41.835897, 12.472299 41.835856))"
2025-09-23 07:00:00,all,69694,0.0,0.0,0.0,0.0,0.0,57.268,0.0,0.018106446,,420.0,"MULTILINESTRING ((12.472217 41.835713, 12.472299 41.835856))"
2025-09-23 07:00:00,all,69805,0.0,0.0,0.0,0.0,0.0,57.268,0.0,0.013492351,,420.0,"MULTILINESTRING ((12.472416 41.836051, 12.472465 41.836161))"
2025-09-23 07:00:00,all,69737,0.0,0.0,0.0,0.0,0.0,48.868,0.0,0.045015965,,420.0,"MULTILINESTRING ((12.472296 41.836957, 12.472332 41.836628))"
2025-09-23 07:00:00,all,69867,228.0,228.0,0.0,0.0,0.0,69.1,0.0,0.024633866,,420.0,"MULTILINESTRING ((12.472504 41.836535, 12.472628 41.836773))"
2025-09-23 07:00:00,all,69920,12.0,12.0,0.0,0.0,0.0,60.7,0.0,0.0120583195,,420.0,"MULTILINESTRING ((12.472609 41.836421, 12.47266 41.836524))"
2025-09-23 07:00:00,all,69954,12.0,12.0,0.0,0.0,0.0,60.7,0.0,0.02447051,,420.0,"MULTILINESTRING ((12.47266 41.836524, 12.472752 41.836736))"
2025-09-23 07:00:00,all,69889,12.0,12.0,0.0,0.0,0.0,60.7,0.0,0.016456014,,420.0,"MULTILINESTRING ((12.472534 41.836282, 12.472609 41.836421))"
2025-09-23 07:00:00,all,69942,228.0,228.0,0.0,0.0,0.0,66.3,0.0,0.033779185,,420.0,"MULTILINESTRING ((12.472628 41.836773, 12.472761 41.837094))"
2025-09-23 07:00:00,all,70026,96.0,96.0,0.0,0.0,0.0,57.9,0.0,0.02938549,,420.0,"MULTILINESTRING ((12.472789 41.836805, 12.472861 41.836969, 12.472889 41.837049))"
2025-09-23 07:00:00,all,70008,96.0,96.0,0.0,0.0,0.0,57.9,0.0,0.008556476,,420.0,"MULTILINESTRING ((12.472752 41.836736, 12.472789 41.836805))"
2025-09-23 07:00:00,all,68439,432.0,384.0,0.0,2.642857,0.0,56.398823,4.366814,0.32192907,,420.0,"MULTILINESTRING ((12.470346 41.842316, 12.471877 41.84188, 12.472339 41.841749, 12.472729 41.841638, 12.47376 41.841365))"
2025-09-23 07:00:00,all,69402,336.0,336.0,0.0,0.0,0.0,50.1,0.0,0.08837485,,420.0,"MULTILINESTRING ((12.471791 41.841736, 12.472206 41.841618, 12.472418 41.841556, 12.472621 41.841499))"
2025-09-23 07:00:00,all,69632,288.0,288.0,0.0,1.3235294,0.0,48.94819,8.468908,0.19156703,,420.0,"MULTILINESTRING ((12.472163 41.841991, 12.470779 41.842406, 12.470626 41.842402, 12.470575 41.842399, 12.470502 41.842395, 12.470389 41.842392))"
2025-09-23 07:00:00,all,69908,300.0,288.0,0.0,1.25,0.0,48.22348,6.965263,0.111643955,,420.0,"MULTILINESTRING ((12.472621 41.841499, 12.473534 41.841228, 12.473594 41.84117))"
2025-09-23 07:00:00,all,70650,252.0,252.0,0.0,0.0,0.0,57.9,0.0,0.069994815,,420.0,"MULTILINESTRING ((12.47376 41.841365, 12.474336 41.841168, 12.474504 41.84112))"
2025-09-23 07:00:00,all,70651,132.0,120.0,1.0,1.25,0.16666667,32.14981,11.257602,0.20787184,,420.0,"MULTILINESTRING ((12.47376 41.841365, 12.473885 41.841243, 12.473992 41.841106, 12.474082 41.840968, 12.474126 41.840854, 12.474144 41.840733, 12.474158 41.840645, 12.474165 41.840556, 12.474147 41.840438))"
2025-09-23 07:00:00,all,70951,156.0,156.0,0.0,1.4642857,0.0,53.980583,2.5083265,0.3244333,,420.0,"MULTILINESTRING ((12.474187 41.839673, 12.474882 41.841006, 12.474933 41.841105, 12.475465 41.842121))"
2025-09-23 07:00:00,all,70995,432.0,408.0,0.0,2.9268293,0.0,62.247517,2.564007,0.36676353,,420.0,"MULTILINESTRING ((12.474281 41.840048, 12.474778 41.841035, 12.474828 41.841127, 12.47498 41.841442, 12.475244 41.841935, 12.475624 41.842691, 12.475909 41.84325))"
2025-09-23 07:00:00,all,68161,36.0,36.0,0.0,0.875,0.0,49.88877,2.5215557,0.20866899,,420.0,"MULTILINESTRING ((12.469845 41.842304, 12.471791 41.841736))"
2025-09-23 07:00:00,all,68438,312.0,300.0,1.0,1.5806452,0.032258064,41.733147,11.582858,0.19634753,,420.0,"MULTILINESTRING ((12.470346 41.842316, 12.470507 41.842218, 12.471791 41.841736))"
